Category,Mean_Abs_SHAP
IHSG_Lags,0.7738764292060099
USD/IDR,0.02747287745930177
NPL_Ratio,0.022251169573795478
M2_YoY,0.009686971988266709
BI_Rate,0.0072661375298092735
Inflation_YoY,0.005917039653191218
