Model,Covariates,Window,Horizon,Fold,mape,mae,rmse,r2,da,mase,hit_large,train_end_date,test_start_date,test_end_date,regime_flags
RandomForest,Baseline,20,1,0,0.8162,44.2712,64.6277,0.9914,51.29,1.3539,42.47,2019-02-13,2019-02-15,2020-08-12,covid_crash
RandomForest,Baseline,20,1,1,0.7949,43.4897,58.8217,0.99,51.8,1.2523,48.94,2020-03-26,2020-03-30,2021-09-23,covid_crash
RandomForest,Baseline,20,1,2,0.5699,37.857,48.64,0.9868,53.09,1.0286,54.72,2021-05-07,2021-05-11,2022-11-04,rate_hike_cycle_2022
RandomForest,Baseline,20,1,3,0.4743,32.6497,43.0519,0.9242,53.87,0.8813,47.52,2022-06-20,2022-06-22,2023-12-18,rate_hike_cycle_2022
RandomForest,Baseline,20,1,4,0.5469,39.3251,52.0166,0.9576,52.58,1.0768,48.65,2023-08-01,2023-08-03,2025-01-28,
RandomForest,Baseline,20,5,0,1.4386,77.2049,125.7218,0.9674,49.48,2.3611,47.22,2019-02-13,2019-02-21,2020-08-18,covid_crash
RandomForest,Baseline,20,5,1,1.2232,67.5391,97.7606,0.9717,50.78,1.9518,59.78,2020-03-25,2020-04-02,2021-09-28,covid_crash
RandomForest,Baseline,20,5,2,0.8991,59.8866,80.7433,0.9633,54.95,1.6265,59.43,2021-05-05,2021-05-13,2022-11-08,rate_hike_cycle_2022
RandomForest,Baseline,20,5,3,0.7892,54.1877,74.6342,0.769,52.86,1.4645,52.53,2022-06-15,2022-06-23,2023-12-19,rate_hike_cycle_2022
RandomForest,Baseline,20,5,4,0.9135,65.6985,86.0558,0.885,48.18,1.7986,51.82,2023-07-26,2023-08-03,2025-01-28,
RandomForest,Baseline,20,20,0,2.5509,133.8494,228.0186,0.8917,50.66,4.0934,52.11,2019-02-13,2019-03-14,2020-09-08,covid_crash
RandomForest,Baseline,20,20,1,2.6155,145.9101,193.6746,0.882,46.97,4.2494,48.94,2020-03-20,2020-04-20,2021-10-14,covid_crash
RandomForest,Baseline,20,20,2,1.9677,132.4195,177.6449,0.8079,49.08,3.5913,50.0,2021-04-27,2021-05-26,2022-11-21,rate_hike_cycle_2022
RandomForest,Baseline,20,20,3,1.4207,97.6199,129.4585,0.3153,50.4,2.645,48.45,2022-06-02,2022-07-01,2023-12-27,rate_hike_cycle_2022
RandomForest,Baseline,20,20,4,1.5077,109.1013,161.9779,0.5926,50.4,2.9815,49.54,2023-07-10,2023-08-08,2025-01-31,
RandomForest,Baseline,120,1,0,0.825,44.732,64.3714,0.9914,47.68,1.368,43.84,2019-02-13,2019-02-15,2020-08-12,covid_crash
RandomForest,Baseline,120,1,1,0.8005,43.7573,59.0719,0.9899,46.13,1.26,43.62,2020-03-26,2020-03-30,2021-09-23,covid_crash
RandomForest,Baseline,120,1,2,0.57,37.8586,48.6943,0.9868,52.32,1.0286,52.83,2021-05-07,2021-05-11,2022-11-04,rate_hike_cycle_2022
RandomForest,Baseline,120,1,3,0.4744,32.6599,43.076,0.9241,54.12,0.8816,46.53,2022-06-20,2022-06-22,2023-12-18,rate_hike_cycle_2022
RandomForest,Baseline,120,1,4,0.5468,39.3187,52.0191,0.9576,52.58,1.0766,47.75,2023-08-01,2023-08-03,2025-01-28,
RandomForest,Baseline,120,5,0,1.4351,77.1579,124.6199,0.968,48.7,2.3596,51.39,2019-02-13,2019-02-21,2020-08-18,covid_crash
RandomForest,Baseline,120,5,1,1.1988,66.2286,95.1281,0.9732,52.34,1.9139,61.96,2020-03-25,2020-04-02,2021-09-28,covid_crash
RandomForest,Baseline,120,5,2,0.8953,59.6359,80.5194,0.9635,55.21,1.6196,60.38,2021-05-05,2021-05-13,2022-11-08,rate_hike_cycle_2022
RandomForest,Baseline,120,5,3,0.789,54.1643,74.7187,0.7685,52.6,1.4638,52.53,2022-06-15,2022-06-23,2023-12-19,rate_hike_cycle_2022
RandomForest,Baseline,120,5,4,0.9125,65.6188,86.0047,0.8851,48.7,1.7964,51.82,2023-07-26,2023-08-03,2025-01-28,
RandomForest,Baseline,120,20,0,2.6485,139.128,233.9102,0.886,51.72,4.2548,52.11,2019-02-13,2019-03-14,2020-09-08,covid_crash
RandomForest,Baseline,120,20,1,2.6449,147.2805,192.3986,0.8835,45.38,4.2893,44.68,2020-03-20,2020-04-20,2021-10-14,covid_crash
RandomForest,Baseline,120,20,2,1.9415,130.5515,176.9121,0.8095,49.34,3.5406,48.08,2021-04-27,2021-05-26,2022-11-21,rate_hike_cycle_2022
RandomForest,Baseline,120,20,3,1.4222,97.6546,130.32,0.3061,51.45,2.6459,49.48,2022-06-02,2022-07-01,2023-12-27,rate_hike_cycle_2022
RandomForest,Baseline,120,20,4,1.513,109.3859,161.7265,0.5939,49.87,2.9893,50.46,2023-07-10,2023-08-08,2025-01-31,
RandomForest,BI_Rate,20,1,0,0.8181,44.3636,64.3812,0.9914,48.71,1.3567,46.58,2019-02-13,2019-02-15,2020-08-12,covid_crash
RandomForest,BI_Rate,20,1,1,0.7919,43.3394,58.8189,0.99,49.48,1.2479,50.0,2020-03-26,2020-03-30,2021-09-23,covid_crash
RandomForest,BI_Rate,20,1,2,0.5719,37.9921,48.7947,0.9867,48.71,1.0323,47.17,2021-05-07,2021-05-11,2022-11-04,rate_hike_cycle_2022
RandomForest,BI_Rate,20,1,3,0.4757,32.7554,43.1522,0.9238,51.29,0.8842,42.57,2022-06-20,2022-06-22,2023-12-18,rate_hike_cycle_2022
RandomForest,BI_Rate,20,1,4,0.5464,39.2946,51.9935,0.9576,53.09,1.076,49.55,2023-08-01,2023-08-03,2025-01-28,
RandomForest,BI_Rate,20,5,0,1.4376,77.1723,125.2049,0.9677,49.22,2.3601,47.22,2019-02-13,2019-02-21,2020-08-18,covid_crash
RandomForest,BI_Rate,20,5,1,1.2154,67.1725,96.5629,0.9724,51.56,1.9412,61.96,2020-03-25,2020-04-02,2021-09-28,covid_crash
RandomForest,BI_Rate,20,5,2,0.8992,59.8908,80.7618,0.9633,54.69,1.6266,57.55,2021-05-05,2021-05-13,2022-11-08,rate_hike_cycle_2022
RandomForest,BI_Rate,20,5,3,0.7896,54.2148,74.6498,0.7689,52.86,1.4652,51.52,2022-06-15,2022-06-23,2023-12-19,rate_hike_cycle_2022
RandomForest,BI_Rate,20,5,4,0.9136,65.7052,86.0812,0.8849,48.7,1.7988,51.82,2023-07-26,2023-08-03,2025-01-28,
RandomForest,BI_Rate,20,20,0,2.5504,133.7486,228.7193,0.891,50.66,4.0903,52.11,2019-02-13,2019-03-14,2020-09-08,covid_crash
RandomForest,BI_Rate,20,20,1,2.6481,147.753,194.0219,0.8815,46.7,4.3031,47.87,2020-03-20,2020-04-20,2021-10-14,covid_crash
RandomForest,BI_Rate,20,20,2,1.9674,132.3979,177.6059,0.808,49.08,3.5907,50.0,2021-04-27,2021-05-26,2022-11-21,rate_hike_cycle_2022
RandomForest,BI_Rate,20,20,3,1.421,97.64,129.5506,0.3143,50.4,2.6455,48.45,2022-06-02,2022-07-01,2023-12-27,rate_hike_cycle_2022
RandomForest,BI_Rate,20,20,4,1.5117,109.4061,162.5311,0.5898,50.4,2.9899,49.54,2023-07-10,2023-08-08,2025-01-31,
RandomForest,BI_Rate,120,1,0,0.8168,44.334,64.1462,0.9915,50.77,1.3558,46.58,2019-02-13,2019-02-15,2020-08-12,covid_crash
RandomForest,BI_Rate,120,1,1,0.7912,43.2954,58.4183,0.9901,47.94,1.2467,45.74,2020-03-26,2020-03-30,2021-09-23,covid_crash
RandomForest,BI_Rate,120,1,2,0.5711,37.937,48.7315,0.9868,52.06,1.0308,50.94,2021-05-07,2021-05-11,2022-11-04,rate_hike_cycle_2022
RandomForest,BI_Rate,120,1,3,0.4751,32.7127,43.0377,0.9242,53.87,0.883,48.51,2022-06-20,2022-06-22,2023-12-18,rate_hike_cycle_2022
RandomForest,BI_Rate,120,1,4,0.5462,39.2775,51.9183,0.9577,53.61,1.0755,53.15,2023-08-01,2023-08-03,2025-01-28,
RandomForest,BI_Rate,120,5,0,1.4241,76.5999,123.9909,0.9683,48.44,2.3426,50.0,2019-02-13,2019-02-21,2020-08-18,covid_crash
RandomForest,BI_Rate,120,5,1,1.1885,65.7415,93.5488,0.9741,52.6,1.8998,60.87,2020-03-25,2020-04-02,2021-09-28,covid_crash
RandomForest,BI_Rate,120,5,2,0.8963,59.7017,80.5733,0.9635,54.95,1.6214,60.38,2021-05-05,2021-05-13,2022-11-08,rate_hike_cycle_2022
RandomForest,BI_Rate,120,5,3,0.7896,54.2101,74.7703,0.7681,52.6,1.4651,52.53,2022-06-15,2022-06-23,2023-12-19,rate_hike_cycle_2022
RandomForest,BI_Rate,120,5,4,0.9131,65.6635,86.0748,0.8849,48.44,1.7977,51.82,2023-07-26,2023-08-03,2025-01-28,
RandomForest,BI_Rate,120,20,0,2.646,139.0155,233.8237,0.8861,51.19,4.2514,53.52,2019-02-13,2019-03-14,2020-09-08,covid_crash
RandomForest,BI_Rate,120,20,1,2.6082,145.4918,190.1531,0.8862,46.7,4.2372,45.74,2020-03-20,2020-04-20,2021-10-14,covid_crash
RandomForest,BI_Rate,120,20,2,1.9445,130.7414,177.1489,0.809,49.6,3.5458,48.08,2021-04-27,2021-05-26,2022-11-21,rate_hike_cycle_2022
RandomForest,BI_Rate,120,20,3,1.4225,97.6649,130.422,0.305,50.92,2.6462,49.48,2022-06-02,2022-07-01,2023-12-27,rate_hike_cycle_2022
RandomForest,BI_Rate,120,20,4,1.5135,109.4191,161.7578,0.5937,49.87,2.9902,50.46,2023-07-10,2023-08-08,2025-01-31,
RandomForest,CPI,20,1,0,0.8139,44.1416,64.4205,0.9914,52.32,1.3499,47.95,2019-02-13,2019-02-15,2020-08-12,covid_crash
RandomForest,CPI,20,1,1,0.7898,43.2229,58.6454,0.99,51.03,1.2446,51.06,2020-03-26,2020-03-30,2021-09-23,covid_crash
RandomForest,CPI,20,1,2,0.5706,37.9004,48.73,0.9868,50.26,1.0298,50.94,2021-05-07,2021-05-11,2022-11-04,rate_hike_cycle_2022
RandomForest,CPI,20,1,3,0.4742,32.6449,43.0459,0.9242,53.87,0.8812,48.51,2022-06-20,2022-06-22,2023-12-18,rate_hike_cycle_2022
RandomForest,CPI,20,1,4,0.5462,39.2801,51.9976,0.9576,51.55,1.0756,46.85,2023-08-01,2023-08-03,2025-01-28,
RandomForest,CPI,20,5,0,1.4289,76.749,124.526,0.968,49.22,2.3471,48.61,2019-02-13,2019-02-21,2020-08-18,covid_crash
RandomForest,CPI,20,5,1,1.215,67.0936,96.7181,0.9723,52.86,1.9389,60.87,2020-03-25,2020-04-02,2021-09-28,covid_crash
RandomForest,CPI,20,5,2,0.8985,59.8434,80.7933,0.9633,54.69,1.6253,58.49,2021-05-05,2021-05-13,2022-11-08,rate_hike_cycle_2022
RandomForest,CPI,20,5,3,0.7897,54.2194,74.7421,0.7683,53.12,1.4653,53.54,2022-06-15,2022-06-23,2023-12-19,rate_hike_cycle_2022
RandomForest,CPI,20,5,4,0.9132,65.6783,86.0686,0.8849,48.7,1.7981,51.82,2023-07-26,2023-08-03,2025-01-28,
RandomForest,CPI,20,20,0,2.5508,133.7941,227.9645,0.8917,51.45,4.0917,52.11,2019-02-13,2019-03-14,2020-09-08,covid_crash
RandomForest,CPI,20,20,1,2.6255,146.4272,192.8653,0.8829,46.7,4.2645,46.81,2020-03-20,2020-04-20,2021-10-14,covid_crash
RandomForest,CPI,20,20,2,1.9715,132.6913,177.7918,0.8076,49.34,3.5987,50.0,2021-04-27,2021-05-26,2022-11-21,rate_hike_cycle_2022
RandomForest,CPI,20,20,3,1.4228,97.7721,129.5331,0.3145,50.4,2.6491,48.45,2022-06-02,2022-07-01,2023-12-27,rate_hike_cycle_2022
RandomForest,CPI,20,20,4,1.5094,109.2381,162.498,0.59,50.13,2.9853,49.54,2023-07-10,2023-08-08,2025-01-31,
RandomForest,CPI,120,1,0,0.8157,44.2791,63.8721,0.9916,51.55,1.3541,50.68,2019-02-13,2019-02-15,2020-08-12,covid_crash
RandomForest,CPI,120,1,1,0.7843,42.9534,58.0096,0.9903,49.48,1.2368,45.74,2020-03-26,2020-03-30,2021-09-23,covid_crash
RandomForest,CPI,120,1,2,0.5681,37.7424,48.5322,0.9869,54.12,1.0255,53.77,2021-05-07,2021-05-11,2022-11-04,rate_hike_cycle_2022
RandomForest,CPI,120,1,3,0.4758,32.7611,43.1853,0.9237,53.09,0.8843,45.54,2022-06-20,2022-06-22,2023-12-18,rate_hike_cycle_2022
RandomForest,CPI,120,1,4,0.5468,39.3186,51.9923,0.9576,53.87,1.0766,50.45,2023-08-01,2023-08-03,2025-01-28,
RandomForest,CPI,120,5,0,1.419,76.3657,123.6016,0.9685,47.92,2.3354,50.0,2019-02-13,2019-02-21,2020-08-18,covid_crash
RandomForest,CPI,120,5,1,1.1864,65.6111,93.7608,0.974,53.12,1.8961,61.96,2020-03-25,2020-04-02,2021-09-28,covid_crash
RandomForest,CPI,120,5,2,0.8963,59.7089,80.6156,0.9635,54.17,1.6216,58.49,2021-05-05,2021-05-13,2022-11-08,rate_hike_cycle_2022
RandomForest,CPI,120,5,3,0.7903,54.2563,75.0167,0.7666,52.34,1.4663,52.53,2022-06-15,2022-06-23,2023-12-19,rate_hike_cycle_2022
RandomForest,CPI,120,5,4,0.9128,65.6427,86.066,0.8849,48.96,1.7971,51.82,2023-07-26,2023-08-03,2025-01-28,
RandomForest,CPI,120,20,0,2.6421,138.8463,233.2792,0.8866,50.92,4.2462,49.3,2019-02-13,2019-03-14,2020-09-08,covid_crash
RandomForest,CPI,120,20,1,2.602,145.0842,190.1279,0.8862,45.91,4.2254,45.74,2020-03-20,2020-04-20,2021-10-14,covid_crash
RandomForest,CPI,120,20,2,1.9343,130.0533,176.2829,0.8108,49.08,3.5271,46.15,2021-04-27,2021-05-26,2022-11-21,rate_hike_cycle_2022
RandomForest,CPI,120,20,3,1.4202,97.5065,130.5547,0.3036,51.45,2.6419,49.48,2022-06-02,2022-07-01,2023-12-27,rate_hike_cycle_2022
RandomForest,CPI,120,20,4,1.5134,109.3902,161.6275,0.5944,49.08,2.9894,50.46,2023-07-10,2023-08-08,2025-01-31,
RandomForest,M2,20,1,0,0.8159,44.237,64.2557,0.9915,50.52,1.3529,45.21,2019-02-13,2019-02-15,2020-08-12,covid_crash
RandomForest,M2,20,1,1,0.7924,43.3431,58.7525,0.99,51.29,1.248,43.62,2020-03-26,2020-03-30,2021-09-23,covid_crash
RandomForest,M2,20,1,2,0.5696,37.833,48.6563,0.9868,50.77,1.028,51.89,2021-05-07,2021-05-11,2022-11-04,rate_hike_cycle_2022
RandomForest,M2,20,1,3,0.4762,32.7857,43.1189,0.9239,53.35,0.885,48.51,2022-06-20,2022-06-22,2023-12-18,rate_hike_cycle_2022
RandomForest,M2,20,1,4,0.5476,39.383,52.0631,0.9575,50.52,1.0784,47.75,2023-08-01,2023-08-03,2025-01-28,
RandomForest,M2,20,5,0,1.4307,76.8096,124.4642,0.968,50.0,2.349,51.39,2019-02-13,2019-02-21,2020-08-18,covid_crash
RandomForest,M2,20,5,1,1.2003,66.3978,94.8978,0.9734,50.78,1.9188,58.7,2020-03-25,2020-04-02,2021-09-28,covid_crash
RandomForest,M2,20,5,2,0.8996,59.9266,80.8441,0.9632,54.95,1.6275,59.43,2021-05-05,2021-05-13,2022-11-08,rate_hike_cycle_2022
RandomForest,M2,20,5,3,0.7899,54.2356,74.6962,0.7686,52.86,1.4657,52.53,2022-06-15,2022-06-23,2023-12-19,rate_hike_cycle_2022
RandomForest,M2,20,5,4,0.9132,65.6797,86.063,0.885,48.44,1.7981,51.82,2023-07-26,2023-08-03,2025-01-28,
RandomForest,M2,20,20,0,2.5478,133.6528,227.9882,0.8917,51.19,4.0874,52.11,2019-02-13,2019-03-14,2020-09-08,covid_crash
RandomForest,M2,20,20,1,2.6268,146.4671,193.4226,0.8823,46.17,4.2656,46.81,2020-03-20,2020-04-20,2021-10-14,covid_crash
RandomForest,M2,20,20,2,2.0155,135.7516,179.8809,0.803,48.28,3.6817,47.12,2021-04-27,2021-05-26,2022-11-21,rate_hike_cycle_2022
RandomForest,M2,20,20,3,1.4142,97.1789,129.2029,0.318,50.66,2.633,48.45,2022-06-02,2022-07-01,2023-12-27,rate_hike_cycle_2022
RandomForest,M2,20,20,4,1.5075,109.0752,161.8807,0.5931,50.4,2.9808,49.54,2023-07-10,2023-08-08,2025-01-31,
RandomForest,M2,120,1,0,0.8158,44.2673,64.001,0.9915,52.06,1.3538,49.32,2019-02-13,2019-02-15,2020-08-12,covid_crash
RandomForest,M2,120,1,1,0.7896,43.2368,58.2989,0.9902,50.77,1.245,46.81,2020-03-26,2020-03-30,2021-09-23,covid_crash
RandomForest,M2,120,1,2,0.5695,37.8304,48.6225,0.9868,53.35,1.0279,52.83,2021-05-07,2021-05-11,2022-11-04,rate_hike_cycle_2022
RandomForest,M2,120,1,3,0.4753,32.7209,43.0792,0.9241,55.93,0.8832,50.5,2022-06-20,2022-06-22,2023-12-18,rate_hike_cycle_2022
RandomForest,M2,120,1,4,0.5473,39.357,52.0277,0.9575,50.52,1.0777,46.85,2023-08-01,2023-08-03,2025-01-28,
RandomForest,M2,120,5,0,1.4187,76.3757,123.5429,0.9685,48.7,2.3357,51.39,2019-02-13,2019-02-21,2020-08-18,covid_crash
RandomForest,M2,120,5,1,1.1948,66.1066,93.9682,0.9739,51.3,1.9104,58.7,2020-03-25,2020-04-02,2021-09-28,covid_crash
RandomForest,M2,120,5,2,0.8934,59.5019,80.5131,0.9635,55.47,1.616,61.32,2021-05-05,2021-05-13,2022-11-08,rate_hike_cycle_2022
RandomForest,M2,120,5,3,0.7888,54.1559,74.748,0.7683,52.6,1.4636,53.54,2022-06-15,2022-06-23,2023-12-19,rate_hike_cycle_2022
RandomForest,M2,120,5,4,0.9128,65.6385,86.0843,0.8849,48.96,1.797,51.82,2023-07-26,2023-08-03,2025-01-28,
RandomForest,M2,120,20,0,2.6357,138.4633,233.435,0.8865,50.4,4.2345,50.7,2019-02-13,2019-03-14,2020-09-08,covid_crash
RandomForest,M2,120,20,1,2.6092,145.4358,190.7301,0.8855,45.91,4.2356,44.68,2020-03-20,2020-04-20,2021-10-14,covid_crash
RandomForest,M2,120,20,2,1.9669,132.3268,177.9174,0.8073,48.55,3.5888,46.15,2021-04-27,2021-05-26,2022-11-21,rate_hike_cycle_2022
RandomForest,M2,120,20,3,1.416,97.2357,129.891,0.3107,51.19,2.6346,49.48,2022-06-02,2022-07-01,2023-12-27,rate_hike_cycle_2022
RandomForest,M2,120,20,4,1.5117,109.2837,161.3081,0.596,49.34,2.9865,50.46,2023-07-10,2023-08-08,2025-01-31,
RandomForest,NPL_Ratio,20,1,0,0.8151,44.1885,64.3502,0.9915,52.58,1.3514,43.84,2019-02-13,2019-02-15,2020-08-12,covid_crash
RandomForest,NPL_Ratio,20,1,1,0.7894,43.2093,58.3591,0.9901,53.61,1.2442,46.81,2020-03-26,2020-03-30,2021-09-23,covid_crash
RandomForest,NPL_Ratio,20,1,2,0.5696,37.8345,48.6364,0.9868,53.09,1.028,51.89,2021-05-07,2021-05-11,2022-11-04,rate_hike_cycle_2022
RandomForest,NPL_Ratio,20,1,3,0.4747,32.6809,43.0469,0.9242,53.35,0.8822,51.49,2022-06-20,2022-06-22,2023-12-18,rate_hike_cycle_2022
RandomForest,NPL_Ratio,20,1,4,0.5472,39.3525,52.0275,0.9575,51.29,1.0776,50.45,2023-08-01,2023-08-03,2025-01-28,
RandomForest,NPL_Ratio,20,5,0,1.4273,76.6472,124.6939,0.9679,48.96,2.344,47.22,2019-02-13,2019-02-21,2020-08-18,covid_crash
RandomForest,NPL_Ratio,20,5,1,1.2014,66.4155,95.4222,0.9731,52.08,1.9193,61.96,2020-03-25,2020-04-02,2021-09-28,covid_crash
RandomForest,NPL_Ratio,20,5,2,0.8984,59.8403,80.7101,0.9634,54.69,1.6252,59.43,2021-05-05,2021-05-13,2022-11-08,rate_hike_cycle_2022
RandomForest,NPL_Ratio,20,5,3,0.7889,54.1646,74.6296,0.769,52.86,1.4638,52.53,2022-06-15,2022-06-23,2023-12-19,rate_hike_cycle_2022
RandomForest,NPL_Ratio,20,5,4,0.9126,65.6283,85.9963,0.8851,48.44,1.7967,51.82,2023-07-26,2023-08-03,2025-01-28,
RandomForest,NPL_Ratio,20,20,0,2.5432,133.3217,228.2272,0.8915,51.19,4.0772,52.11,2019-02-13,2019-03-14,2020-09-08,covid_crash
RandomForest,NPL_Ratio,20,20,1,2.6227,146.1077,192.8653,0.8829,46.44,4.2552,46.81,2020-03-20,2020-04-20,2021-10-14,covid_crash
RandomForest,NPL_Ratio,20,20,2,1.962,132.0128,177.4606,0.8083,48.81,3.5803,49.04,2021-04-27,2021-05-26,2022-11-21,rate_hike_cycle_2022
RandomForest,NPL_Ratio,20,20,3,1.4193,97.5065,129.5852,0.3139,50.92,2.6419,48.45,2022-06-02,2022-07-01,2023-12-27,rate_hike_cycle_2022
RandomForest,NPL_Ratio,20,20,4,1.5091,109.1814,162.023,0.5924,50.13,2.9837,49.54,2023-07-10,2023-08-08,2025-01-31,
RandomForest,NPL_Ratio,120,1,0,0.8138,44.1405,63.9325,0.9916,50.52,1.3499,43.84,2019-02-13,2019-02-15,2020-08-12,covid_crash
RandomForest,NPL_Ratio,120,1,1,0.7868,43.0713,58.0963,0.9902,52.06,1.2402,42.55,2020-03-26,2020-03-30,2021-09-23,covid_crash
RandomForest,NPL_Ratio,120,1,2,0.5688,37.7778,48.6527,0.9868,54.38,1.0265,52.83,2021-05-07,2021-05-11,2022-11-04,rate_hike_cycle_2022
RandomForest,NPL_Ratio,120,1,3,0.4748,32.688,43.0562,0.9242,54.9,0.8823,50.5,2022-06-20,2022-06-22,2023-12-18,rate_hike_cycle_2022
RandomForest,NPL_Ratio,120,1,4,0.5471,39.3403,52.025,0.9575,51.29,1.0772,46.85,2023-08-01,2023-08-03,2025-01-28,
RandomForest,NPL_Ratio,120,5,0,1.4237,76.601,123.8969,0.9683,48.96,2.3426,50.0,2019-02-13,2019-02-21,2020-08-18,covid_crash
RandomForest,NPL_Ratio,120,5,1,1.17,64.8318,92.5275,0.9747,52.34,1.8735,64.13,2020-03-25,2020-04-02,2021-09-28,covid_crash
RandomForest,NPL_Ratio,120,5,2,0.8949,59.6155,80.4612,0.9636,54.43,1.6191,59.43,2021-05-05,2021-05-13,2022-11-08,rate_hike_cycle_2022
RandomForest,NPL_Ratio,120,5,3,0.7886,54.1396,74.7107,0.7685,51.82,1.4631,52.53,2022-06-15,2022-06-23,2023-12-19,rate_hike_cycle_2022
RandomForest,NPL_Ratio,120,5,4,0.913,65.6528,86.1059,0.8848,48.7,1.7974,51.82,2023-07-26,2023-08-03,2025-01-28,
RandomForest,NPL_Ratio,120,20,0,2.632,138.2345,233.1368,0.8867,51.19,4.2275,52.11,2019-02-13,2019-03-14,2020-09-08,covid_crash
RandomForest,NPL_Ratio,120,20,1,2.6001,144.8818,190.3571,0.886,45.65,4.2195,44.68,2020-03-20,2020-04-20,2021-10-14,covid_crash
RandomForest,NPL_Ratio,120,20,2,1.9544,131.4256,177.59,0.808,48.81,3.5643,46.15,2021-04-27,2021-05-26,2022-11-21,rate_hike_cycle_2022
RandomForest,NPL_Ratio,120,20,3,1.423,97.6843,130.5978,0.3032,51.45,2.6467,49.48,2022-06-02,2022-07-01,2023-12-27,rate_hike_cycle_2022
RandomForest,NPL_Ratio,120,20,4,1.5159,109.5765,161.9576,0.5927,49.34,2.9945,50.46,2023-07-10,2023-08-08,2025-01-31,
RandomForest,USDIDR,20,1,0,0.8149,44.1875,64.3364,0.9915,54.12,1.3513,49.32,2019-02-13,2019-02-15,2020-08-12,covid_crash
RandomForest,USDIDR,20,1,1,0.7955,43.4705,59.4127,0.9898,52.58,1.2517,50.0,2020-03-26,2020-03-30,2021-09-23,covid_crash
RandomForest,USDIDR,20,1,2,0.5703,37.885,48.7198,0.9868,50.52,1.0294,51.89,2021-05-07,2021-05-11,2022-11-04,rate_hike_cycle_2022
RandomForest,USDIDR,20,1,3,0.4749,32.6947,43.0648,0.9241,54.12,0.8825,53.47,2022-06-20,2022-06-22,2023-12-18,rate_hike_cycle_2022
RandomForest,USDIDR,20,1,4,0.5453,39.216,51.9746,0.9576,52.84,1.0738,49.55,2023-08-01,2023-08-03,2025-01-28,
RandomForest,USDIDR,20,5,0,1.4236,76.4858,123.9789,0.9683,48.7,2.3391,47.22,2019-02-13,2019-02-21,2020-08-18,covid_crash
RandomForest,USDIDR,20,5,1,1.2021,66.3958,96.9204,0.9722,51.3,1.9187,59.78,2020-03-25,2020-04-02,2021-09-28,covid_crash
RandomForest,USDIDR,20,5,2,0.8981,59.816,80.6901,0.9634,54.69,1.6245,59.43,2021-05-05,2021-05-13,2022-11-08,rate_hike_cycle_2022
RandomForest,USDIDR,20,5,3,0.7894,54.1985,74.6668,0.7688,52.86,1.4647,52.53,2022-06-15,2022-06-23,2023-12-19,rate_hike_cycle_2022
RandomForest,USDIDR,20,5,4,0.9147,65.7848,86.2074,0.8846,48.7,1.801,51.82,2023-07-26,2023-08-03,2025-01-28,
RandomForest,USDIDR,20,20,0,2.5709,134.7385,229.0805,0.8907,50.13,4.1206,50.7,2019-02-13,2019-03-14,2020-09-08,covid_crash
RandomForest,USDIDR,20,20,1,2.6217,146.2405,193.7927,0.8818,46.7,4.259,47.87,2020-03-20,2020-04-20,2021-10-14,covid_crash
RandomForest,USDIDR,20,20,2,1.9662,132.3105,177.6293,0.8079,48.81,3.5883,50.0,2021-04-27,2021-05-26,2022-11-21,rate_hike_cycle_2022
RandomForest,USDIDR,20,20,3,1.4199,97.5579,129.5246,0.3146,50.4,2.6433,48.45,2022-06-02,2022-07-01,2023-12-27,rate_hike_cycle_2022
RandomForest,USDIDR,20,20,4,1.5103,109.2892,162.3433,0.5908,50.4,2.9867,49.54,2023-07-10,2023-08-08,2025-01-31,
RandomForest,USDIDR,120,1,0,0.8216,44.537,64.3212,0.9915,47.94,1.362,36.99,2019-02-13,2019-02-15,2020-08-12,covid_crash
RandomForest,USDIDR,120,1,1,0.797,43.5481,58.8982,0.9899,47.68,1.2539,45.74,2020-03-26,2020-03-30,2021-09-23,covid_crash
RandomForest,USDIDR,120,1,2,0.5697,37.8378,48.6416,0.9868,52.84,1.0281,51.89,2021-05-07,2021-05-11,2022-11-04,rate_hike_cycle_2022
RandomForest,USDIDR,120,1,3,0.4741,32.6398,43.0792,0.9241,56.19,0.881,53.47,2022-06-20,2022-06-22,2023-12-18,rate_hike_cycle_2022
RandomForest,USDIDR,120,1,4,0.5457,39.2376,51.9447,0.9577,52.84,1.0744,49.55,2023-08-01,2023-08-03,2025-01-28,
RandomForest,USDIDR,120,5,0,1.4267,76.7376,124.0205,0.9683,48.44,2.3468,47.22,2019-02-13,2019-02-21,2020-08-18,covid_crash
RandomForest,USDIDR,120,5,1,1.1911,65.7401,95.1005,0.9732,53.65,1.8998,63.04,2020-03-25,2020-04-02,2021-09-28,covid_crash
RandomForest,USDIDR,120,5,2,0.896,59.6739,80.554,0.9635,54.95,1.6207,60.38,2021-05-05,2021-05-13,2022-11-08,rate_hike_cycle_2022
RandomForest,USDIDR,120,5,3,0.7892,54.1756,74.7798,0.7681,52.34,1.4641,52.53,2022-06-15,2022-06-23,2023-12-19,rate_hike_cycle_2022
RandomForest,USDIDR,120,5,4,0.9136,65.7022,86.1293,0.8848,48.96,1.7987,51.82,2023-07-26,2023-08-03,2025-01-28,
RandomForest,USDIDR,120,20,0,2.6473,139.037,234.2171,0.8857,51.98,4.252,52.11,2019-02-13,2019-03-14,2020-09-08,covid_crash
RandomForest,USDIDR,120,20,1,2.6358,146.8561,192.1044,0.8839,45.65,4.277,44.68,2020-03-20,2020-04-20,2021-10-14,covid_crash
RandomForest,USDIDR,120,20,2,1.9442,130.7231,177.1322,0.809,49.6,3.5453,48.08,2021-04-27,2021-05-26,2022-11-21,rate_hike_cycle_2022
RandomForest,USDIDR,120,20,3,1.4211,97.5682,130.3158,0.3062,51.19,2.6436,49.48,2022-06-02,2022-07-01,2023-12-27,rate_hike_cycle_2022
RandomForest,USDIDR,120,20,4,1.5143,109.4772,161.8272,0.5934,49.6,2.9918,50.46,2023-07-10,2023-08-08,2025-01-31,
RandomForest,GDP,20,1,0,0.8117,44.0243,64.0137,0.9915,52.06,1.3463,49.32,2019-02-13,2019-02-15,2020-08-12,covid_crash
RandomForest,GDP,20,1,1,0.7936,43.4232,58.8368,0.99,52.58,1.2503,51.06,2020-03-26,2020-03-30,2021-09-23,covid_crash
RandomForest,GDP,20,1,2,0.5694,37.8204,48.6484,0.9868,54.12,1.0276,53.77,2021-05-07,2021-05-11,2022-11-04,rate_hike_cycle_2022
RandomForest,GDP,20,1,3,0.4745,32.6643,43.0405,0.9242,55.15,0.8817,48.51,2022-06-20,2022-06-22,2023-12-18,rate_hike_cycle_2022
RandomForest,GDP,20,1,4,0.547,39.3326,52.055,0.9575,52.84,1.077,46.85,2023-08-01,2023-08-03,2025-01-28,
RandomForest,GDP,20,5,0,1.4326,76.8874,125.0019,0.9678,48.7,2.3514,45.83,2019-02-13,2019-02-21,2020-08-18,covid_crash
RandomForest,GDP,20,5,1,1.2144,67.0955,96.6055,0.9724,51.04,1.939,58.7,2020-03-25,2020-04-02,2021-09-28,covid_crash
RandomForest,GDP,20,5,2,0.8984,59.8379,80.728,0.9634,54.95,1.6251,57.55,2021-05-05,2021-05-13,2022-11-08,rate_hike_cycle_2022
RandomForest,GDP,20,5,3,0.7899,54.2389,74.6521,0.7689,52.6,1.4658,51.52,2022-06-15,2022-06-23,2023-12-19,rate_hike_cycle_2022
RandomForest,GDP,20,5,4,0.9137,65.7114,86.0666,0.8849,48.7,1.799,51.82,2023-07-26,2023-08-03,2025-01-28,
RandomForest,GDP,20,20,0,2.5556,134.0305,228.5456,0.8912,50.92,4.0989,52.11,2019-02-13,2019-03-14,2020-09-08,covid_crash
RandomForest,GDP,20,20,1,2.6332,146.8843,193.6767,0.882,46.44,4.2778,46.81,2020-03-20,2020-04-20,2021-10-14,covid_crash
RandomForest,GDP,20,20,2,1.9685,132.4693,177.6768,0.8078,49.08,3.5926,50.0,2021-04-27,2021-05-26,2022-11-21,rate_hike_cycle_2022
RandomForest,GDP,20,20,3,1.4224,97.7409,129.4674,0.3152,51.19,2.6483,49.48,2022-06-02,2022-07-01,2023-12-27,rate_hike_cycle_2022
RandomForest,GDP,20,20,4,1.511,109.3393,162.2598,0.5912,50.66,2.988,49.54,2023-07-10,2023-08-08,2025-01-31,
RandomForest,GDP,120,1,0,0.8183,44.3759,64.1205,0.9915,48.71,1.3571,39.73,2019-02-13,2019-02-15,2020-08-12,covid_crash
RandomForest,GDP,120,1,1,0.7906,43.2599,58.4413,0.9901,49.48,1.2456,45.74,2020-03-26,2020-03-30,2021-09-23,covid_crash
RandomForest,GDP,120,1,2,0.5677,37.7077,48.3845,0.987,55.67,1.0245,56.6,2021-05-07,2021-05-11,2022-11-04,rate_hike_cycle_2022
RandomForest,GDP,120,1,3,0.4747,32.6781,43.0509,0.9242,55.15,0.8821,50.5,2022-06-20,2022-06-22,2023-12-18,rate_hike_cycle_2022
RandomForest,GDP,120,1,4,0.5469,39.3317,51.9785,0.9576,52.32,1.077,52.25,2023-08-01,2023-08-03,2025-01-28,
RandomForest,GDP,120,5,0,1.4211,76.4722,123.7978,0.9684,48.96,2.3387,51.39,2019-02-13,2019-02-21,2020-08-18,covid_crash
RandomForest,GDP,120,5,1,1.1772,65.1496,93.2913,0.9743,53.12,1.8827,60.87,2020-03-25,2020-04-02,2021-09-28,covid_crash
RandomForest,GDP,120,5,2,0.8925,59.4492,80.1559,0.9639,55.47,1.6146,61.32,2021-05-05,2021-05-13,2022-11-08,rate_hike_cycle_2022
RandomForest,GDP,120,5,3,0.7896,54.212,74.7179,0.7685,51.82,1.4651,52.53,2022-06-15,2022-06-23,2023-12-19,rate_hike_cycle_2022
RandomForest,GDP,120,5,4,0.9136,65.6989,86.1397,0.8847,48.7,1.7986,51.82,2023-07-26,2023-08-03,2025-01-28,
RandomForest,GDP,120,20,0,2.6361,138.5462,233.2754,0.8866,50.92,4.237,52.11,2019-02-13,2019-03-14,2020-09-08,covid_crash
RandomForest,GDP,120,20,1,2.6246,146.328,191.794,0.8842,46.17,4.2616,45.74,2020-03-20,2020-04-20,2021-10-14,covid_crash
RandomForest,GDP,120,20,2,1.9445,130.7514,177.2344,0.8088,49.6,3.546,48.08,2021-04-27,2021-05-26,2022-11-21,rate_hike_cycle_2022
RandomForest,GDP,120,20,3,1.4193,97.4451,130.094,0.3085,51.19,2.6403,49.48,2022-06-02,2022-07-01,2023-12-27,rate_hike_cycle_2022
RandomForest,GDP,120,20,4,1.5138,109.4461,161.8797,0.5931,50.13,2.991,50.46,2023-07-10,2023-08-08,2025-01-31,
RandomForest,US_Treasury_10Y,20,1,0,0.8122,44.0854,63.7051,0.9916,50.0,1.3482,49.32,2019-02-13,2019-02-15,2020-08-12,covid_crash
RandomForest,US_Treasury_10Y,20,1,1,0.7916,43.2878,58.6193,0.99,50.26,1.2464,41.49,2020-03-26,2020-03-30,2021-09-23,covid_crash
RandomForest,US_Treasury_10Y,20,1,2,0.5731,38.0781,48.7149,0.9868,50.26,1.0346,52.83,2021-05-07,2021-05-11,2022-11-04,rate_hike_cycle_2022
RandomForest,US_Treasury_10Y,20,1,3,0.4933,33.9611,44.9707,0.9173,51.55,0.9167,44.55,2022-06-20,2022-06-22,2023-12-18,rate_hike_cycle_2022
RandomForest,US_Treasury_10Y,20,1,4,0.5486,39.4451,52.1543,0.9573,48.71,1.0801,45.95,2023-08-01,2023-08-03,2025-01-28,
RandomForest,US_Treasury_10Y,20,5,0,1.4129,76.0677,121.8483,0.9694,49.48,2.3263,50.0,2019-02-13,2019-02-21,2020-08-18,covid_crash
RandomForest,US_Treasury_10Y,20,5,1,1.1995,66.2341,96.284,0.9726,51.56,1.9141,57.61,2020-03-25,2020-04-02,2021-09-28,covid_crash
RandomForest,US_Treasury_10Y,20,5,2,0.9107,60.7297,81.4789,0.9627,52.86,1.6494,55.66,2021-05-05,2021-05-13,2022-11-08,rate_hike_cycle_2022
RandomForest,US_Treasury_10Y,20,5,3,0.8741,59.9917,82.183,0.7199,51.04,1.6213,47.47,2022-06-15,2022-06-23,2023-12-19,rate_hike_cycle_2022
RandomForest,US_Treasury_10Y,20,5,4,0.9157,65.8491,86.2897,0.8843,48.18,1.8027,50.91,2023-07-26,2023-08-03,2025-01-28,
RandomForest,US_Treasury_10Y,20,20,0,2.5361,133.2191,226.6552,0.893,51.19,4.0741,54.93,2019-02-13,2019-03-14,2020-09-08,covid_crash
RandomForest,US_Treasury_10Y,20,20,1,2.5574,142.733,190.0684,0.8863,48.28,4.1569,50.0,2020-03-20,2020-04-20,2021-10-14,covid_crash
RandomForest,US_Treasury_10Y,20,20,2,1.9713,132.6759,177.9053,0.8073,49.08,3.5982,48.08,2021-04-27,2021-05-26,2022-11-21,rate_hike_cycle_2022
RandomForest,US_Treasury_10Y,20,20,3,1.5974,110.0271,142.8744,0.166,50.4,2.9812,48.45,2022-06-02,2022-07-01,2023-12-27,rate_hike_cycle_2022
RandomForest,US_Treasury_10Y,20,20,4,1.5116,109.4011,162.5198,0.5899,50.66,2.9897,50.46,2023-07-10,2023-08-08,2025-01-31,
RandomForest,US_Treasury_10Y,120,1,0,0.8127,44.1208,63.6511,0.9916,52.06,1.3493,46.58,2019-02-13,2019-02-15,2020-08-12,covid_crash
RandomForest,US_Treasury_10Y,120,1,1,0.7915,43.3013,58.5269,0.9901,48.71,1.2468,43.62,2020-03-26,2020-03-30,2021-09-23,covid_crash
RandomForest,US_Treasury_10Y,120,1,2,0.5704,37.8923,48.5898,0.9868,51.8,1.0296,54.72,2021-05-07,2021-05-11,2022-11-04,rate_hike_cycle_2022
RandomForest,US_Treasury_10Y,120,1,3,0.488,33.6042,44.5264,0.9189,51.03,0.9071,41.58,2022-06-20,2022-06-22,2023-12-18,rate_hike_cycle_2022
RandomForest,US_Treasury_10Y,120,1,4,0.5491,39.4808,52.1589,0.9573,47.16,1.0811,45.05,2023-08-01,2023-08-03,2025-01-28,
RandomForest,US_Treasury_10Y,120,5,0,1.4189,76.4249,122.6592,0.969,48.18,2.3372,51.39,2019-02-13,2019-02-21,2020-08-18,covid_crash
RandomForest,US_Treasury_10Y,120,5,1,1.1931,65.8943,94.5732,0.9735,52.6,1.9042,60.87,2020-03-25,2020-04-02,2021-09-28,covid_crash
RandomForest,US_Treasury_10Y,120,5,2,0.898,59.8479,80.5906,0.9635,54.17,1.6254,57.55,2021-05-05,2021-05-13,2022-11-08,rate_hike_cycle_2022
RandomForest,US_Treasury_10Y,120,5,3,0.8494,58.2842,79.4509,0.7382,51.04,1.5752,50.51,2022-06-15,2022-06-23,2023-12-19,rate_hike_cycle_2022
RandomForest,US_Treasury_10Y,120,5,4,0.9155,65.8315,86.3774,0.8841,49.22,1.8023,50.91,2023-07-26,2023-08-03,2025-01-28,
RandomForest,US_Treasury_10Y,120,20,0,2.6583,139.6945,234.4838,0.8854,50.13,4.2721,50.7,2019-02-13,2019-03-14,2020-09-08,covid_crash
RandomForest,US_Treasury_10Y,120,20,1,2.6287,146.5061,193.1813,0.8826,45.65,4.2668,46.81,2020-03-20,2020-04-20,2021-10-14,covid_crash
RandomForest,US_Treasury_10Y,120,20,2,1.9093,128.4973,171.6028,0.8207,50.13,3.4849,49.04,2021-04-27,2021-05-26,2022-11-21,rate_hike_cycle_2022
RandomForest,US_Treasury_10Y,120,20,3,1.4933,102.6397,133.4179,0.2728,51.19,2.781,48.45,2022-06-02,2022-07-01,2023-12-27,rate_hike_cycle_2022
RandomForest,US_Treasury_10Y,120,20,4,1.5189,109.8438,163.0928,0.587,50.4,3.0018,51.38,2023-07-10,2023-08-08,2025-01-31,
RandomForest,Coal,20,1,0,0.8206,44.5217,64.5883,0.9914,48.45,1.3616,46.58,2019-02-13,2019-02-15,2020-08-12,covid_crash
RandomForest,Coal,20,1,1,0.7908,43.2562,58.6497,0.99,51.55,1.2455,47.87,2020-03-26,2020-03-30,2021-09-23,covid_crash
RandomForest,Coal,20,1,2,0.5716,37.9677,48.7258,0.9868,50.77,1.0316,52.83,2021-05-07,2021-05-11,2022-11-04,rate_hike_cycle_2022
RandomForest,Coal,20,1,3,0.4742,32.6491,42.9998,0.9244,54.64,0.8813,50.5,2022-06-20,2022-06-22,2023-12-18,rate_hike_cycle_2022
RandomForest,Coal,20,1,4,0.5457,39.2431,51.9665,0.9576,53.61,1.0746,48.65,2023-08-01,2023-08-03,2025-01-28,
RandomForest,Coal,20,5,0,1.4288,76.7067,124.7865,0.9679,49.22,2.3458,47.22,2019-02-13,2019-02-21,2020-08-18,covid_crash
RandomForest,Coal,20,5,1,1.2141,67.0426,96.35,0.9725,53.12,1.9374,61.96,2020-03-25,2020-04-02,2021-09-28,covid_crash
RandomForest,Coal,20,5,2,0.9013,60.0332,80.9348,0.9632,54.43,1.6304,58.49,2021-05-05,2021-05-13,2022-11-08,rate_hike_cycle_2022
RandomForest,Coal,20,5,3,0.7892,54.1869,74.6444,0.7689,52.86,1.4644,52.53,2022-06-15,2022-06-23,2023-12-19,rate_hike_cycle_2022
RandomForest,Coal,20,5,4,0.9129,65.6567,86.0273,0.885,48.96,1.7975,52.73,2023-07-26,2023-08-03,2025-01-28,
RandomForest,Coal,20,20,0,2.5497,133.6938,228.5203,0.8912,50.66,4.0886,50.7,2019-02-13,2019-03-14,2020-09-08,covid_crash
RandomForest,Coal,20,20,1,2.6319,146.6907,194.2529,0.8812,46.97,4.2722,48.94,2020-03-20,2020-04-20,2021-10-14,covid_crash
RandomForest,Coal,20,20,2,1.9757,132.9923,177.9944,0.8071,48.81,3.6068,49.04,2021-04-27,2021-05-26,2022-11-21,rate_hike_cycle_2022
RandomForest,Coal,20,20,3,1.4194,97.5488,129.2258,0.3177,50.92,2.6431,48.45,2022-06-02,2022-07-01,2023-12-27,rate_hike_cycle_2022
RandomForest,Coal,20,20,4,1.5103,109.3055,162.5762,0.5896,50.13,2.9871,48.62,2023-07-10,2023-08-08,2025-01-31,
RandomForest,Coal,120,1,0,0.8196,44.4892,64.2078,0.9915,46.65,1.3606,41.1,2019-02-13,2019-02-15,2020-08-12,covid_crash
RandomForest,Coal,120,1,1,0.7931,43.4061,58.3322,0.9901,48.2,1.2499,43.62,2020-03-26,2020-03-30,2021-09-23,covid_crash
RandomForest,Coal,120,1,2,0.5725,38.0302,48.7922,0.9867,49.48,1.0333,50.0,2021-05-07,2021-05-11,2022-11-04,rate_hike_cycle_2022
RandomForest,Coal,120,1,3,0.4771,32.8449,43.1812,0.9237,50.0,0.8866,45.54,2022-06-20,2022-06-22,2023-12-18,rate_hike_cycle_2022
RandomForest,Coal,120,1,4,0.5458,39.2519,51.9158,0.9577,53.35,1.0748,49.55,2023-08-01,2023-08-03,2025-01-28,
RandomForest,Coal,120,5,0,1.4259,76.7133,124.0026,0.9683,48.7,2.346,50.0,2019-02-13,2019-02-21,2020-08-18,covid_crash
RandomForest,Coal,120,5,1,1.1832,65.5048,93.6839,0.974,52.34,1.893,60.87,2020-03-25,2020-04-02,2021-09-28,covid_crash
RandomForest,Coal,120,5,2,0.8945,59.6094,80.4206,0.9636,54.69,1.6189,59.43,2021-05-05,2021-05-13,2022-11-08,rate_hike_cycle_2022
RandomForest,Coal,120,5,3,0.7925,54.4121,74.999,0.7667,51.56,1.4705,50.51,2022-06-15,2022-06-23,2023-12-19,rate_hike_cycle_2022
RandomForest,Coal,120,5,4,0.9134,65.6841,86.0882,0.8849,48.96,1.7982,51.82,2023-07-26,2023-08-03,2025-01-28,
RandomForest,Coal,120,20,0,2.6462,139.0181,234.0194,0.8859,50.92,4.2514,52.11,2019-02-13,2019-03-14,2020-09-08,covid_crash
RandomForest,Coal,120,20,1,2.6353,146.6662,192.3824,0.8835,45.65,4.2714,45.74,2020-03-20,2020-04-20,2021-10-14,covid_crash
RandomForest,Coal,120,20,2,1.9697,132.6396,177.2641,0.8087,48.02,3.5973,47.12,2021-04-27,2021-05-26,2022-11-21,rate_hike_cycle_2022
RandomForest,Coal,120,20,3,1.4424,99.0802,132.1277,0.2868,51.45,2.6846,49.48,2022-06-02,2022-07-01,2023-12-27,rate_hike_cycle_2022
RandomForest,Coal,120,20,4,1.5141,109.4652,161.9348,0.5928,49.6,2.9915,50.46,2023-07-10,2023-08-08,2025-01-31,
RandomForest,Copper,20,1,0,0.8117,43.9936,63.839,0.9916,53.09,1.3454,47.95,2019-02-13,2019-02-15,2020-08-12,covid_crash
RandomForest,Copper,20,1,1,0.7981,43.7089,58.9843,0.9899,51.29,1.2586,50.0,2020-03-26,2020-03-30,2021-09-23,covid_crash
RandomForest,Copper,20,1,2,0.5756,38.2324,48.8895,0.9867,51.55,1.0388,56.6,2021-05-07,2021-05-11,2022-11-04,rate_hike_cycle_2022
RandomForest,Copper,20,1,3,0.4741,32.6375,42.9541,0.9245,54.12,0.881,51.49,2022-06-20,2022-06-22,2023-12-18,rate_hike_cycle_2022
RandomForest,Copper,20,1,4,0.545,39.1901,51.9153,0.9577,51.55,1.0731,50.45,2023-08-01,2023-08-03,2025-01-28,
RandomForest,Copper,20,5,0,1.4256,76.5629,124.0982,0.9682,49.22,2.3414,47.22,2019-02-13,2019-02-21,2020-08-18,covid_crash
RandomForest,Copper,20,5,1,1.2106,66.7922,96.6321,0.9724,53.12,1.9302,59.78,2020-03-25,2020-04-02,2021-09-28,covid_crash
RandomForest,Copper,20,5,2,0.8988,59.8675,80.7077,0.9634,54.95,1.6259,59.43,2021-05-05,2021-05-13,2022-11-08,rate_hike_cycle_2022
RandomForest,Copper,20,5,3,0.7897,54.2244,74.6669,0.7688,52.86,1.4654,52.53,2022-06-15,2022-06-23,2023-12-19,rate_hike_cycle_2022
RandomForest,Copper,20,5,4,0.9142,65.7486,86.1425,0.8847,48.7,1.8,52.73,2023-07-26,2023-08-03,2025-01-28,
RandomForest,Copper,20,20,0,2.5435,133.4592,227.5146,0.8921,50.92,4.0814,50.7,2019-02-13,2019-03-14,2020-09-08,covid_crash
RandomForest,Copper,20,20,1,2.5968,145.2391,192.3744,0.8835,47.23,4.2299,46.81,2020-03-20,2020-04-20,2021-10-14,covid_crash
RandomForest,Copper,20,20,2,1.9806,133.275,178.5522,0.8059,49.08,3.6145,50.0,2021-04-27,2021-05-26,2022-11-21,rate_hike_cycle_2022
RandomForest,Copper,20,20,3,1.4244,97.8866,129.6254,0.3135,51.19,2.6522,49.48,2022-06-02,2022-07-01,2023-12-27,rate_hike_cycle_2022
RandomForest,Copper,20,20,4,1.5119,109.409,162.6357,0.5893,50.66,2.99,49.54,2023-07-10,2023-08-08,2025-01-31,
RandomForest,Copper,120,1,0,0.8168,44.3147,64.0695,0.9915,50.0,1.3552,42.47,2019-02-13,2019-02-15,2020-08-12,covid_crash
RandomForest,Copper,120,1,1,0.7978,43.6668,58.6567,0.99,48.45,1.2574,44.68,2020-03-26,2020-03-30,2021-09-23,covid_crash
RandomForest,Copper,120,1,2,0.5748,38.1786,48.8696,0.9867,50.77,1.0373,50.94,2021-05-07,2021-05-11,2022-11-04,rate_hike_cycle_2022
RandomForest,Copper,120,1,3,0.4746,32.6727,43.133,0.9239,54.12,0.8819,48.51,2022-06-20,2022-06-22,2023-12-18,rate_hike_cycle_2022
RandomForest,Copper,120,1,4,0.5455,39.2277,51.9404,0.9577,54.38,1.0741,52.25,2023-08-01,2023-08-03,2025-01-28,
RandomForest,Copper,120,5,0,1.4288,76.8571,123.6855,0.9684,47.66,2.3504,48.61,2019-02-13,2019-02-21,2020-08-18,covid_crash
RandomForest,Copper,120,5,1,1.195,66.038,94.0679,0.9738,52.34,1.9084,58.7,2020-03-25,2020-04-02,2021-09-28,covid_crash
RandomForest,Copper,120,5,2,0.8967,59.7308,80.7979,0.9633,53.91,1.6222,59.43,2021-05-05,2021-05-13,2022-11-08,rate_hike_cycle_2022
RandomForest,Copper,120,5,3,0.7887,54.1508,74.7033,0.7686,52.08,1.4635,52.53,2022-06-15,2022-06-23,2023-12-19,rate_hike_cycle_2022
RandomForest,Copper,120,5,4,0.9114,65.5405,85.9443,0.8853,48.96,1.7943,51.82,2023-07-26,2023-08-03,2025-01-28,
RandomForest,Copper,120,20,0,2.6484,139.1305,233.8465,0.8861,51.72,4.2549,50.7,2019-02-13,2019-03-14,2020-09-08,covid_crash
RandomForest,Copper,120,20,1,2.5719,143.7142,189.0055,0.8876,47.23,4.1855,47.87,2020-03-20,2020-04-20,2021-10-14,covid_crash
RandomForest,Copper,120,20,2,1.9718,132.6103,179.041,0.8049,49.34,3.5965,48.08,2021-04-27,2021-05-26,2022-11-21,rate_hike_cycle_2022
RandomForest,Copper,120,20,3,1.4189,97.4292,130.1472,0.308,51.19,2.6398,49.48,2022-06-02,2022-07-01,2023-12-27,rate_hike_cycle_2022
RandomForest,Copper,120,20,4,1.5137,109.4389,161.884,0.5931,49.87,2.9908,50.46,2023-07-10,2023-08-08,2025-01-31,
RandomForest,Nickel,20,1,0,0.8221,44.6542,64.4549,0.9914,51.8,1.3656,47.95,2019-02-13,2019-02-15,2020-08-12,covid_crash
RandomForest,Nickel,20,1,1,0.7924,43.3657,58.81,0.99,50.77,1.2487,51.06,2020-03-26,2020-03-30,2021-09-23,covid_crash
RandomForest,Nickel,20,1,2,0.5713,37.9577,48.5533,0.9869,54.64,1.0313,56.6,2021-05-07,2021-05-11,2022-11-04,rate_hike_cycle_2022
RandomForest,Nickel,20,1,3,0.4754,32.7345,42.9101,0.9247,52.06,0.8836,53.47,2022-06-20,2022-06-22,2023-12-18,rate_hike_cycle_2022
RandomForest,Nickel,20,1,4,0.5475,39.3648,52.0698,0.9575,48.2,1.0779,44.14,2023-08-01,2023-08-03,2025-01-28,
RandomForest,Nickel,20,5,0,1.4432,77.6416,125.3534,0.9676,48.18,2.3744,47.22,2019-02-13,2019-02-21,2020-08-18,covid_crash
RandomForest,Nickel,20,5,1,1.2159,67.1346,96.9555,0.9722,52.08,1.9401,59.78,2020-03-25,2020-04-02,2021-09-28,covid_crash
RandomForest,Nickel,20,5,2,0.9007,59.995,80.8057,0.9633,54.69,1.6294,58.49,2021-05-05,2021-05-13,2022-11-08,rate_hike_cycle_2022
RandomForest,Nickel,20,5,3,0.7892,54.1859,74.6173,0.7691,52.6,1.4644,53.54,2022-06-15,2022-06-23,2023-12-19,rate_hike_cycle_2022
RandomForest,Nickel,20,5,4,0.9135,65.7023,86.1073,0.8848,48.96,1.7987,52.73,2023-07-26,2023-08-03,2025-01-28,
RandomForest,Nickel,20,20,0,2.5536,133.9481,228.2789,0.8914,50.92,4.0964,52.11,2019-02-13,2019-03-14,2020-09-08,covid_crash
RandomForest,Nickel,20,20,1,2.6098,145.5939,192.151,0.8838,46.7,4.2402,47.87,2020-03-20,2020-04-20,2021-10-14,covid_crash
RandomForest,Nickel,20,20,2,1.9846,133.6352,179.0586,0.8048,49.34,3.6243,50.96,2021-04-27,2021-05-26,2022-11-21,rate_hike_cycle_2022
RandomForest,Nickel,20,20,3,1.4204,97.6064,129.4073,0.3158,50.92,2.6446,48.45,2022-06-02,2022-07-01,2023-12-27,rate_hike_cycle_2022
RandomForest,Nickel,20,20,4,1.5082,109.1506,162.4045,0.5905,50.66,2.9829,49.54,2023-07-10,2023-08-08,2025-01-31,
RandomForest,Nickel,120,1,0,0.8214,44.617,64.1202,0.9915,44.85,1.3645,41.1,2019-02-13,2019-02-15,2020-08-12,covid_crash
RandomForest,Nickel,120,1,1,0.7863,43.0861,58.051,0.9902,53.09,1.2406,54.26,2020-03-26,2020-03-30,2021-09-23,covid_crash
RandomForest,Nickel,120,1,2,0.5734,38.073,49.1419,0.9865,54.12,1.0345,54.72,2021-05-07,2021-05-11,2022-11-04,rate_hike_cycle_2022
RandomForest,Nickel,120,1,3,0.4801,33.0575,43.4008,0.923,51.55,0.8923,51.49,2022-06-20,2022-06-22,2023-12-18,rate_hike_cycle_2022
RandomForest,Nickel,120,1,4,0.5474,39.3629,52.0255,0.9575,51.8,1.0778,46.85,2023-08-01,2023-08-03,2025-01-28,
RandomForest,Nickel,120,5,0,1.4288,76.9215,123.7569,0.9684,46.88,2.3524,47.22,2019-02-13,2019-02-21,2020-08-18,covid_crash
RandomForest,Nickel,120,5,1,1.1879,65.6798,93.8366,0.974,51.3,1.898,60.87,2020-03-25,2020-04-02,2021-09-28,covid_crash
RandomForest,Nickel,120,5,2,0.9044,60.3041,80.9461,0.9632,54.95,1.6378,58.49,2021-05-05,2021-05-13,2022-11-08,rate_hike_cycle_2022
RandomForest,Nickel,120,5,3,0.8034,55.1878,75.3942,0.7643,50.52,1.4915,51.52,2022-06-15,2022-06-23,2023-12-19,rate_hike_cycle_2022
RandomForest,Nickel,120,5,4,0.9118,65.5672,85.9901,0.8851,48.7,1.795,51.82,2023-07-26,2023-08-03,2025-01-28,
RandomForest,Nickel,120,20,0,2.633,138.2897,233.5341,0.8864,51.45,4.2292,50.7,2019-02-13,2019-03-14,2020-09-08,covid_crash
RandomForest,Nickel,120,20,1,2.6209,146.3047,191.5042,0.8846,45.38,4.2609,44.68,2020-03-20,2020-04-20,2021-10-14,covid_crash
RandomForest,Nickel,120,20,2,2.0602,138.7021,180.2418,0.8022,48.81,3.7617,48.08,2021-04-27,2021-05-26,2022-11-21,rate_hike_cycle_2022
RandomForest,Nickel,120,20,3,1.4687,100.9342,133.7407,0.2692,51.45,2.7348,47.42,2022-06-02,2022-07-01,2023-12-27,rate_hike_cycle_2022
RandomForest,Nickel,120,20,4,1.5152,109.5468,162.2469,0.5913,49.6,2.9937,50.46,2023-07-10,2023-08-08,2025-01-31,
RandomForest,Silver,20,1,0,0.8133,44.1554,64.0399,0.9915,50.77,1.3504,50.68,2019-02-13,2019-02-15,2020-08-12,covid_crash
RandomForest,Silver,20,1,1,0.794,43.5114,59.1011,0.9899,53.87,1.2529,53.19,2020-03-26,2020-03-30,2021-09-23,covid_crash
RandomForest,Silver,20,1,2,0.5676,37.6972,48.5264,0.9869,57.99,1.0243,62.26,2021-05-07,2021-05-11,2022-11-04,rate_hike_cycle_2022
RandomForest,Silver,20,1,3,0.472,32.4962,42.8597,0.9249,59.02,0.8772,59.41,2022-06-20,2022-06-22,2023-12-18,rate_hike_cycle_2022
RandomForest,Silver,20,1,4,0.5466,39.3069,51.9142,0.9577,52.06,1.0763,54.05,2023-08-01,2023-08-03,2025-01-28,
RandomForest,Silver,20,5,0,1.4359,77.1536,125.1746,0.9677,49.74,2.3595,51.39,2019-02-13,2019-02-21,2020-08-18,covid_crash
RandomForest,Silver,20,5,1,1.2452,68.6499,97.8967,0.9717,53.39,1.9839,60.87,2020-03-25,2020-04-02,2021-09-28,covid_crash
RandomForest,Silver,20,5,2,0.9001,59.9546,80.835,0.9633,54.69,1.6283,58.49,2021-05-05,2021-05-13,2022-11-08,rate_hike_cycle_2022
RandomForest,Silver,20,5,3,0.7901,54.2514,74.7072,0.7685,52.86,1.4662,52.53,2022-06-15,2022-06-23,2023-12-19,rate_hike_cycle_2022
RandomForest,Silver,20,5,4,0.9105,65.4956,85.796,0.8857,48.7,1.7931,51.82,2023-07-26,2023-08-03,2025-01-28,
RandomForest,Silver,20,20,0,2.5387,133.4056,226.2679,0.8933,50.13,4.0798,50.7,2019-02-13,2019-03-14,2020-09-08,covid_crash
RandomForest,Silver,20,20,1,2.623,146.6411,195.5178,0.8797,48.28,4.2707,50.0,2020-03-20,2020-04-20,2021-10-14,covid_crash
RandomForest,Silver,20,20,2,1.9649,132.2277,177.4146,0.8084,48.81,3.5861,50.0,2021-04-27,2021-05-26,2022-11-21,rate_hike_cycle_2022
RandomForest,Silver,20,20,3,1.4235,97.8217,129.6134,0.3136,50.4,2.6505,48.45,2022-06-02,2022-07-01,2023-12-27,rate_hike_cycle_2022
RandomForest,Silver,20,20,4,1.5041,108.88,162.2012,0.5915,50.4,2.9755,49.54,2023-07-10,2023-08-08,2025-01-31,
RandomForest,Silver,120,1,0,0.8154,44.2882,64.0162,0.9915,48.71,1.3544,42.47,2019-02-13,2019-02-15,2020-08-12,covid_crash
RandomForest,Silver,120,1,1,0.794,43.5068,58.8259,0.99,49.74,1.2528,46.81,2020-03-26,2020-03-30,2021-09-23,covid_crash
RandomForest,Silver,120,1,2,0.5686,37.7715,48.4971,0.9869,56.44,1.0263,66.04,2021-05-07,2021-05-11,2022-11-04,rate_hike_cycle_2022
RandomForest,Silver,120,1,3,0.4733,32.5871,42.9035,0.9247,56.19,0.8796,52.48,2022-06-20,2022-06-22,2023-12-18,rate_hike_cycle_2022
RandomForest,Silver,120,1,4,0.5446,39.1618,51.7621,0.958,52.58,1.0723,56.76,2023-08-01,2023-08-03,2025-01-28,
RandomForest,Silver,120,5,0,1.4192,76.4197,123.6493,0.9685,48.44,2.3371,52.78,2019-02-13,2019-02-21,2020-08-18,covid_crash
RandomForest,Silver,120,5,1,1.2332,68.1671,96.6223,0.9724,54.17,1.9699,60.87,2020-03-25,2020-04-02,2021-09-28,covid_crash
RandomForest,Silver,120,5,2,0.8983,59.8264,80.7412,0.9633,55.21,1.6248,60.38,2021-05-05,2021-05-13,2022-11-08,rate_hike_cycle_2022
RandomForest,Silver,120,5,3,0.7916,54.3503,74.8251,0.7678,52.08,1.4688,52.53,2022-06-15,2022-06-23,2023-12-19,rate_hike_cycle_2022
RandomForest,Silver,120,5,4,0.9107,65.4958,85.8778,0.8854,48.7,1.7931,50.91,2023-07-26,2023-08-03,2025-01-28,
RandomForest,Silver,120,20,0,2.6422,138.8296,233.7159,0.8862,51.72,4.2457,50.7,2019-02-13,2019-03-14,2020-09-08,covid_crash
RandomForest,Silver,120,20,1,2.5914,144.5471,190.0988,0.8863,46.97,4.2097,46.81,2020-03-20,2020-04-20,2021-10-14,covid_crash
RandomForest,Silver,120,20,2,1.9362,130.2033,176.7158,0.8099,49.34,3.5312,48.08,2021-04-27,2021-05-26,2022-11-21,rate_hike_cycle_2022
RandomForest,Silver,120,20,3,1.409,96.7495,128.9796,0.3203,50.92,2.6214,49.48,2022-06-02,2022-07-01,2023-12-27,rate_hike_cycle_2022
RandomForest,Silver,120,20,4,1.5113,109.318,161.8938,0.593,49.87,2.9875,50.46,2023-07-10,2023-08-08,2025-01-31,
RandomForest,Tin,20,1,0,0.8141,44.1955,64.2489,0.9915,53.61,1.3516,53.42,2019-02-13,2019-02-15,2020-08-12,covid_crash
RandomForest,Tin,20,1,1,0.7952,43.5713,58.9643,0.9899,52.58,1.2546,51.06,2020-03-26,2020-03-30,2021-09-23,covid_crash
RandomForest,Tin,20,1,2,0.5737,38.1111,49.2467,0.9865,52.06,1.0355,47.17,2021-05-07,2021-05-11,2022-11-04,rate_hike_cycle_2022
RandomForest,Tin,20,1,3,0.4752,32.7146,43.3278,0.9232,52.84,0.8831,47.52,2022-06-20,2022-06-22,2023-12-18,rate_hike_cycle_2022
RandomForest,Tin,20,1,4,0.546,39.2655,51.9568,0.9577,53.09,1.0752,49.55,2023-08-01,2023-08-03,2025-01-28,
RandomForest,Tin,20,5,0,1.4404,77.2498,125.9183,0.9673,48.44,2.3624,45.83,2019-02-13,2019-02-21,2020-08-18,covid_crash
RandomForest,Tin,20,5,1,1.2126,67.038,96.6067,0.9724,52.86,1.9373,60.87,2020-03-25,2020-04-02,2021-09-28,covid_crash
RandomForest,Tin,20,5,2,0.9117,60.7205,83.7588,0.9605,54.43,1.6491,57.55,2021-05-05,2021-05-13,2022-11-08,rate_hike_cycle_2022
RandomForest,Tin,20,5,3,0.7917,54.3338,76.1223,0.7597,53.65,1.4684,52.53,2022-06-15,2022-06-23,2023-12-19,rate_hike_cycle_2022
RandomForest,Tin,20,5,4,0.9131,65.6655,86.028,0.885,48.7,1.7977,51.82,2023-07-26,2023-08-03,2025-01-28,
RandomForest,Tin,20,20,0,2.5465,133.7353,227.6281,0.892,50.4,4.0899,53.52,2019-02-13,2019-03-14,2020-09-08,covid_crash
RandomForest,Tin,20,20,1,2.5708,143.4788,190.1718,0.8862,47.49,4.1786,47.87,2020-03-20,2020-04-20,2021-10-14,covid_crash
RandomForest,Tin,20,20,2,2.0428,137.5936,185.6197,0.7903,49.08,3.7316,48.08,2021-04-27,2021-05-26,2022-11-21,rate_hike_cycle_2022
RandomForest,Tin,20,20,3,1.4532,99.8412,132.0835,0.2872,50.66,2.7052,46.39,2022-06-02,2022-07-01,2023-12-27,rate_hike_cycle_2022
RandomForest,Tin,20,20,4,1.5107,109.3276,162.4805,0.5901,50.66,2.9877,49.54,2023-07-10,2023-08-08,2025-01-31,
RandomForest,Tin,120,1,0,0.8184,44.429,63.986,0.9915,49.23,1.3587,41.1,2019-02-13,2019-02-15,2020-08-12,covid_crash
RandomForest,Tin,120,1,1,0.7958,43.574,58.6497,0.99,43.81,1.2547,45.74,2020-03-26,2020-03-30,2021-09-23,covid_crash
RandomForest,Tin,120,1,2,0.5775,38.3603,49.2114,0.9865,48.71,1.0423,50.0,2021-05-07,2021-05-11,2022-11-04,rate_hike_cycle_2022
RandomForest,Tin,120,1,3,0.478,32.9012,43.5812,0.9223,53.61,0.8881,51.49,2022-06-20,2022-06-22,2023-12-18,rate_hike_cycle_2022
RandomForest,Tin,120,1,4,0.5462,39.276,51.9986,0.9576,53.35,1.0755,50.45,2023-08-01,2023-08-03,2025-01-28,
RandomForest,Tin,120,5,0,1.4293,76.8282,123.624,0.9685,47.14,2.3496,48.61,2019-02-13,2019-02-21,2020-08-18,covid_crash
RandomForest,Tin,120,5,1,1.1799,65.2796,93.0409,0.9744,53.39,1.8865,63.04,2020-03-25,2020-04-02,2021-09-28,covid_crash
RandomForest,Tin,120,5,2,0.9156,61.0202,83.4524,0.9608,53.91,1.6572,59.43,2021-05-05,2021-05-13,2022-11-08,rate_hike_cycle_2022
RandomForest,Tin,120,5,3,0.796,54.6264,77.0011,0.7541,53.65,1.4763,55.56,2022-06-15,2022-06-23,2023-12-19,rate_hike_cycle_2022
RandomForest,Tin,120,5,4,0.9111,65.5188,85.9557,0.8852,50.0,1.7937,51.82,2023-07-26,2023-08-03,2025-01-28,
RandomForest,Tin,120,20,0,2.6275,138.0227,232.9886,0.8869,51.45,4.221,50.7,2019-02-13,2019-03-14,2020-09-08,covid_crash
RandomForest,Tin,120,20,1,2.546,141.6727,188.3384,0.8884,46.97,4.126,47.87,2020-03-20,2020-04-20,2021-10-14,covid_crash
RandomForest,Tin,120,20,2,2.0183,135.8984,182.2685,0.7978,47.49,3.6856,48.08,2021-04-27,2021-05-26,2022-11-21,rate_hike_cycle_2022
RandomForest,Tin,120,20,3,1.4557,100.0401,132.5619,0.2821,50.4,2.7106,48.45,2022-06-02,2022-07-01,2023-12-27,rate_hike_cycle_2022
RandomForest,Tin,120,20,4,1.5181,109.8189,161.7077,0.594,49.87,3.0012,50.46,2023-07-10,2023-08-08,2025-01-31,
RandomForest,Gold,20,1,0,0.8155,44.25,63.9994,0.9915,51.55,1.3532,46.58,2019-02-13,2019-02-15,2020-08-12,covid_crash
RandomForest,Gold,20,1,1,0.8032,43.9545,59.1642,0.9899,51.8,1.2656,51.06,2020-03-26,2020-03-30,2021-09-23,covid_crash
RandomForest,Gold,20,1,2,0.5689,37.7919,48.6407,0.9868,53.35,1.0268,55.66,2021-05-07,2021-05-11,2022-11-04,rate_hike_cycle_2022
RandomForest,Gold,20,1,3,0.473,32.5613,42.7296,0.9253,56.19,0.8789,53.47,2022-06-20,2022-06-22,2023-12-18,rate_hike_cycle_2022
RandomForest,Gold,20,1,4,0.5468,39.3182,51.9318,0.9577,51.55,1.0766,51.35,2023-08-01,2023-08-03,2025-01-28,
RandomForest,Gold,20,5,0,1.4288,76.7761,124.5345,0.968,48.7,2.348,47.22,2019-02-13,2019-02-21,2020-08-18,covid_crash
RandomForest,Gold,20,5,1,1.204,66.5089,94.9601,0.9733,54.95,1.922,64.13,2020-03-25,2020-04-02,2021-09-28,covid_crash
RandomForest,Gold,20,5,2,0.8982,59.826,80.6706,0.9634,54.43,1.6248,57.55,2021-05-05,2021-05-13,2022-11-08,rate_hike_cycle_2022
RandomForest,Gold,20,5,3,0.785,53.9049,74.3039,0.771,53.12,1.4568,54.55,2022-06-15,2022-06-23,2023-12-19,rate_hike_cycle_2022
RandomForest,Gold,20,5,4,0.9119,65.5843,85.9565,0.8852,48.18,1.7955,50.91,2023-07-26,2023-08-03,2025-01-28,
RandomForest,Gold,20,20,0,2.5454,133.6144,228.1509,0.8915,50.66,4.0862,52.11,2019-02-13,2019-03-14,2020-09-08,covid_crash
RandomForest,Gold,20,20,1,2.5742,143.7538,191.4269,0.8847,47.76,4.1866,48.94,2020-03-20,2020-04-20,2021-10-14,covid_crash
RandomForest,Gold,20,20,2,1.9671,132.3658,177.8505,0.8074,49.34,3.5898,50.0,2021-04-27,2021-05-26,2022-11-21,rate_hike_cycle_2022
RandomForest,Gold,20,20,3,1.4045,96.514,128.6588,0.3237,50.92,2.615,48.45,2022-06-02,2022-07-01,2023-12-27,rate_hike_cycle_2022
RandomForest,Gold,20,20,4,1.5114,109.4238,163.0657,0.5871,50.13,2.9904,49.54,2023-07-10,2023-08-08,2025-01-31,
RandomForest,Gold,120,1,0,0.8154,44.2616,63.9531,0.9916,49.74,1.3536,46.58,2019-02-13,2019-02-15,2020-08-12,covid_crash
RandomForest,Gold,120,1,1,0.7983,43.6906,58.5273,0.9901,47.94,1.258,48.94,2020-03-26,2020-03-30,2021-09-23,covid_crash
RandomForest,Gold,120,1,2,0.569,37.7928,48.5851,0.9868,55.67,1.0269,59.43,2021-05-07,2021-05-11,2022-11-04,rate_hike_cycle_2022
RandomForest,Gold,120,1,3,0.4753,32.7164,42.9855,0.9244,53.61,0.8831,49.5,2022-06-20,2022-06-22,2023-12-18,rate_hike_cycle_2022
RandomForest,Gold,120,1,4,0.5462,39.2759,51.9832,0.9576,50.77,1.0755,46.85,2023-08-01,2023-08-03,2025-01-28,
RandomForest,Gold,120,5,0,1.4254,76.7111,123.9696,0.9683,48.96,2.346,51.39,2019-02-13,2019-02-21,2020-08-18,covid_crash
RandomForest,Gold,120,5,1,1.203,66.4094,94.4844,0.9736,51.82,1.9191,59.78,2020-03-25,2020-04-02,2021-09-28,covid_crash
RandomForest,Gold,120,5,2,0.8946,59.5853,80.5333,0.9635,55.21,1.6183,60.38,2021-05-05,2021-05-13,2022-11-08,rate_hike_cycle_2022
RandomForest,Gold,120,5,3,0.7874,54.0545,74.6245,0.7691,51.3,1.4608,52.53,2022-06-15,2022-06-23,2023-12-19,rate_hike_cycle_2022
RandomForest,Gold,120,5,4,0.9082,65.314,85.6626,0.886,48.96,1.7881,50.91,2023-07-26,2023-08-03,2025-01-28,
RandomForest,Gold,120,20,0,2.6401,138.7998,233.4488,0.8864,50.92,4.2448,50.7,2019-02-13,2019-03-14,2020-09-08,covid_crash
RandomForest,Gold,120,20,1,2.5939,144.2578,190.0461,0.8863,46.17,4.2013,45.74,2020-03-20,2020-04-20,2021-10-14,covid_crash
RandomForest,Gold,120,20,2,1.9401,130.4393,176.7294,0.8099,48.81,3.5376,47.12,2021-04-27,2021-05-26,2022-11-21,rate_hike_cycle_2022
RandomForest,Gold,120,20,3,1.4145,97.1229,129.9545,0.31,51.19,2.6315,49.48,2022-06-02,2022-07-01,2023-12-27,rate_hike_cycle_2022
RandomForest,Gold,120,20,4,1.5146,109.5597,162.7809,0.5886,49.87,2.9941,51.38,2023-07-10,2023-08-08,2025-01-31,
RandomForest,WTI,20,1,0,0.8185,44.3655,64.1898,0.9915,48.97,1.3568,43.84,2019-02-13,2019-02-15,2020-08-12,covid_crash
RandomForest,WTI,20,1,1,0.7988,43.6396,58.7941,0.99,50.52,1.2566,53.19,2020-03-26,2020-03-30,2021-09-23,covid_crash
RandomForest,WTI,20,1,2,0.5699,37.8594,48.7585,0.9868,51.8,1.0287,57.55,2021-05-07,2021-05-11,2022-11-04,rate_hike_cycle_2022
RandomForest,WTI,20,1,3,0.4716,32.4714,42.7377,0.9253,56.19,0.8765,58.42,2022-06-20,2022-06-22,2023-12-18,rate_hike_cycle_2022
RandomForest,WTI,20,1,4,0.5453,39.2164,51.9401,0.9577,53.35,1.0738,47.75,2023-08-01,2023-08-03,2025-01-28,
RandomForest,WTI,20,5,0,1.4368,77.1015,125.0014,0.9678,49.48,2.3579,45.83,2019-02-13,2019-02-21,2020-08-18,covid_crash
RandomForest,WTI,20,5,1,1.2393,68.1461,97.4832,0.9719,52.6,1.9693,61.96,2020-03-25,2020-04-02,2021-09-28,covid_crash
RandomForest,WTI,20,5,2,0.9053,60.3079,81.2694,0.9629,54.17,1.6379,55.66,2021-05-05,2021-05-13,2022-11-08,rate_hike_cycle_2022
RandomForest,WTI,20,5,3,0.7896,54.2167,74.6876,0.7687,52.86,1.4652,52.53,2022-06-15,2022-06-23,2023-12-19,rate_hike_cycle_2022
RandomForest,WTI,20,5,4,0.9132,65.6764,86.062,0.885,48.44,1.798,51.82,2023-07-26,2023-08-03,2025-01-28,
RandomForest,WTI,20,20,0,2.5458,133.6362,227.1606,0.8925,50.66,4.0868,50.7,2019-02-13,2019-03-14,2020-09-08,covid_crash
RandomForest,WTI,20,20,1,2.61,145.7209,192.1168,0.8838,47.76,4.2439,50.0,2020-03-20,2020-04-20,2021-10-14,covid_crash
RandomForest,WTI,20,20,2,1.9702,132.5838,177.5515,0.8081,48.55,3.5957,50.0,2021-04-27,2021-05-26,2022-11-21,rate_hike_cycle_2022
RandomForest,WTI,20,20,3,1.4209,97.6405,129.4778,0.3151,50.66,2.6455,48.45,2022-06-02,2022-07-01,2023-12-27,rate_hike_cycle_2022
RandomForest,WTI,20,20,4,1.5084,109.1561,162.2096,0.5915,50.4,2.983,49.54,2023-07-10,2023-08-08,2025-01-31,
RandomForest,WTI,120,1,0,0.8125,44.1143,63.8597,0.9916,51.55,1.3491,43.84,2019-02-13,2019-02-15,2020-08-12,covid_crash
RandomForest,WTI,120,1,1,0.7892,43.1838,58.0939,0.9902,50.0,1.2435,51.06,2020-03-26,2020-03-30,2021-09-23,covid_crash
RandomForest,WTI,120,1,2,0.5705,37.8936,48.7041,0.9868,53.35,1.0296,54.72,2021-05-07,2021-05-11,2022-11-04,rate_hike_cycle_2022
RandomForest,WTI,120,1,3,0.4724,32.5211,42.8882,0.9248,54.64,0.8778,48.51,2022-06-20,2022-06-22,2023-12-18,rate_hike_cycle_2022
RandomForest,WTI,120,1,4,0.5456,39.2296,51.98,0.9576,52.84,1.0742,48.65,2023-08-01,2023-08-03,2025-01-28,
RandomForest,WTI,120,5,0,1.4306,76.905,124.0967,0.9682,47.66,2.3519,51.39,2019-02-13,2019-02-21,2020-08-18,covid_crash
RandomForest,WTI,120,5,1,1.2271,67.503,96.0691,0.9727,51.82,1.9507,60.87,2020-03-25,2020-04-02,2021-09-28,covid_crash
RandomForest,WTI,120,5,2,0.9011,60.0362,81.0576,0.9631,55.47,1.6305,59.43,2021-05-05,2021-05-13,2022-11-08,rate_hike_cycle_2022
RandomForest,WTI,120,5,3,0.7875,54.0677,74.6368,0.769,52.86,1.4612,52.53,2022-06-15,2022-06-23,2023-12-19,rate_hike_cycle_2022
RandomForest,WTI,120,5,4,0.9127,65.6356,86.0822,0.8849,48.96,1.7969,51.82,2023-07-26,2023-08-03,2025-01-28,
RandomForest,WTI,120,20,0,2.6644,139.9783,234.296,0.8856,52.24,4.2808,53.52,2019-02-13,2019-03-14,2020-09-08,covid_crash
RandomForest,WTI,120,20,1,2.6103,145.5847,190.0856,0.8863,45.91,4.2399,45.74,2020-03-20,2020-04-20,2021-10-14,covid_crash
RandomForest,WTI,120,20,2,1.9465,130.889,177.281,0.8087,48.81,3.5498,48.08,2021-04-27,2021-05-26,2022-11-21,rate_hike_cycle_2022
RandomForest,WTI,120,20,3,1.4269,97.9757,130.7698,0.3013,50.92,2.6546,49.48,2022-06-02,2022-07-01,2023-12-27,rate_hike_cycle_2022
RandomForest,WTI,120,20,4,1.513,109.3836,161.707,0.594,49.6,2.9893,50.46,2023-07-10,2023-08-08,2025-01-31,
RandomForest,STI,20,1,0,0.813,44.0893,64.448,0.9914,53.61,1.3483,49.32,2019-02-13,2019-02-15,2020-08-12,covid_crash
RandomForest,STI,20,1,1,0.7951,43.453,58.9668,0.9899,52.32,1.2512,52.13,2020-03-26,2020-03-30,2021-09-23,covid_crash
RandomForest,STI,20,1,2,0.5722,38.0102,48.8142,0.9867,51.29,1.0328,51.89,2021-05-07,2021-05-11,2022-11-04,rate_hike_cycle_2022
RandomForest,STI,20,1,3,0.4743,32.656,43.0511,0.9242,54.9,0.8815,50.5,2022-06-20,2022-06-22,2023-12-18,rate_hike_cycle_2022
RandomForest,STI,20,1,4,0.5487,39.4622,52.2096,0.9572,50.0,1.0806,45.05,2023-08-01,2023-08-03,2025-01-28,
RandomForest,STI,20,5,0,1.4326,76.9379,125.1126,0.9677,49.74,2.3529,52.78,2019-02-13,2019-02-21,2020-08-18,covid_crash
RandomForest,STI,20,5,1,1.1986,66.1847,96.2241,0.9726,51.56,1.9126,59.78,2020-03-25,2020-04-02,2021-09-28,covid_crash
RandomForest,STI,20,5,2,0.9004,59.9814,80.7578,0.9633,54.69,1.629,60.38,2021-05-05,2021-05-13,2022-11-08,rate_hike_cycle_2022
RandomForest,STI,20,5,3,0.7894,54.1981,74.6626,0.7688,52.86,1.4647,52.53,2022-06-15,2022-06-23,2023-12-19,rate_hike_cycle_2022
RandomForest,STI,20,5,4,0.915,65.8066,86.3619,0.8842,48.7,1.8016,51.82,2023-07-26,2023-08-03,2025-01-28,
RandomForest,STI,20,20,0,2.5543,133.9794,229.3112,0.8904,50.66,4.0973,52.11,2019-02-13,2019-03-14,2020-09-08,covid_crash
RandomForest,STI,20,20,1,2.6254,146.5681,194.638,0.8808,46.97,4.2686,45.74,2020-03-20,2020-04-20,2021-10-14,covid_crash
RandomForest,STI,20,20,2,1.9737,132.8315,177.7811,0.8076,48.55,3.6025,49.04,2021-04-27,2021-05-26,2022-11-21,rate_hike_cycle_2022
RandomForest,STI,20,20,3,1.4204,97.6,129.4424,0.3155,50.66,2.6444,48.45,2022-06-02,2022-07-01,2023-12-27,rate_hike_cycle_2022
RandomForest,STI,20,20,4,1.5261,110.4826,165.9045,0.5726,50.4,3.0193,49.54,2023-07-10,2023-08-08,2025-01-31,
RandomForest,STI,120,1,0,0.8205,44.5033,64.5889,0.9914,49.48,1.361,52.05,2019-02-13,2019-02-15,2020-08-12,covid_crash
RandomForest,STI,120,1,1,0.7872,43.1036,58.2396,0.9902,50.0,1.2411,45.74,2020-03-26,2020-03-30,2021-09-23,covid_crash
RandomForest,STI,120,1,2,0.5704,37.8881,48.7024,0.9868,53.09,1.0295,52.83,2021-05-07,2021-05-11,2022-11-04,rate_hike_cycle_2022
RandomForest,STI,120,1,3,0.4736,32.6025,43.0036,0.9244,55.15,0.88,50.5,2022-06-20,2022-06-22,2023-12-18,rate_hike_cycle_2022
RandomForest,STI,120,1,4,0.5471,39.3398,52.0609,0.9575,52.06,1.0772,49.55,2023-08-01,2023-08-03,2025-01-28,
RandomForest,STI,120,5,0,1.429,76.8417,124.4411,0.9681,49.74,2.35,54.17,2019-02-13,2019-02-21,2020-08-18,covid_crash
RandomForest,STI,120,5,1,1.1914,65.8041,95.361,0.9731,53.12,1.9016,61.96,2020-03-25,2020-04-02,2021-09-28,covid_crash
RandomForest,STI,120,5,2,0.8975,59.7788,80.6432,0.9634,54.17,1.6235,61.32,2021-05-05,2021-05-13,2022-11-08,rate_hike_cycle_2022
RandomForest,STI,120,5,3,0.7894,54.195,74.7631,0.7682,52.6,1.4646,52.53,2022-06-15,2022-06-23,2023-12-19,rate_hike_cycle_2022
RandomForest,STI,120,5,4,0.9126,65.6251,86.0921,0.8849,48.96,1.7966,51.82,2023-07-26,2023-08-03,2025-01-28,
RandomForest,STI,120,20,0,2.6468,138.9491,234.6018,0.8853,51.45,4.2493,52.11,2019-02-13,2019-03-14,2020-09-08,covid_crash
RandomForest,STI,120,20,1,2.6419,147.0944,192.1541,0.8838,45.65,4.2839,45.74,2020-03-20,2020-04-20,2021-10-14,covid_crash
RandomForest,STI,120,20,2,1.9463,130.896,177.3162,0.8086,49.34,3.55,48.08,2021-04-27,2021-05-26,2022-11-21,rate_hike_cycle_2022
RandomForest,STI,120,20,3,1.4235,97.7397,130.3391,0.3059,51.45,2.6482,49.48,2022-06-02,2022-07-01,2023-12-27,rate_hike_cycle_2022
RandomForest,STI,120,20,4,1.5393,111.3625,167.1816,0.566,49.6,3.0433,49.54,2023-07-10,2023-08-08,2025-01-31,
RandomForest,Screening1,20,1,0,0.8102,43.9992,63.6114,0.9916,51.55,1.3456,54.79,2019-02-13,2019-02-15,2020-08-12,covid_crash
RandomForest,Screening1,20,1,1,0.794,43.4543,58.4462,0.9901,50.26,1.2512,55.32,2020-03-26,2020-03-30,2021-09-23,covid_crash
RandomForest,Screening1,20,1,2,0.57,37.865,48.7021,0.9868,55.93,1.0288,66.04,2021-05-07,2021-05-11,2022-11-04,rate_hike_cycle_2022
RandomForest,Screening1,20,1,3,0.4706,32.4012,42.6676,0.9255,58.76,0.8746,55.45,2022-06-20,2022-06-22,2023-12-18,rate_hike_cycle_2022
RandomForest,Screening1,20,1,4,0.5463,39.2868,51.9506,0.9577,53.09,1.0758,53.15,2023-08-01,2023-08-03,2025-01-28,
RandomForest,Screening1,20,5,0,1.4316,76.8566,124.4898,0.968,48.18,2.3504,47.22,2019-02-13,2019-02-21,2020-08-18,covid_crash
RandomForest,Screening1,20,5,1,1.2297,67.7193,96.4525,0.9725,53.12,1.957,57.61,2020-03-25,2020-04-02,2021-09-28,covid_crash
RandomForest,Screening1,20,5,2,0.9034,60.1742,81.5505,0.9626,54.43,1.6343,59.43,2021-05-05,2021-05-13,2022-11-08,rate_hike_cycle_2022
RandomForest,Screening1,20,5,3,0.7872,54.0495,74.7709,0.7681,53.65,1.4607,55.56,2022-06-15,2022-06-23,2023-12-19,rate_hike_cycle_2022
RandomForest,Screening1,20,5,4,0.913,65.6688,86.1201,0.8848,48.18,1.7978,50.91,2023-07-26,2023-08-03,2025-01-28,
RandomForest,Screening1,20,20,0,2.5335,133.0264,226.7693,0.8929,50.92,4.0682,52.11,2019-02-13,2019-03-14,2020-09-08,covid_crash
RandomForest,Screening1,20,20,1,2.5777,143.9509,191.549,0.8845,47.76,4.1924,46.81,2020-03-20,2020-04-20,2021-10-14,covid_crash
RandomForest,Screening1,20,20,2,1.9754,132.9666,178.0562,0.807,48.28,3.6061,48.08,2021-04-27,2021-05-26,2022-11-21,rate_hike_cycle_2022
RandomForest,Screening1,20,20,3,1.4177,97.4089,129.4394,0.3155,50.4,2.6393,47.42,2022-06-02,2022-07-01,2023-12-27,rate_hike_cycle_2022
RandomForest,Screening1,20,20,4,1.5118,109.4043,162.5314,0.5898,50.13,2.9898,49.54,2023-07-10,2023-08-08,2025-01-31,
RandomForest,Screening1,120,1,0,0.8151,44.2464,63.7515,0.9916,49.48,1.3531,49.32,2019-02-13,2019-02-15,2020-08-12,covid_crash
RandomForest,Screening1,120,1,1,0.7883,43.1942,58.0729,0.9902,47.16,1.2438,47.87,2020-03-26,2020-03-30,2021-09-23,covid_crash
RandomForest,Screening1,120,1,2,0.5714,37.9634,48.8847,0.9867,52.06,1.0315,54.72,2021-05-07,2021-05-11,2022-11-04,rate_hike_cycle_2022
RandomForest,Screening1,120,1,3,0.4763,32.7914,43.1647,0.9238,51.8,0.8851,48.51,2022-06-20,2022-06-22,2023-12-18,rate_hike_cycle_2022
RandomForest,Screening1,120,1,4,0.5458,39.2466,51.958,0.9577,53.35,1.0747,50.45,2023-08-01,2023-08-03,2025-01-28,
RandomForest,Screening1,120,5,0,1.4174,76.2454,123.2077,0.9687,49.22,2.3317,48.61,2019-02-13,2019-02-21,2020-08-18,covid_crash
RandomForest,Screening1,120,5,1,1.2223,67.3158,95.0662,0.9733,53.65,1.9453,58.7,2020-03-25,2020-04-02,2021-09-28,covid_crash
RandomForest,Screening1,120,5,2,0.9059,60.3721,81.5057,0.9626,53.12,1.6396,59.43,2021-05-05,2021-05-13,2022-11-08,rate_hike_cycle_2022
RandomForest,Screening1,120,5,3,0.7896,54.2103,75.0105,0.7667,51.82,1.4651,53.54,2022-06-15,2022-06-23,2023-12-19,rate_hike_cycle_2022
RandomForest,Screening1,120,5,4,0.9082,65.3229,85.738,0.8858,49.22,1.7883,51.82,2023-07-26,2023-08-03,2025-01-28,
RandomForest,Screening1,120,20,0,2.6192,137.5347,232.8244,0.8871,51.19,4.2061,50.7,2019-02-13,2019-03-14,2020-09-08,covid_crash
RandomForest,Screening1,120,20,1,2.5657,142.7692,188.1085,0.8886,46.44,4.1579,48.94,2020-03-20,2020-04-20,2021-10-14,covid_crash
RandomForest,Screening1,120,20,2,1.9716,132.67,177.784,0.8076,48.02,3.5981,46.15,2021-04-27,2021-05-26,2022-11-21,rate_hike_cycle_2022
RandomForest,Screening1,120,20,3,1.4289,98.1316,130.6664,0.3024,50.66,2.6588,50.52,2022-06-02,2022-07-01,2023-12-27,rate_hike_cycle_2022
RandomForest,Screening1,120,20,4,1.5149,109.522,161.9871,0.5926,49.08,2.993,50.46,2023-07-10,2023-08-08,2025-01-31,
RandomForest,Screening2,20,1,0,0.8131,44.162,63.932,0.9916,52.84,1.3506,53.42,2019-02-13,2019-02-15,2020-08-12,covid_crash
RandomForest,Screening2,20,1,1,0.7906,43.2887,58.479,0.9901,50.52,1.2465,50.0,2020-03-26,2020-03-30,2021-09-23,covid_crash
RandomForest,Screening2,20,1,2,0.5713,37.9502,48.7583,0.9868,52.84,1.0311,53.77,2021-05-07,2021-05-11,2022-11-04,rate_hike_cycle_2022
RandomForest,Screening2,20,1,3,0.4731,32.5706,42.789,0.9251,56.19,0.8792,56.44,2022-06-20,2022-06-22,2023-12-18,rate_hike_cycle_2022
RandomForest,Screening2,20,1,4,0.5468,39.3239,51.9811,0.9576,52.32,1.0768,54.05,2023-08-01,2023-08-03,2025-01-28,
RandomForest,Screening2,20,5,0,1.426,76.6245,123.565,0.9685,48.7,2.3433,50.0,2019-02-13,2019-02-21,2020-08-18,covid_crash
RandomForest,Screening2,20,5,1,1.238,68.1342,96.5218,0.9724,52.08,1.969,59.78,2020-03-25,2020-04-02,2021-09-28,covid_crash
RandomForest,Screening2,20,5,2,0.9099,60.6357,81.9323,0.9622,53.91,1.6468,57.55,2021-05-05,2021-05-13,2022-11-08,rate_hike_cycle_2022
RandomForest,Screening2,20,5,3,0.7897,54.2227,74.7198,0.7685,53.39,1.4654,54.55,2022-06-15,2022-06-23,2023-12-19,rate_hike_cycle_2022
RandomForest,Screening2,20,5,4,0.9116,65.5628,85.9008,0.8854,48.96,1.7949,51.82,2023-07-26,2023-08-03,2025-01-28,
RandomForest,Screening2,20,20,0,2.5395,133.3182,227.7554,0.8919,50.4,4.0771,50.7,2019-02-13,2019-03-14,2020-09-08,covid_crash
RandomForest,Screening2,20,20,1,2.5972,144.8909,192.523,0.8834,46.7,4.2197,46.81,2020-03-20,2020-04-20,2021-10-14,covid_crash
RandomForest,Screening2,20,20,2,1.9787,133.1626,178.9445,0.8051,48.02,3.6114,48.08,2021-04-27,2021-05-26,2022-11-21,rate_hike_cycle_2022
RandomForest,Screening2,20,20,3,1.4211,97.6357,129.8197,0.3115,50.66,2.6454,48.45,2022-06-02,2022-07-01,2023-12-27,rate_hike_cycle_2022
RandomForest,Screening2,20,20,4,1.5095,109.2283,162.0543,0.5922,50.4,2.985,50.46,2023-07-10,2023-08-08,2025-01-31,
RandomForest,Screening2,120,1,0,0.8138,44.1832,63.7121,0.9916,47.42,1.3512,42.47,2019-02-13,2019-02-15,2020-08-12,covid_crash
RandomForest,Screening2,120,1,1,0.7881,43.1755,58.1031,0.9902,46.13,1.2432,47.87,2020-03-26,2020-03-30,2021-09-23,covid_crash
RandomForest,Screening2,120,1,2,0.5725,38.0327,48.9269,0.9867,52.32,1.0334,54.72,2021-05-07,2021-05-11,2022-11-04,rate_hike_cycle_2022
RandomForest,Screening2,120,1,3,0.4781,32.916,43.2998,0.9233,51.55,0.8885,52.48,2022-06-20,2022-06-22,2023-12-18,rate_hike_cycle_2022
RandomForest,Screening2,120,1,4,0.5448,39.1766,51.9269,0.9577,53.87,1.0727,51.35,2023-08-01,2023-08-03,2025-01-28,
RandomForest,Screening2,120,5,0,1.4234,76.6054,123.3627,0.9686,46.88,2.3427,47.22,2019-02-13,2019-02-21,2020-08-18,covid_crash
RandomForest,Screening2,120,5,1,1.2035,66.3556,94.3581,0.9737,51.3,1.9176,58.7,2020-03-25,2020-04-02,2021-09-28,covid_crash
RandomForest,Screening2,120,5,2,0.9015,60.0586,81.28,0.9628,52.34,1.6311,56.6,2021-05-05,2021-05-13,2022-11-08,rate_hike_cycle_2022
RandomForest,Screening2,120,5,3,0.793,54.4335,75.354,0.7645,51.56,1.4711,54.55,2022-06-15,2022-06-23,2023-12-19,rate_hike_cycle_2022
RandomForest,Screening2,120,5,4,0.9109,65.511,86.0478,0.885,49.74,1.7935,50.91,2023-07-26,2023-08-03,2025-01-28,
RandomForest,Screening2,120,20,0,2.624,137.8639,233.192,0.8867,51.45,4.2161,49.3,2019-02-13,2019-03-14,2020-09-08,covid_crash
RandomForest,Screening2,120,20,1,2.5614,142.9742,188.0259,0.8887,45.65,4.1639,45.74,2020-03-20,2020-04-20,2021-10-14,covid_crash
RandomForest,Screening2,120,20,2,1.9813,133.2452,177.7508,0.8077,47.49,3.6137,47.12,2021-04-27,2021-05-26,2022-11-21,rate_hike_cycle_2022
RandomForest,Screening2,120,20,3,1.4195,97.4803,130.4019,0.3053,50.92,2.6412,49.48,2022-06-02,2022-07-01,2023-12-27,rate_hike_cycle_2022
RandomForest,Screening2,120,20,4,1.5108,109.2513,162.263,0.5912,49.6,2.9856,51.38,2023-07-10,2023-08-08,2025-01-31,
RandomForest,All_Commodity_STI,20,1,0,0.8099,43.9767,63.7046,0.9916,53.61,1.3449,53.42,2019-02-13,2019-02-15,2020-08-12,covid_crash
RandomForest,All_Commodity_STI,20,1,1,0.7953,43.5473,58.5605,0.9901,50.77,1.2539,56.38,2020-03-26,2020-03-30,2021-09-23,covid_crash
RandomForest,All_Commodity_STI,20,1,2,0.5744,38.1629,49.0007,0.9866,52.32,1.0369,55.66,2021-05-07,2021-05-11,2022-11-04,rate_hike_cycle_2022
RandomForest,All_Commodity_STI,20,1,3,0.4703,32.3809,42.4558,0.9263,56.7,0.8741,57.43,2022-06-20,2022-06-22,2023-12-18,rate_hike_cycle_2022
RandomForest,All_Commodity_STI,20,1,4,0.5471,39.3371,52.0345,0.9575,50.26,1.0771,52.25,2023-08-01,2023-08-03,2025-01-28,
RandomForest,All_Commodity_STI,20,5,0,1.4347,77.1112,124.123,0.9682,48.44,2.3582,51.39,2019-02-13,2019-02-21,2020-08-18,covid_crash
RandomForest,All_Commodity_STI,20,5,1,1.2256,67.4339,96.3951,0.9725,53.65,1.9487,59.78,2020-03-25,2020-04-02,2021-09-28,covid_crash
RandomForest,All_Commodity_STI,20,5,2,0.9107,60.6653,82.3266,0.9619,53.91,1.6476,57.55,2021-05-05,2021-05-13,2022-11-08,rate_hike_cycle_2022
RandomForest,All_Commodity_STI,20,5,3,0.7866,54.0073,74.8035,0.7679,54.17,1.4596,55.56,2022-06-15,2022-06-23,2023-12-19,rate_hike_cycle_2022
RandomForest,All_Commodity_STI,20,5,4,0.9113,65.5534,85.9807,0.8852,49.22,1.7947,51.82,2023-07-26,2023-08-03,2025-01-28,
RandomForest,All_Commodity_STI,20,20,0,2.5421,133.3906,227.9671,0.8917,50.13,4.0793,49.3,2019-02-13,2019-03-14,2020-09-08,covid_crash
RandomForest,All_Commodity_STI,20,20,1,2.5898,144.7629,192.3252,0.8836,47.49,4.216,46.81,2020-03-20,2020-04-20,2021-10-14,covid_crash
RandomForest,All_Commodity_STI,20,20,2,2.0054,135.0306,180.48,0.8017,48.55,3.6621,48.08,2021-04-27,2021-05-26,2022-11-21,rate_hike_cycle_2022
RandomForest,All_Commodity_STI,20,20,3,1.4231,97.7853,129.6937,0.3128,50.13,2.6495,47.42,2022-06-02,2022-07-01,2023-12-27,rate_hike_cycle_2022
RandomForest,All_Commodity_STI,20,20,4,1.5147,109.6587,163.7617,0.5836,50.13,2.9968,49.54,2023-07-10,2023-08-08,2025-01-31,
RandomForest,All_Commodity_STI,120,1,0,0.8117,44.0867,63.5913,0.9917,50.0,1.3483,43.84,2019-02-13,2019-02-15,2020-08-12,covid_crash
RandomForest,All_Commodity_STI,120,1,1,0.7945,43.522,58.3465,0.9901,45.62,1.2532,47.87,2020-03-26,2020-03-30,2021-09-23,covid_crash
RandomForest,All_Commodity_STI,120,1,2,0.5722,38.0018,48.9559,0.9866,54.64,1.0325,54.72,2021-05-07,2021-05-11,2022-11-04,rate_hike_cycle_2022
RandomForest,All_Commodity_STI,120,1,3,0.4749,32.6978,42.9935,0.9244,55.15,0.8826,57.43,2022-06-20,2022-06-22,2023-12-18,rate_hike_cycle_2022
RandomForest,All_Commodity_STI,120,1,4,0.5454,39.2134,51.8385,0.9578,54.9,1.0737,56.76,2023-08-01,2023-08-03,2025-01-28,
RandomForest,All_Commodity_STI,120,5,0,1.4271,76.7677,123.7697,0.9684,47.92,2.3477,48.61,2019-02-13,2019-02-21,2020-08-18,covid_crash
RandomForest,All_Commodity_STI,120,5,1,1.2113,66.7621,94.233,0.9737,52.6,1.9293,63.04,2020-03-25,2020-04-02,2021-09-28,covid_crash
RandomForest,All_Commodity_STI,120,5,2,0.9063,60.4032,81.808,0.9624,53.12,1.6405,57.55,2021-05-05,2021-05-13,2022-11-08,rate_hike_cycle_2022
RandomForest,All_Commodity_STI,120,5,3,0.7947,54.5621,75.3603,0.7645,51.3,1.4746,50.51,2022-06-15,2022-06-23,2023-12-19,rate_hike_cycle_2022
RandomForest,All_Commodity_STI,120,5,4,0.9114,65.5471,85.9953,0.8851,49.48,1.7945,51.82,2023-07-26,2023-08-03,2025-01-28,
RandomForest,All_Commodity_STI,120,20,0,2.644,138.8018,233.7339,0.8862,51.45,4.2448,49.3,2019-02-13,2019-03-14,2020-09-08,covid_crash
RandomForest,All_Commodity_STI,120,20,1,2.5625,142.9455,188.3073,0.8884,46.97,4.1631,48.94,2020-03-20,2020-04-20,2021-10-14,covid_crash
RandomForest,All_Commodity_STI,120,20,2,2.0412,137.7139,182.1442,0.798,47.49,3.7349,46.15,2021-04-27,2021-05-26,2022-11-21,rate_hike_cycle_2022
RandomForest,All_Commodity_STI,120,20,3,1.4505,99.6636,132.2934,0.285,50.66,2.7004,48.45,2022-06-02,2022-07-01,2023-12-27,rate_hike_cycle_2022
RandomForest,All_Commodity_STI,120,20,4,1.5208,109.9955,163.6717,0.5841,49.6,3.006,51.38,2023-07-10,2023-08-08,2025-01-31,
RandomForest,All_Macro_no_UST,20,1,0,0.8138,44.1591,64.0114,0.9915,52.32,1.3505,45.21,2019-02-13,2019-02-15,2020-08-12,covid_crash
RandomForest,All_Macro_no_UST,20,1,1,0.788,43.1039,58.3636,0.9901,51.29,1.2412,45.74,2020-03-26,2020-03-30,2021-09-23,covid_crash
RandomForest,All_Macro_no_UST,20,1,2,0.5704,37.8942,48.723,0.9868,52.06,1.0296,52.83,2021-05-07,2021-05-11,2022-11-04,rate_hike_cycle_2022
RandomForest,All_Macro_no_UST,20,1,3,0.4758,32.7607,43.0755,0.9241,52.58,0.8843,49.5,2022-06-20,2022-06-22,2023-12-18,rate_hike_cycle_2022
RandomForest,All_Macro_no_UST,20,1,4,0.547,39.3353,52.0409,0.9575,51.55,1.0771,47.75,2023-08-01,2023-08-03,2025-01-28,
RandomForest,All_Macro_no_UST,20,5,0,1.4167,76.1384,123.2325,0.9687,48.7,2.3285,50.0,2019-02-13,2019-02-21,2020-08-18,covid_crash
RandomForest,All_Macro_no_UST,20,5,1,1.1986,66.1741,94.9315,0.9733,52.34,1.9123,58.7,2020-03-25,2020-04-02,2021-09-28,covid_crash
RandomForest,All_Macro_no_UST,20,5,2,0.8987,59.8617,80.7863,0.9633,55.21,1.6258,59.43,2021-05-05,2021-05-13,2022-11-08,rate_hike_cycle_2022
RandomForest,All_Macro_no_UST,20,5,3,0.7895,54.2087,74.7236,0.7684,53.12,1.465,52.53,2022-06-15,2022-06-23,2023-12-19,rate_hike_cycle_2022
RandomForest,All_Macro_no_UST,20,5,4,0.9153,65.8294,86.2304,0.8845,48.44,1.8022,50.91,2023-07-26,2023-08-03,2025-01-28,
RandomForest,All_Macro_no_UST,20,20,0,2.55,133.6319,228.3563,0.8913,51.45,4.0867,52.11,2019-02-13,2019-03-14,2020-09-08,covid_crash
RandomForest,All_Macro_no_UST,20,20,1,2.6215,146.1257,192.8399,0.883,46.44,4.2557,46.81,2020-03-20,2020-04-20,2021-10-14,covid_crash
RandomForest,All_Macro_no_UST,20,20,2,1.9723,132.7391,177.9016,0.8073,48.55,3.6,48.08,2021-04-27,2021-05-26,2022-11-21,rate_hike_cycle_2022
RandomForest,All_Macro_no_UST,20,20,3,1.4174,97.3868,129.4496,0.3154,50.92,2.6387,48.45,2022-06-02,2022-07-01,2023-12-27,rate_hike_cycle_2022
RandomForest,All_Macro_no_UST,20,20,4,1.5085,109.1358,161.8418,0.5933,50.13,2.9825,49.54,2023-07-10,2023-08-08,2025-01-31,
RandomForest,All_Macro_no_UST,120,1,0,0.8144,44.2056,63.7444,0.9916,47.68,1.3519,34.25,2019-02-13,2019-02-15,2020-08-12,covid_crash
RandomForest,All_Macro_no_UST,120,1,1,0.7844,42.9157,57.9896,0.9903,47.42,1.2357,38.3,2020-03-26,2020-03-30,2021-09-23,covid_crash
RandomForest,All_Macro_no_UST,120,1,2,0.569,37.8004,48.5892,0.9868,53.09,1.0271,50.0,2021-05-07,2021-05-11,2022-11-04,rate_hike_cycle_2022
RandomForest,All_Macro_no_UST,120,1,3,0.4765,32.8075,43.2153,0.9236,54.64,0.8856,50.5,2022-06-20,2022-06-22,2023-12-18,rate_hike_cycle_2022
RandomForest,All_Macro_no_UST,120,1,4,0.5461,39.2679,51.9921,0.9576,51.8,1.0752,50.45,2023-08-01,2023-08-03,2025-01-28,
RandomForest,All_Macro_no_UST,120,5,0,1.4191,76.3909,123.0331,0.9688,47.4,2.3362,47.22,2019-02-13,2019-02-21,2020-08-18,covid_crash
RandomForest,All_Macro_no_UST,120,5,1,1.1874,65.5607,93.9742,0.9739,51.82,1.8946,55.43,2020-03-25,2020-04-02,2021-09-28,covid_crash
RandomForest,All_Macro_no_UST,120,5,2,0.8939,59.5507,80.5099,0.9635,55.21,1.6173,61.32,2021-05-05,2021-05-13,2022-11-08,rate_hike_cycle_2022
RandomForest,All_Macro_no_UST,120,5,3,0.7893,54.1875,74.8111,0.7679,51.56,1.4644,52.53,2022-06-15,2022-06-23,2023-12-19,rate_hike_cycle_2022
RandomForest,All_Macro_no_UST,120,5,4,0.9146,65.7769,86.2844,0.8844,48.96,1.8008,51.82,2023-07-26,2023-08-03,2025-01-28,
RandomForest,All_Macro_no_UST,120,20,0,2.6211,137.7128,232.9092,0.887,52.24,4.2115,50.7,2019-02-13,2019-03-14,2020-09-08,covid_crash
RandomForest,All_Macro_no_UST,120,20,1,2.6029,145.174,190.7295,0.8855,46.44,4.228,46.81,2020-03-20,2020-04-20,2021-10-14,covid_crash
RandomForest,All_Macro_no_UST,120,20,2,1.9513,131.2298,177.3068,0.8086,48.55,3.559,45.19,2021-04-27,2021-05-26,2022-11-21,rate_hike_cycle_2022
RandomForest,All_Macro_no_UST,120,20,3,1.4118,96.9261,130.0862,0.3086,51.72,2.6262,49.48,2022-06-02,2022-07-01,2023-12-27,rate_hike_cycle_2022
RandomForest,All_Macro_no_UST,120,20,4,1.513,109.3583,161.5776,0.5946,49.08,2.9886,50.46,2023-07-10,2023-08-08,2025-01-31,
RandomForest,All_Covariates,20,1,0,0.808,43.8923,63.3755,0.9917,53.35,1.3423,52.05,2019-02-13,2019-02-15,2020-08-12,covid_crash
RandomForest,All_Covariates,20,1,1,0.7884,43.197,58.0541,0.9902,51.55,1.2438,57.45,2020-03-26,2020-03-30,2021-09-23,covid_crash
RandomForest,All_Covariates,20,1,2,0.5683,37.7309,48.5665,0.9869,53.09,1.0252,57.55,2021-05-07,2021-05-11,2022-11-04,rate_hike_cycle_2022
RandomForest,All_Covariates,20,1,3,0.4752,32.7175,43.1301,0.9239,54.64,0.8831,52.48,2022-06-20,2022-06-22,2023-12-18,rate_hike_cycle_2022
RandomForest,All_Covariates,20,1,4,0.546,39.2608,51.9174,0.9577,55.15,1.075,58.56,2023-08-01,2023-08-03,2025-01-28,
RandomForest,All_Covariates,20,5,0,1.4153,76.0765,123.0655,0.9688,48.7,2.3266,48.61,2019-02-13,2019-02-21,2020-08-18,covid_crash
RandomForest,All_Covariates,20,5,1,1.2055,66.4228,95.33,0.9731,52.08,1.9195,60.87,2020-03-25,2020-04-02,2021-09-28,covid_crash
RandomForest,All_Covariates,20,5,2,0.907,60.4484,81.5679,0.9626,54.17,1.6417,59.43,2021-05-05,2021-05-13,2022-11-08,rate_hike_cycle_2022
RandomForest,All_Covariates,20,5,3,0.8266,56.7541,77.5703,0.7505,50.78,1.5338,49.49,2022-06-15,2022-06-23,2023-12-19,rate_hike_cycle_2022
RandomForest,All_Covariates,20,5,4,0.9147,65.7889,86.246,0.8845,48.96,1.8011,50.91,2023-07-26,2023-08-03,2025-01-28,
RandomForest,All_Covariates,20,20,0,2.5309,132.8347,226.5236,0.8931,50.92,4.0623,49.3,2019-02-13,2019-03-14,2020-09-08,covid_crash
RandomForest,All_Covariates,20,20,1,2.5847,144.409,191.1857,0.885,47.49,4.2057,46.81,2020-03-20,2020-04-20,2021-10-14,covid_crash
RandomForest,All_Covariates,20,20,2,1.9676,132.4518,176.7678,0.8098,48.28,3.5922,47.12,2021-04-27,2021-05-26,2022-11-21,rate_hike_cycle_2022
RandomForest,All_Covariates,20,20,3,1.4445,99.2817,131.3858,0.2947,51.45,2.69,50.52,2022-06-02,2022-07-01,2023-12-27,rate_hike_cycle_2022
RandomForest,All_Covariates,20,20,4,1.5162,109.7265,163.5043,0.5849,49.87,2.9986,48.62,2023-07-10,2023-08-08,2025-01-31,
RandomForest,All_Covariates,120,1,0,0.812,44.0913,63.5574,0.9917,47.68,1.3484,43.84,2019-02-13,2019-02-15,2020-08-12,covid_crash
RandomForest,All_Covariates,120,1,1,0.7875,43.127,57.9877,0.9903,47.94,1.2418,44.68,2020-03-26,2020-03-30,2021-09-23,covid_crash
RandomForest,All_Covariates,120,1,2,0.5703,37.8871,48.6791,0.9868,52.58,1.0294,55.66,2021-05-07,2021-05-11,2022-11-04,rate_hike_cycle_2022
RandomForest,All_Covariates,120,1,3,0.4826,33.2273,43.7321,0.9218,48.71,0.8969,43.56,2022-06-20,2022-06-22,2023-12-18,rate_hike_cycle_2022
RandomForest,All_Covariates,120,1,4,0.5482,39.4173,52.1355,0.9574,52.32,1.0793,50.45,2023-08-01,2023-08-03,2025-01-28,
RandomForest,All_Covariates,120,5,0,1.4195,76.4482,122.7314,0.9689,47.66,2.3379,50.0,2019-02-13,2019-02-21,2020-08-18,covid_crash
RandomForest,All_Covariates,120,5,1,1.1993,66.1257,95.1887,0.9732,50.52,1.9109,57.61,2020-03-25,2020-04-02,2021-09-28,covid_crash
RandomForest,All_Covariates,120,5,2,0.8999,59.9756,80.9613,0.9631,53.12,1.6289,56.6,2021-05-05,2021-05-13,2022-11-08,rate_hike_cycle_2022
RandomForest,All_Covariates,120,5,3,0.8197,56.2681,77.0684,0.7537,50.0,1.5207,47.47,2022-06-15,2022-06-23,2023-12-19,rate_hike_cycle_2022
RandomForest,All_Covariates,120,5,4,0.9136,65.6978,86.2491,0.8845,48.7,1.7986,51.82,2023-07-26,2023-08-03,2025-01-28,
RandomForest,All_Covariates,120,20,0,2.6337,138.329,233.323,0.8866,51.98,4.2304,50.7,2019-02-13,2019-03-14,2020-09-08,covid_crash
RandomForest,All_Covariates,120,20,1,2.581,143.9167,189.1044,0.8875,46.44,4.1914,46.81,2020-03-20,2020-04-20,2021-10-14,covid_crash
RandomForest,All_Covariates,120,20,2,1.977,132.9909,176.4807,0.8104,47.76,3.6068,46.15,2021-04-27,2021-05-26,2022-11-21,rate_hike_cycle_2022
RandomForest,All_Covariates,120,20,3,1.4737,101.2749,134.0597,0.2657,50.4,2.744,49.48,2022-06-02,2022-07-01,2023-12-27,rate_hike_cycle_2022
RandomForest,All_Covariates,120,20,4,1.5131,109.3744,161.4556,0.5952,49.34,2.989,50.46,2023-07-10,2023-08-08,2025-01-31,
ExtraTrees,Baseline,20,1,0,0.8168,44.2943,64.0094,0.9915,50.52,1.3546,45.21,2019-02-13,2019-02-15,2020-08-12,covid_crash
ExtraTrees,Baseline,20,1,1,0.7838,42.8989,57.7485,0.9903,47.94,1.2353,50.0,2020-03-26,2020-03-30,2021-09-23,covid_crash
ExtraTrees,Baseline,20,1,2,0.5716,37.9701,48.7837,0.9867,51.55,1.0317,53.77,2021-05-07,2021-05-11,2022-11-04,rate_hike_cycle_2022
ExtraTrees,Baseline,20,1,3,0.4744,32.6623,43.0239,0.9243,54.12,0.8817,47.52,2022-06-20,2022-06-22,2023-12-18,rate_hike_cycle_2022
ExtraTrees,Baseline,20,1,4,0.5463,39.2836,51.9395,0.9577,52.58,1.0757,47.75,2023-08-01,2023-08-03,2025-01-28,
ExtraTrees,Baseline,20,5,0,1.4184,76.2596,123.7829,0.9684,49.22,2.3322,47.22,2019-02-13,2019-02-21,2020-08-18,covid_crash
ExtraTrees,Baseline,20,5,1,1.1812,65.3851,93.7724,0.974,51.04,1.8895,56.52,2020-03-25,2020-04-02,2021-09-28,covid_crash
ExtraTrees,Baseline,20,5,2,0.9006,59.9791,80.7596,0.9633,54.69,1.629,58.49,2021-05-05,2021-05-13,2022-11-08,rate_hike_cycle_2022
ExtraTrees,Baseline,20,5,3,0.7906,54.288,74.6894,0.7686,52.08,1.4672,50.51,2022-06-15,2022-06-23,2023-12-19,rate_hike_cycle_2022
ExtraTrees,Baseline,20,5,4,0.9141,65.744,86.0764,0.8849,48.96,1.7999,52.73,2023-07-26,2023-08-03,2025-01-28,
ExtraTrees,Baseline,20,20,0,2.5442,133.4979,227.8943,0.8918,50.66,4.0826,52.11,2019-02-13,2019-03-14,2020-09-08,covid_crash
ExtraTrees,Baseline,20,20,1,2.6234,146.2095,193.3428,0.8824,46.97,4.2581,47.87,2020-03-20,2020-04-20,2021-10-14,covid_crash
ExtraTrees,Baseline,20,20,2,1.9726,132.7534,177.8056,0.8075,48.55,3.6003,49.04,2021-04-27,2021-05-26,2022-11-21,rate_hike_cycle_2022
ExtraTrees,Baseline,20,20,3,1.4222,97.7392,129.4187,0.3157,50.92,2.6482,48.45,2022-06-02,2022-07-01,2023-12-27,rate_hike_cycle_2022
ExtraTrees,Baseline,20,20,4,1.5068,109.0586,161.9392,0.5928,50.92,2.9804,50.46,2023-07-10,2023-08-08,2025-01-31,
ExtraTrees,Baseline,120,1,0,0.814,44.1804,63.6737,0.9916,48.97,1.3511,43.84,2019-02-13,2019-02-15,2020-08-12,covid_crash
ExtraTrees,Baseline,120,1,1,0.7897,43.1792,58.0659,0.9902,47.16,1.2433,40.43,2020-03-26,2020-03-30,2021-09-23,covid_crash
ExtraTrees,Baseline,120,1,2,0.5708,37.9142,48.7316,0.9868,53.35,1.0302,52.83,2021-05-07,2021-05-11,2022-11-04,rate_hike_cycle_2022
ExtraTrees,Baseline,120,1,3,0.4743,32.6526,43.021,0.9243,54.38,0.8814,49.5,2022-06-20,2022-06-22,2023-12-18,rate_hike_cycle_2022
ExtraTrees,Baseline,120,1,4,0.5462,39.2759,51.9355,0.9577,53.35,1.0755,50.45,2023-08-01,2023-08-03,2025-01-28,
ExtraTrees,Baseline,120,5,0,1.4178,76.2513,123.476,0.9686,47.92,2.3319,50.0,2019-02-13,2019-02-21,2020-08-18,covid_crash
ExtraTrees,Baseline,120,5,1,1.1773,65.1378,93.0999,0.9744,52.86,1.8824,57.61,2020-03-25,2020-04-02,2021-09-28,covid_crash
ExtraTrees,Baseline,120,5,2,0.8974,59.7719,80.6253,0.9634,54.95,1.6233,60.38,2021-05-05,2021-05-13,2022-11-08,rate_hike_cycle_2022
ExtraTrees,Baseline,120,5,3,0.7894,54.2008,74.7046,0.7686,52.86,1.4648,52.53,2022-06-15,2022-06-23,2023-12-19,rate_hike_cycle_2022
ExtraTrees,Baseline,120,5,4,0.9132,65.6774,86.1133,0.8848,48.96,1.798,51.82,2023-07-26,2023-08-03,2025-01-28,
ExtraTrees,Baseline,120,20,0,2.6284,138.0037,233.333,0.8866,52.24,4.2204,50.7,2019-02-13,2019-03-14,2020-09-08,covid_crash
ExtraTrees,Baseline,120,20,1,2.6025,145.0742,191.0346,0.8851,45.65,4.2251,44.68,2020-03-20,2020-04-20,2021-10-14,covid_crash
ExtraTrees,Baseline,120,20,2,1.9488,131.043,177.1464,0.809,49.34,3.554,48.08,2021-04-27,2021-05-26,2022-11-21,rate_hike_cycle_2022
ExtraTrees,Baseline,120,20,3,1.4211,97.5822,130.1338,0.3081,51.19,2.644,49.48,2022-06-02,2022-07-01,2023-12-27,rate_hike_cycle_2022
ExtraTrees,Baseline,120,20,4,1.5173,109.7218,162.8177,0.5884,49.34,2.9985,48.62,2023-07-10,2023-08-08,2025-01-31,
ExtraTrees,BI_Rate,20,1,0,0.812,44.0719,63.6577,0.9916,51.03,1.3478,45.21,2019-02-13,2019-02-15,2020-08-12,covid_crash
ExtraTrees,BI_Rate,20,1,1,0.7845,42.9291,57.804,0.9903,46.13,1.2361,47.87,2020-03-26,2020-03-30,2021-09-23,covid_crash
ExtraTrees,BI_Rate,20,1,2,0.5723,38.0183,48.7875,0.9867,52.84,1.033,56.6,2021-05-07,2021-05-11,2022-11-04,rate_hike_cycle_2022
ExtraTrees,BI_Rate,20,1,3,0.4748,32.6896,43.0263,0.9243,54.38,0.8824,48.51,2022-06-20,2022-06-22,2023-12-18,rate_hike_cycle_2022
ExtraTrees,BI_Rate,20,1,4,0.5462,39.2796,51.9413,0.9577,53.35,1.0756,50.45,2023-08-01,2023-08-03,2025-01-28,
ExtraTrees,BI_Rate,20,5,0,1.4125,75.9799,122.8508,0.9689,49.48,2.3236,50.0,2019-02-13,2019-02-21,2020-08-18,covid_crash
ExtraTrees,BI_Rate,20,5,1,1.1797,65.2876,93.4573,0.9742,51.04,1.8867,59.78,2020-03-25,2020-04-02,2021-09-28,covid_crash
ExtraTrees,BI_Rate,20,5,2,0.9011,60.0162,80.8012,0.9633,53.91,1.63,57.55,2021-05-05,2021-05-13,2022-11-08,rate_hike_cycle_2022
ExtraTrees,BI_Rate,20,5,3,0.791,54.3149,74.6829,0.7687,52.08,1.4679,51.52,2022-06-15,2022-06-23,2023-12-19,rate_hike_cycle_2022
ExtraTrees,BI_Rate,20,5,4,0.9136,65.7051,86.0127,0.8851,49.22,1.7988,52.73,2023-07-26,2023-08-03,2025-01-28,
ExtraTrees,BI_Rate,20,20,0,2.5518,133.8082,228.9471,0.8908,50.66,4.0921,52.11,2019-02-13,2019-03-14,2020-09-08,covid_crash
ExtraTrees,BI_Rate,20,20,1,2.6231,146.3069,193.3935,0.8823,46.7,4.261,48.94,2020-03-20,2020-04-20,2021-10-14,covid_crash
ExtraTrees,BI_Rate,20,20,2,1.9715,132.6783,177.7397,0.8077,48.55,3.5983,49.04,2021-04-27,2021-05-26,2022-11-21,rate_hike_cycle_2022
ExtraTrees,BI_Rate,20,20,3,1.4213,97.679,129.4081,0.3158,51.19,2.6466,49.48,2022-06-02,2022-07-01,2023-12-27,rate_hike_cycle_2022
ExtraTrees,BI_Rate,20,20,4,1.507,109.0684,161.9984,0.5925,50.92,2.9806,50.46,2023-07-10,2023-08-08,2025-01-31,
ExtraTrees,BI_Rate,120,1,0,0.8135,44.1681,63.6604,0.9916,47.16,1.3507,35.62,2019-02-13,2019-02-15,2020-08-12,covid_crash
ExtraTrees,BI_Rate,120,1,1,0.7851,42.958,57.7868,0.9903,47.16,1.237,44.68,2020-03-26,2020-03-30,2021-09-23,covid_crash
ExtraTrees,BI_Rate,120,1,2,0.571,37.934,48.7268,0.9868,53.09,1.0307,53.77,2021-05-07,2021-05-11,2022-11-04,rate_hike_cycle_2022
ExtraTrees,BI_Rate,120,1,3,0.4742,32.647,42.9881,0.9244,54.9,0.8812,50.5,2022-06-20,2022-06-22,2023-12-18,rate_hike_cycle_2022
ExtraTrees,BI_Rate,120,1,4,0.5464,39.2939,51.9378,0.9577,51.8,1.0759,51.35,2023-08-01,2023-08-03,2025-01-28,
ExtraTrees,BI_Rate,120,5,0,1.4151,76.1688,122.967,0.9688,48.18,2.3294,50.0,2019-02-13,2019-02-21,2020-08-18,covid_crash
ExtraTrees,BI_Rate,120,5,1,1.1725,64.8733,92.3425,0.9748,51.56,1.8747,58.7,2020-03-25,2020-04-02,2021-09-28,covid_crash
ExtraTrees,BI_Rate,120,5,2,0.897,59.7471,80.658,0.9634,54.69,1.6227,59.43,2021-05-05,2021-05-13,2022-11-08,rate_hike_cycle_2022
ExtraTrees,BI_Rate,120,5,3,0.7888,54.1546,74.6316,0.769,52.6,1.4636,52.53,2022-06-15,2022-06-23,2023-12-19,rate_hike_cycle_2022
ExtraTrees,BI_Rate,120,5,4,0.9132,65.6715,86.0835,0.8849,48.96,1.7979,51.82,2023-07-26,2023-08-03,2025-01-28,
ExtraTrees,BI_Rate,120,20,0,2.6255,137.8625,233.1331,0.8868,51.72,4.2161,49.3,2019-02-13,2019-03-14,2020-09-08,covid_crash
ExtraTrees,BI_Rate,120,20,1,2.5837,144.1677,190.0557,0.8863,46.17,4.1987,45.74,2020-03-20,2020-04-20,2021-10-14,covid_crash
ExtraTrees,BI_Rate,120,20,2,1.945,130.8011,177.036,0.8092,49.34,3.5474,48.08,2021-04-27,2021-05-26,2022-11-21,rate_hike_cycle_2022
ExtraTrees,BI_Rate,120,20,3,1.4207,97.5532,130.13,0.3082,51.19,2.6432,49.48,2022-06-02,2022-07-01,2023-12-27,rate_hike_cycle_2022
ExtraTrees,BI_Rate,120,20,4,1.5109,109.2454,161.483,0.5951,49.34,2.9855,49.54,2023-07-10,2023-08-08,2025-01-31,
ExtraTrees,CPI,20,1,0,0.8125,44.1041,63.7021,0.9916,50.52,1.3488,49.32,2019-02-13,2019-02-15,2020-08-12,covid_crash
ExtraTrees,CPI,20,1,1,0.7844,42.9324,57.8149,0.9903,47.68,1.2362,48.94,2020-03-26,2020-03-30,2021-09-23,covid_crash
ExtraTrees,CPI,20,1,2,0.5713,37.9535,48.7656,0.9868,52.58,1.0312,55.66,2021-05-07,2021-05-11,2022-11-04,rate_hike_cycle_2022
ExtraTrees,CPI,20,1,3,0.4745,32.6673,43.0923,0.924,54.38,0.8818,45.54,2022-06-20,2022-06-22,2023-12-18,rate_hike_cycle_2022
ExtraTrees,CPI,20,1,4,0.5467,39.314,51.9578,0.9577,52.06,1.0765,51.35,2023-08-01,2023-08-03,2025-01-28,
ExtraTrees,CPI,20,5,0,1.4146,76.0924,123.1406,0.9687,48.96,2.327,48.61,2019-02-13,2019-02-21,2020-08-18,covid_crash
ExtraTrees,CPI,20,5,1,1.1819,65.3859,93.2066,0.9743,50.78,1.8896,58.7,2020-03-25,2020-04-02,2021-09-28,covid_crash
ExtraTrees,CPI,20,5,2,0.9016,60.0523,80.8389,0.9632,54.69,1.631,57.55,2021-05-05,2021-05-13,2022-11-08,rate_hike_cycle_2022
ExtraTrees,CPI,20,5,3,0.7919,54.3798,74.8679,0.7675,52.08,1.4696,50.51,2022-06-15,2022-06-23,2023-12-19,rate_hike_cycle_2022
ExtraTrees,CPI,20,5,4,0.9143,65.7615,86.0509,0.885,48.96,1.8004,52.73,2023-07-26,2023-08-03,2025-01-28,
ExtraTrees,CPI,20,20,0,2.5465,133.594,228.1693,0.8915,50.92,4.0856,52.11,2019-02-13,2019-03-14,2020-09-08,covid_crash
ExtraTrees,CPI,20,20,1,2.618,145.9763,193.0653,0.8827,46.44,4.2514,46.81,2020-03-20,2020-04-20,2021-10-14,covid_crash
ExtraTrees,CPI,20,20,2,1.9783,133.1582,178.0524,0.807,49.08,3.6113,50.0,2021-04-27,2021-05-26,2022-11-21,rate_hike_cycle_2022
ExtraTrees,CPI,20,20,3,1.4222,97.7376,129.4376,0.3155,50.66,2.6482,49.48,2022-06-02,2022-07-01,2023-12-27,rate_hike_cycle_2022
ExtraTrees,CPI,20,20,4,1.5076,109.1184,162.0447,0.5923,50.66,2.982,50.46,2023-07-10,2023-08-08,2025-01-31,
ExtraTrees,CPI,120,1,0,0.811,44.0449,63.5267,0.9917,50.52,1.347,38.36,2019-02-13,2019-02-15,2020-08-12,covid_crash
ExtraTrees,CPI,120,1,1,0.7863,43.0273,57.8278,0.9903,43.3,1.2389,40.43,2020-03-26,2020-03-30,2021-09-23,covid_crash
ExtraTrees,CPI,120,1,2,0.57,37.8649,48.7118,0.9868,55.67,1.0288,51.89,2021-05-07,2021-05-11,2022-11-04,rate_hike_cycle_2022
ExtraTrees,CPI,120,1,3,0.4754,32.7323,43.1387,0.9239,53.87,0.8835,45.54,2022-06-20,2022-06-22,2023-12-18,rate_hike_cycle_2022
ExtraTrees,CPI,120,1,4,0.5468,39.3221,52.0078,0.9576,50.52,1.0767,47.75,2023-08-01,2023-08-03,2025-01-28,
ExtraTrees,CPI,120,5,0,1.4166,76.2693,123.0653,0.9688,48.44,2.3325,48.61,2019-02-13,2019-02-21,2020-08-18,covid_crash
ExtraTrees,CPI,120,5,1,1.1737,65.0038,92.5097,0.9747,51.04,1.8785,56.52,2020-03-25,2020-04-02,2021-09-28,covid_crash
ExtraTrees,CPI,120,5,2,0.898,59.8142,80.6782,0.9634,54.69,1.6245,59.43,2021-05-05,2021-05-13,2022-11-08,rate_hike_cycle_2022
ExtraTrees,CPI,120,5,3,0.7894,54.1964,74.8123,0.7679,52.34,1.4647,52.53,2022-06-15,2022-06-23,2023-12-19,rate_hike_cycle_2022
ExtraTrees,CPI,120,5,4,0.9122,65.5987,86.0153,0.8851,49.22,1.7959,52.73,2023-07-26,2023-08-03,2025-01-28,
ExtraTrees,CPI,120,20,0,2.6238,137.8611,232.6633,0.8872,51.45,4.2161,49.3,2019-02-13,2019-03-14,2020-09-08,covid_crash
ExtraTrees,CPI,120,20,1,2.5893,144.5337,190.2177,0.8861,46.44,4.2093,45.74,2020-03-20,2020-04-20,2021-10-14,covid_crash
ExtraTrees,CPI,120,20,2,1.9429,130.6834,177.1583,0.8089,49.34,3.5442,48.08,2021-04-27,2021-05-26,2022-11-21,rate_hike_cycle_2022
ExtraTrees,CPI,120,20,3,1.4201,97.5164,130.2431,0.307,51.19,2.6422,49.48,2022-06-02,2022-07-01,2023-12-27,rate_hike_cycle_2022
ExtraTrees,CPI,120,20,4,1.5117,109.3055,161.6373,0.5943,49.34,2.9871,49.54,2023-07-10,2023-08-08,2025-01-31,
ExtraTrees,M2,20,1,0,0.8115,44.0586,63.4923,0.9917,51.03,1.3474,45.21,2019-02-13,2019-02-15,2020-08-12,covid_crash
ExtraTrees,M2,20,1,1,0.7866,43.0562,57.9697,0.9903,45.62,1.2398,45.74,2020-03-26,2020-03-30,2021-09-23,covid_crash
ExtraTrees,M2,20,1,2,0.5718,37.9837,48.8144,0.9867,51.8,1.032,51.89,2021-05-07,2021-05-11,2022-11-04,rate_hike_cycle_2022
ExtraTrees,M2,20,1,3,0.4747,32.681,43.0177,0.9243,53.35,0.8822,47.52,2022-06-20,2022-06-22,2023-12-18,rate_hike_cycle_2022
ExtraTrees,M2,20,1,4,0.5469,39.3316,51.9748,0.9576,51.03,1.077,47.75,2023-08-01,2023-08-03,2025-01-28,
ExtraTrees,M2,20,5,0,1.416,76.0992,123.272,0.9687,50.0,2.3273,50.0,2019-02-13,2019-02-21,2020-08-18,covid_crash
ExtraTrees,M2,20,5,1,1.173,64.9466,92.7976,0.9745,51.3,1.8769,58.7,2020-03-25,2020-04-02,2021-09-28,covid_crash
ExtraTrees,M2,20,5,2,0.9008,59.9942,80.756,0.9633,54.69,1.6294,59.43,2021-05-05,2021-05-13,2022-11-08,rate_hike_cycle_2022
ExtraTrees,M2,20,5,3,0.7905,54.2847,74.6901,0.7686,52.34,1.4671,52.53,2022-06-15,2022-06-23,2023-12-19,rate_hike_cycle_2022
ExtraTrees,M2,20,5,4,0.9141,65.7422,86.0298,0.885,48.44,1.7998,51.82,2023-07-26,2023-08-03,2025-01-28,
ExtraTrees,M2,20,20,0,2.5467,133.5984,228.195,0.8915,50.92,4.0857,52.11,2019-02-13,2019-03-14,2020-09-08,covid_crash
ExtraTrees,M2,20,20,1,2.6185,146.0222,193.224,0.8825,47.23,4.2527,48.94,2020-03-20,2020-04-20,2021-10-14,covid_crash
ExtraTrees,M2,20,20,2,1.9769,133.0598,177.9094,0.8073,48.28,3.6087,48.08,2021-04-27,2021-05-26,2022-11-21,rate_hike_cycle_2022
ExtraTrees,M2,20,20,3,1.4218,97.7137,129.4258,0.3156,50.66,2.6475,48.45,2022-06-02,2022-07-01,2023-12-27,rate_hike_cycle_2022
ExtraTrees,M2,20,20,4,1.5087,109.1988,162.0901,0.5921,50.92,2.9842,50.46,2023-07-10,2023-08-08,2025-01-31,
ExtraTrees,M2,120,1,0,0.8121,44.0979,63.5275,0.9917,48.97,1.3486,36.99,2019-02-13,2019-02-15,2020-08-12,covid_crash
ExtraTrees,M2,120,1,1,0.7857,42.9988,57.9192,0.9903,49.48,1.2381,44.68,2020-03-26,2020-03-30,2021-09-23,covid_crash
ExtraTrees,M2,120,1,2,0.5702,37.8723,48.7044,0.9868,53.35,1.029,55.66,2021-05-07,2021-05-11,2022-11-04,rate_hike_cycle_2022
ExtraTrees,M2,120,1,3,0.4733,32.5877,42.9352,0.9246,54.64,0.8796,52.48,2022-06-20,2022-06-22,2023-12-18,rate_hike_cycle_2022
ExtraTrees,M2,120,1,4,0.5463,39.2842,51.966,0.9576,53.09,1.0757,49.55,2023-08-01,2023-08-03,2025-01-28,
ExtraTrees,M2,120,5,0,1.4151,76.1524,122.9955,0.9688,47.92,2.3289,48.61,2019-02-13,2019-02-21,2020-08-18,covid_crash
ExtraTrees,M2,120,5,1,1.1717,64.8868,92.5329,0.9747,51.82,1.8751,59.78,2020-03-25,2020-04-02,2021-09-28,covid_crash
ExtraTrees,M2,120,5,2,0.8966,59.7239,80.5585,0.9635,54.95,1.622,60.38,2021-05-05,2021-05-13,2022-11-08,rate_hike_cycle_2022
ExtraTrees,M2,120,5,3,0.7891,54.1781,74.7012,0.7686,52.86,1.4642,52.53,2022-06-15,2022-06-23,2023-12-19,rate_hike_cycle_2022
ExtraTrees,M2,120,5,4,0.9133,65.6845,86.0659,0.8849,48.96,1.7982,51.82,2023-07-26,2023-08-03,2025-01-28,
ExtraTrees,M2,120,20,0,2.6226,137.7176,232.7102,0.8872,51.72,4.2117,49.3,2019-02-13,2019-03-14,2020-09-08,covid_crash
ExtraTrees,M2,120,20,1,2.5899,144.4659,190.8872,0.8853,46.17,4.2074,44.68,2020-03-20,2020-04-20,2021-10-14,covid_crash
ExtraTrees,M2,120,20,2,1.9454,130.8336,177.0056,0.8093,49.34,3.5483,48.08,2021-04-27,2021-05-26,2022-11-21,rate_hike_cycle_2022
ExtraTrees,M2,120,20,3,1.4189,97.4383,130.1013,0.3085,50.92,2.6401,49.48,2022-06-02,2022-07-01,2023-12-27,rate_hike_cycle_2022
ExtraTrees,M2,120,20,4,1.512,109.3252,161.6961,0.594,49.34,2.9877,49.54,2023-07-10,2023-08-08,2025-01-31,
ExtraTrees,NPL_Ratio,20,1,0,0.8121,44.0823,63.634,0.9916,51.55,1.3481,47.95,2019-02-13,2019-02-15,2020-08-12,covid_crash
ExtraTrees,NPL_Ratio,20,1,1,0.7839,42.9259,57.7809,0.9903,49.23,1.236,51.06,2020-03-26,2020-03-30,2021-09-23,covid_crash
ExtraTrees,NPL_Ratio,20,1,2,0.571,37.9251,48.7526,0.9868,53.87,1.0305,49.06,2021-05-07,2021-05-11,2022-11-04,rate_hike_cycle_2022
ExtraTrees,NPL_Ratio,20,1,3,0.4747,32.6849,43.0436,0.9242,53.35,0.8823,48.51,2022-06-20,2022-06-22,2023-12-18,rate_hike_cycle_2022
ExtraTrees,NPL_Ratio,20,1,4,0.5468,39.3236,51.9616,0.9576,51.8,1.0768,52.25,2023-08-01,2023-08-03,2025-01-28,
ExtraTrees,NPL_Ratio,20,5,0,1.4156,76.1011,123.0784,0.9688,48.7,2.3273,47.22,2019-02-13,2019-02-21,2020-08-18,covid_crash
ExtraTrees,NPL_Ratio,20,5,1,1.1784,65.2201,92.9833,0.9744,51.04,1.8848,59.78,2020-03-25,2020-04-02,2021-09-28,covid_crash
ExtraTrees,NPL_Ratio,20,5,2,0.8997,59.9232,80.7002,0.9634,54.17,1.6274,56.6,2021-05-05,2021-05-13,2022-11-08,rate_hike_cycle_2022
ExtraTrees,NPL_Ratio,20,5,3,0.7899,54.2428,74.5995,0.7692,52.86,1.4659,52.53,2022-06-15,2022-06-23,2023-12-19,rate_hike_cycle_2022
ExtraTrees,NPL_Ratio,20,5,4,0.9134,65.6945,86.0004,0.8851,48.18,1.7985,52.73,2023-07-26,2023-08-03,2025-01-28,
ExtraTrees,NPL_Ratio,20,20,0,2.5423,133.4007,227.8452,0.8918,51.45,4.0796,53.52,2019-02-13,2019-03-14,2020-09-08,covid_crash
ExtraTrees,NPL_Ratio,20,20,1,2.6157,145.8038,192.8808,0.8829,46.97,4.2463,46.81,2020-03-20,2020-04-20,2021-10-14,covid_crash
ExtraTrees,NPL_Ratio,20,20,2,1.9692,132.5271,177.694,0.8078,48.81,3.5942,50.0,2021-04-27,2021-05-26,2022-11-21,rate_hike_cycle_2022
ExtraTrees,NPL_Ratio,20,20,3,1.4199,97.5771,129.3447,0.3165,51.19,2.6438,49.48,2022-06-02,2022-07-01,2023-12-27,rate_hike_cycle_2022
ExtraTrees,NPL_Ratio,20,20,4,1.5084,109.1628,162.0651,0.5922,50.92,2.9832,50.46,2023-07-10,2023-08-08,2025-01-31,
ExtraTrees,NPL_Ratio,120,1,0,0.8106,44.0001,63.5047,0.9917,50.52,1.3456,41.1,2019-02-13,2019-02-15,2020-08-12,covid_crash
ExtraTrees,NPL_Ratio,120,1,1,0.7862,43.0258,57.889,0.9903,46.65,1.2389,42.55,2020-03-26,2020-03-30,2021-09-23,covid_crash
ExtraTrees,NPL_Ratio,120,1,2,0.5702,37.8706,48.687,0.9868,53.09,1.029,54.72,2021-05-07,2021-05-11,2022-11-04,rate_hike_cycle_2022
ExtraTrees,NPL_Ratio,120,1,3,0.4736,32.6088,42.9803,0.9244,55.15,0.8802,49.5,2022-06-20,2022-06-22,2023-12-18,rate_hike_cycle_2022
ExtraTrees,NPL_Ratio,120,1,4,0.5459,39.2598,51.935,0.9577,52.84,1.075,48.65,2023-08-01,2023-08-03,2025-01-28,
ExtraTrees,NPL_Ratio,120,5,0,1.4105,75.924,122.817,0.9689,48.18,2.3219,50.0,2019-02-13,2019-02-21,2020-08-18,covid_crash
ExtraTrees,NPL_Ratio,120,5,1,1.1654,64.562,91.9464,0.975,50.52,1.8657,58.7,2020-03-25,2020-04-02,2021-09-28,covid_crash
ExtraTrees,NPL_Ratio,120,5,2,0.8961,59.6918,80.5441,0.9635,53.91,1.6212,58.49,2021-05-05,2021-05-13,2022-11-08,rate_hike_cycle_2022
ExtraTrees,NPL_Ratio,120,5,3,0.7882,54.1162,74.6295,0.769,51.56,1.4625,52.53,2022-06-15,2022-06-23,2023-12-19,rate_hike_cycle_2022
ExtraTrees,NPL_Ratio,120,5,4,0.9128,65.6437,86.0459,0.885,48.96,1.7971,51.82,2023-07-26,2023-08-03,2025-01-28,
ExtraTrees,NPL_Ratio,120,20,0,2.6235,137.7331,232.8315,0.887,51.45,4.2121,49.3,2019-02-13,2019-03-14,2020-09-08,covid_crash
ExtraTrees,NPL_Ratio,120,20,1,2.5788,143.935,190.0838,0.8863,46.44,4.1919,45.74,2020-03-20,2020-04-20,2021-10-14,covid_crash
ExtraTrees,NPL_Ratio,120,20,2,1.9422,130.6051,176.9521,0.8094,49.6,3.5421,48.08,2021-04-27,2021-05-26,2022-11-21,rate_hike_cycle_2022
ExtraTrees,NPL_Ratio,120,20,3,1.4229,97.7007,130.3518,0.3058,50.92,2.6472,49.48,2022-06-02,2022-07-01,2023-12-27,rate_hike_cycle_2022
ExtraTrees,NPL_Ratio,120,20,4,1.5119,109.3059,161.5414,0.5948,49.6,2.9871,50.46,2023-07-10,2023-08-08,2025-01-31,
ExtraTrees,USDIDR,20,1,0,0.8109,44.0257,63.5669,0.9917,52.58,1.3464,46.58,2019-02-13,2019-02-15,2020-08-12,covid_crash
ExtraTrees,USDIDR,20,1,1,0.7862,42.9919,58.2416,0.9902,47.16,1.2379,48.94,2020-03-26,2020-03-30,2021-09-23,covid_crash
ExtraTrees,USDIDR,20,1,2,0.5717,37.9757,48.7824,0.9867,51.8,1.0318,52.83,2021-05-07,2021-05-11,2022-11-04,rate_hike_cycle_2022
ExtraTrees,USDIDR,20,1,3,0.475,32.7048,43.0525,0.9242,52.84,0.8828,46.53,2022-06-20,2022-06-22,2023-12-18,rate_hike_cycle_2022
ExtraTrees,USDIDR,20,1,4,0.546,39.2651,51.9275,0.9577,53.87,1.0752,51.35,2023-08-01,2023-08-03,2025-01-28,
ExtraTrees,USDIDR,20,5,0,1.417,76.1811,123.0402,0.9688,48.44,2.3298,50.0,2019-02-13,2019-02-21,2020-08-18,covid_crash
ExtraTrees,USDIDR,20,5,1,1.1985,66.1284,95.5788,0.973,49.74,1.911,56.52,2020-03-25,2020-04-02,2021-09-28,covid_crash
ExtraTrees,USDIDR,20,5,2,0.9009,60.0048,80.769,0.9633,54.17,1.6297,58.49,2021-05-05,2021-05-13,2022-11-08,rate_hike_cycle_2022
ExtraTrees,USDIDR,20,5,3,0.7902,54.2616,74.6391,0.769,52.34,1.4664,51.52,2022-06-15,2022-06-23,2023-12-19,rate_hike_cycle_2022
ExtraTrees,USDIDR,20,5,4,0.9143,65.761,86.0664,0.8849,49.22,1.8003,52.73,2023-07-26,2023-08-03,2025-01-28,
ExtraTrees,USDIDR,20,20,0,2.5455,133.5075,227.8731,0.8918,51.45,4.0829,54.93,2019-02-13,2019-03-14,2020-09-08,covid_crash
ExtraTrees,USDIDR,20,20,1,2.625,146.2876,193.6717,0.882,46.97,4.2604,47.87,2020-03-20,2020-04-20,2021-10-14,covid_crash
ExtraTrees,USDIDR,20,20,2,1.9725,132.7541,177.7829,0.8076,48.55,3.6004,49.04,2021-04-27,2021-05-26,2022-11-21,rate_hike_cycle_2022
ExtraTrees,USDIDR,20,20,3,1.4223,97.7498,129.4451,0.3154,50.92,2.6485,49.48,2022-06-02,2022-07-01,2023-12-27,rate_hike_cycle_2022
ExtraTrees,USDIDR,20,20,4,1.5075,109.1102,162.0661,0.5922,50.92,2.9818,50.46,2023-07-10,2023-08-08,2025-01-31,
ExtraTrees,USDIDR,120,1,0,0.8153,44.2532,63.6545,0.9916,47.94,1.3533,45.21,2019-02-13,2019-02-15,2020-08-12,covid_crash
ExtraTrees,USDIDR,120,1,1,0.7879,43.0885,58.0611,0.9902,48.71,1.2407,43.62,2020-03-26,2020-03-30,2021-09-23,covid_crash
ExtraTrees,USDIDR,120,1,2,0.5706,37.9045,48.7049,0.9868,53.09,1.0299,56.6,2021-05-07,2021-05-11,2022-11-04,rate_hike_cycle_2022
ExtraTrees,USDIDR,120,1,3,0.4743,32.6543,43.0088,0.9243,54.12,0.8814,49.5,2022-06-20,2022-06-22,2023-12-18,rate_hike_cycle_2022
ExtraTrees,USDIDR,120,1,4,0.5459,39.2586,51.9272,0.9577,51.8,1.075,47.75,2023-08-01,2023-08-03,2025-01-28,
ExtraTrees,USDIDR,120,5,0,1.4154,76.1767,123.0849,0.9688,47.4,2.3296,48.61,2019-02-13,2019-02-21,2020-08-18,covid_crash
ExtraTrees,USDIDR,120,5,1,1.1849,65.4544,93.6187,0.9741,50.78,1.8915,58.7,2020-03-25,2020-04-02,2021-09-28,covid_crash
ExtraTrees,USDIDR,120,5,2,0.897,59.7408,80.6185,0.9635,54.95,1.6225,59.43,2021-05-05,2021-05-13,2022-11-08,rate_hike_cycle_2022
ExtraTrees,USDIDR,120,5,3,0.7884,54.1294,74.6732,0.7687,52.86,1.4629,52.53,2022-06-15,2022-06-23,2023-12-19,rate_hike_cycle_2022
ExtraTrees,USDIDR,120,5,4,0.9132,65.674,86.067,0.8849,48.7,1.798,51.82,2023-07-26,2023-08-03,2025-01-28,
ExtraTrees,USDIDR,120,20,0,2.6293,138.0498,232.9477,0.8869,51.98,4.2218,50.7,2019-02-13,2019-03-14,2020-09-08,covid_crash
ExtraTrees,USDIDR,120,20,1,2.5842,144.1328,190.2107,0.8861,46.17,4.1977,45.74,2020-03-20,2020-04-20,2021-10-14,covid_crash
ExtraTrees,USDIDR,120,20,2,1.9449,130.7942,176.9481,0.8094,49.6,3.5472,49.04,2021-04-27,2021-05-26,2022-11-21,rate_hike_cycle_2022
ExtraTrees,USDIDR,120,20,3,1.4215,97.6129,130.1414,0.308,50.66,2.6448,49.48,2022-06-02,2022-07-01,2023-12-27,rate_hike_cycle_2022
ExtraTrees,USDIDR,120,20,4,1.5118,109.326,161.8856,0.5931,49.34,2.9877,49.54,2023-07-10,2023-08-08,2025-01-31,
ExtraTrees,GDP,20,1,0,0.8111,44.0,63.6906,0.9916,52.58,1.3456,47.95,2019-02-13,2019-02-15,2020-08-12,covid_crash
ExtraTrees,GDP,20,1,1,0.7866,43.0494,58.0563,0.9902,48.71,1.2396,47.87,2020-03-26,2020-03-30,2021-09-23,covid_crash
ExtraTrees,GDP,20,1,2,0.5712,37.9407,48.7415,0.9868,51.55,1.0309,52.83,2021-05-07,2021-05-11,2022-11-04,rate_hike_cycle_2022
ExtraTrees,GDP,20,1,3,0.4746,32.6792,43.0198,0.9243,54.9,0.8821,48.51,2022-06-20,2022-06-22,2023-12-18,rate_hike_cycle_2022
ExtraTrees,GDP,20,1,4,0.5472,39.3462,51.9829,0.9576,50.77,1.0774,45.95,2023-08-01,2023-08-03,2025-01-28,
ExtraTrees,GDP,20,5,0,1.4094,75.7659,123.1187,0.9687,49.74,2.3171,50.0,2019-02-13,2019-02-21,2020-08-18,covid_crash
ExtraTrees,GDP,20,5,1,1.1765,65.1273,94.1131,0.9738,51.56,1.8821,59.78,2020-03-25,2020-04-02,2021-09-28,covid_crash
ExtraTrees,GDP,20,5,2,0.9014,60.0423,80.8288,0.9633,54.17,1.6307,56.6,2021-05-05,2021-05-13,2022-11-08,rate_hike_cycle_2022
ExtraTrees,GDP,20,5,3,0.7909,54.3118,74.6344,0.769,52.6,1.4678,51.52,2022-06-15,2022-06-23,2023-12-19,rate_hike_cycle_2022
ExtraTrees,GDP,20,5,4,0.9147,65.7871,86.1023,0.8848,48.7,1.8011,51.82,2023-07-26,2023-08-03,2025-01-28,
ExtraTrees,GDP,20,20,0,2.5427,133.3722,227.8851,0.8918,50.66,4.0788,52.11,2019-02-13,2019-03-14,2020-09-08,covid_crash
ExtraTrees,GDP,20,20,1,2.6295,146.6864,195.0474,0.8803,46.44,4.272,46.81,2020-03-20,2020-04-20,2021-10-14,covid_crash
ExtraTrees,GDP,20,20,2,1.9713,132.6642,177.7246,0.8077,48.55,3.5979,49.04,2021-04-27,2021-05-26,2022-11-21,rate_hike_cycle_2022
ExtraTrees,GDP,20,20,3,1.4211,97.6664,129.3752,0.3162,51.19,2.6462,50.52,2022-06-02,2022-07-01,2023-12-27,rate_hike_cycle_2022
ExtraTrees,GDP,20,20,4,1.5062,109.0071,161.7425,0.5938,50.92,2.979,50.46,2023-07-10,2023-08-08,2025-01-31,
ExtraTrees,GDP,120,1,0,0.8115,44.0447,63.5343,0.9917,48.97,1.347,38.36,2019-02-13,2019-02-15,2020-08-12,covid_crash
ExtraTrees,GDP,120,1,1,0.7884,43.1399,58.094,0.9902,49.74,1.2422,40.43,2020-03-26,2020-03-30,2021-09-23,covid_crash
ExtraTrees,GDP,120,1,2,0.5701,37.8686,48.6882,0.9868,54.9,1.0289,54.72,2021-05-07,2021-05-11,2022-11-04,rate_hike_cycle_2022
ExtraTrees,GDP,120,1,3,0.4745,32.6684,43.0366,0.9242,54.9,0.8818,50.5,2022-06-20,2022-06-22,2023-12-18,rate_hike_cycle_2022
ExtraTrees,GDP,120,1,4,0.547,39.3374,51.9932,0.9576,51.55,1.0771,48.65,2023-08-01,2023-08-03,2025-01-28,
ExtraTrees,GDP,120,5,0,1.4145,76.1237,123.1598,0.9687,48.44,2.328,50.0,2019-02-13,2019-02-21,2020-08-18,covid_crash
ExtraTrees,GDP,120,5,1,1.1716,64.8588,92.8045,0.9745,50.26,1.8743,57.61,2020-03-25,2020-04-02,2021-09-28,covid_crash
ExtraTrees,GDP,120,5,2,0.8977,59.7915,80.6243,0.9634,54.95,1.6239,60.38,2021-05-05,2021-05-13,2022-11-08,rate_hike_cycle_2022
ExtraTrees,GDP,120,5,3,0.7896,54.214,74.6691,0.7688,52.6,1.4652,53.54,2022-06-15,2022-06-23,2023-12-19,rate_hike_cycle_2022
ExtraTrees,GDP,120,5,4,0.9143,65.7485,86.1522,0.8847,48.7,1.8,51.82,2023-07-26,2023-08-03,2025-01-28,
ExtraTrees,GDP,120,20,0,2.6213,137.6575,232.7152,0.8872,51.98,4.2098,50.7,2019-02-13,2019-03-14,2020-09-08,covid_crash
ExtraTrees,GDP,120,20,1,2.5822,143.964,190.5194,0.8858,46.7,4.1927,45.74,2020-03-20,2020-04-20,2021-10-14,covid_crash
ExtraTrees,GDP,120,20,2,1.9438,130.7173,176.9196,0.8095,49.34,3.5451,48.08,2021-04-27,2021-05-26,2022-11-21,rate_hike_cycle_2022
ExtraTrees,GDP,120,20,3,1.4239,97.7742,130.3019,0.3063,51.19,2.6492,49.48,2022-06-02,2022-07-01,2023-12-27,rate_hike_cycle_2022
ExtraTrees,GDP,120,20,4,1.5118,109.3081,161.5933,0.5946,49.34,2.9872,49.54,2023-07-10,2023-08-08,2025-01-31,
ExtraTrees,US_Treasury_10Y,20,1,0,0.8125,44.1001,63.6603,0.9916,48.71,1.3487,43.84,2019-02-13,2019-02-15,2020-08-12,covid_crash
ExtraTrees,US_Treasury_10Y,20,1,1,0.7853,42.9842,57.9629,0.9903,45.62,1.2377,45.74,2020-03-26,2020-03-30,2021-09-23,covid_crash
ExtraTrees,US_Treasury_10Y,20,1,2,0.5703,37.8792,48.6336,0.9868,51.8,1.0292,49.06,2021-05-07,2021-05-11,2022-11-04,rate_hike_cycle_2022
ExtraTrees,US_Treasury_10Y,20,1,3,0.4804,33.0766,43.4892,0.9226,49.48,0.8928,42.57,2022-06-20,2022-06-22,2023-12-18,rate_hike_cycle_2022
ExtraTrees,US_Treasury_10Y,20,1,4,0.5475,39.37,52.0155,0.9576,51.03,1.078,47.75,2023-08-01,2023-08-03,2025-01-28,
ExtraTrees,US_Treasury_10Y,20,5,0,1.4105,75.9163,122.4811,0.9691,49.74,2.3217,50.0,2019-02-13,2019-02-21,2020-08-18,covid_crash
ExtraTrees,US_Treasury_10Y,20,5,1,1.1805,65.2494,93.4196,0.9742,49.74,1.8856,55.43,2020-03-25,2020-04-02,2021-09-28,covid_crash
ExtraTrees,US_Treasury_10Y,20,5,2,0.9068,60.4311,81.4935,0.9627,52.34,1.6412,55.66,2021-05-05,2021-05-13,2022-11-08,rate_hike_cycle_2022
ExtraTrees,US_Treasury_10Y,20,5,3,0.806,55.3395,75.983,0.7606,51.3,1.4956,51.52,2022-06-15,2022-06-23,2023-12-19,rate_hike_cycle_2022
ExtraTrees,US_Treasury_10Y,20,5,4,0.9152,65.8191,86.1809,0.8846,48.96,1.8019,52.73,2023-07-26,2023-08-03,2025-01-28,
ExtraTrees,US_Treasury_10Y,20,20,0,2.5272,132.762,225.6769,0.8939,51.19,4.0601,54.93,2019-02-13,2019-03-14,2020-09-08,covid_crash
ExtraTrees,US_Treasury_10Y,20,20,1,2.6063,145.3425,192.422,0.8835,46.7,4.2329,46.81,2020-03-20,2020-04-20,2021-10-14,covid_crash
ExtraTrees,US_Treasury_10Y,20,20,2,1.9639,132.1471,177.3116,0.8086,49.34,3.5839,50.0,2021-04-27,2021-05-26,2022-11-21,rate_hike_cycle_2022
ExtraTrees,US_Treasury_10Y,20,20,3,1.4341,98.5658,130.1848,0.3076,51.19,2.6706,51.55,2022-06-02,2022-07-01,2023-12-27,rate_hike_cycle_2022
ExtraTrees,US_Treasury_10Y,20,20,4,1.5136,109.5532,162.7652,0.5887,50.92,2.9939,50.46,2023-07-10,2023-08-08,2025-01-31,
ExtraTrees,US_Treasury_10Y,120,1,0,0.8099,43.9764,63.2876,0.9917,51.03,1.3449,45.21,2019-02-13,2019-02-15,2020-08-12,covid_crash
ExtraTrees,US_Treasury_10Y,120,1,1,0.7842,42.9074,57.7385,0.9903,50.0,1.2355,45.74,2020-03-26,2020-03-30,2021-09-23,covid_crash
ExtraTrees,US_Treasury_10Y,120,1,2,0.5692,37.8036,48.5898,0.9868,53.61,1.0272,49.06,2021-05-07,2021-05-11,2022-11-04,rate_hike_cycle_2022
ExtraTrees,US_Treasury_10Y,120,1,3,0.4765,32.808,43.2049,0.9236,51.29,0.8856,48.51,2022-06-20,2022-06-22,2023-12-18,rate_hike_cycle_2022
ExtraTrees,US_Treasury_10Y,120,1,4,0.5474,39.3642,52.0194,0.9576,52.06,1.0779,52.25,2023-08-01,2023-08-03,2025-01-28,
ExtraTrees,US_Treasury_10Y,120,5,0,1.4124,76.0826,122.3286,0.9691,48.96,2.3268,52.78,2019-02-13,2019-02-21,2020-08-18,covid_crash
ExtraTrees,US_Treasury_10Y,120,5,1,1.1805,65.2287,92.7439,0.9746,50.52,1.885,57.61,2020-03-25,2020-04-02,2021-09-28,covid_crash
ExtraTrees,US_Treasury_10Y,120,5,2,0.9039,60.237,81.3633,0.9628,53.39,1.636,57.55,2021-05-05,2021-05-13,2022-11-08,rate_hike_cycle_2022
ExtraTrees,US_Treasury_10Y,120,5,3,0.8056,55.3086,76.0836,0.7599,50.78,1.4947,49.49,2022-06-15,2022-06-23,2023-12-19,rate_hike_cycle_2022
ExtraTrees,US_Treasury_10Y,120,5,4,0.9153,65.8243,86.1539,0.8847,47.66,1.8021,50.91,2023-07-26,2023-08-03,2025-01-28,
ExtraTrees,US_Treasury_10Y,120,20,0,2.6236,137.8664,231.6127,0.8882,51.72,4.2162,52.11,2019-02-13,2019-03-14,2020-09-08,covid_crash
ExtraTrees,US_Treasury_10Y,120,20,1,2.5998,144.9404,190.6687,0.8856,46.44,4.2212,45.74,2020-03-20,2020-04-20,2021-10-14,covid_crash
ExtraTrees,US_Treasury_10Y,120,20,2,1.9455,130.8467,177.3782,0.8085,49.87,3.5486,48.08,2021-04-27,2021-05-26,2022-11-21,rate_hike_cycle_2022
ExtraTrees,US_Treasury_10Y,120,20,3,1.4648,100.6445,132.3909,0.2839,50.13,2.7269,50.52,2022-06-02,2022-07-01,2023-12-27,rate_hike_cycle_2022
ExtraTrees,US_Treasury_10Y,120,20,4,1.5182,109.7961,162.8226,0.5884,49.87,3.0005,49.54,2023-07-10,2023-08-08,2025-01-31,
ExtraTrees,Coal,20,1,0,0.8124,44.0928,63.7095,0.9916,51.29,1.3484,49.32,2019-02-13,2019-02-15,2020-08-12,covid_crash
ExtraTrees,Coal,20,1,1,0.7873,43.074,58.0062,0.9903,45.88,1.2403,42.55,2020-03-26,2020-03-30,2021-09-23,covid_crash
ExtraTrees,Coal,20,1,2,0.5729,38.0596,48.8434,0.9867,50.0,1.0341,55.66,2021-05-07,2021-05-11,2022-11-04,rate_hike_cycle_2022
ExtraTrees,Coal,20,1,3,0.4749,32.6963,43.0172,0.9243,53.61,0.8826,49.5,2022-06-20,2022-06-22,2023-12-18,rate_hike_cycle_2022
ExtraTrees,Coal,20,1,4,0.5463,39.2829,51.9248,0.9577,53.09,1.0756,49.55,2023-08-01,2023-08-03,2025-01-28,
ExtraTrees,Coal,20,5,0,1.4155,76.1271,123.0652,0.9688,49.48,2.3281,50.0,2019-02-13,2019-02-21,2020-08-18,covid_crash
ExtraTrees,Coal,20,5,1,1.186,65.6376,93.632,0.9741,50.78,1.8968,59.78,2020-03-25,2020-04-02,2021-09-28,covid_crash
ExtraTrees,Coal,20,5,2,0.9052,60.2914,81.1781,0.9629,52.34,1.6374,54.72,2021-05-05,2021-05-13,2022-11-08,rate_hike_cycle_2022
ExtraTrees,Coal,20,5,3,0.7906,54.2848,74.6978,0.7686,51.82,1.4671,49.49,2022-06-15,2022-06-23,2023-12-19,rate_hike_cycle_2022
ExtraTrees,Coal,20,5,4,0.914,65.7381,86.098,0.8849,48.7,1.7997,51.82,2023-07-26,2023-08-03,2025-01-28,
ExtraTrees,Coal,20,20,0,2.545,133.4751,228.2094,0.8915,51.19,4.0819,53.52,2019-02-13,2019-03-14,2020-09-08,covid_crash
ExtraTrees,Coal,20,20,1,2.6319,146.6895,194.2847,0.8812,46.97,4.2721,46.81,2020-03-20,2020-04-20,2021-10-14,covid_crash
ExtraTrees,Coal,20,20,2,1.9759,132.9933,177.8615,0.8074,48.55,3.6069,49.04,2021-04-27,2021-05-26,2022-11-21,rate_hike_cycle_2022
ExtraTrees,Coal,20,20,3,1.4226,97.7723,129.3974,0.3159,51.19,2.6491,49.48,2022-06-02,2022-07-01,2023-12-27,rate_hike_cycle_2022
ExtraTrees,Coal,20,20,4,1.5088,109.205,162.1885,0.5916,50.92,2.9844,50.46,2023-07-10,2023-08-08,2025-01-31,
ExtraTrees,Coal,120,1,0,0.8111,44.0311,63.6064,0.9916,48.97,1.3466,39.73,2019-02-13,2019-02-15,2020-08-12,covid_crash
ExtraTrees,Coal,120,1,1,0.7863,43.0122,57.9069,0.9903,49.74,1.2385,44.68,2020-03-26,2020-03-30,2021-09-23,covid_crash
ExtraTrees,Coal,120,1,2,0.5714,37.964,48.9013,0.9867,52.06,1.0315,52.83,2021-05-07,2021-05-11,2022-11-04,rate_hike_cycle_2022
ExtraTrees,Coal,120,1,3,0.4755,32.7359,43.0169,0.9243,52.58,0.8836,53.47,2022-06-20,2022-06-22,2023-12-18,rate_hike_cycle_2022
ExtraTrees,Coal,120,1,4,0.5458,39.2518,51.9162,0.9577,53.35,1.0748,50.45,2023-08-01,2023-08-03,2025-01-28,
ExtraTrees,Coal,120,5,0,1.4157,76.208,123.1168,0.9687,48.44,2.3306,50.0,2019-02-13,2019-02-21,2020-08-18,covid_crash
ExtraTrees,Coal,120,5,1,1.1776,65.1759,92.7911,0.9745,50.52,1.8835,59.78,2020-03-25,2020-04-02,2021-09-28,covid_crash
ExtraTrees,Coal,120,5,2,0.8986,59.8609,80.8036,0.9633,56.25,1.6258,60.38,2021-05-05,2021-05-13,2022-11-08,rate_hike_cycle_2022
ExtraTrees,Coal,120,5,3,0.7893,54.19,74.6966,0.7686,52.34,1.4645,51.52,2022-06-15,2022-06-23,2023-12-19,rate_hike_cycle_2022
ExtraTrees,Coal,120,5,4,0.9133,65.6776,86.1096,0.8848,48.7,1.7981,51.82,2023-07-26,2023-08-03,2025-01-28,
ExtraTrees,Coal,120,20,0,2.6361,138.412,233.5983,0.8863,51.98,4.2329,50.7,2019-02-13,2019-03-14,2020-09-08,covid_crash
ExtraTrees,Coal,120,20,1,2.6027,145.1625,191.9067,0.8841,45.91,4.2277,44.68,2020-03-20,2020-04-20,2021-10-14,covid_crash
ExtraTrees,Coal,120,20,2,1.9696,132.4639,179.4783,0.8039,49.34,3.5925,48.08,2021-04-27,2021-05-26,2022-11-21,rate_hike_cycle_2022
ExtraTrees,Coal,120,20,3,1.4203,97.5336,130.0786,0.3087,50.92,2.6426,49.48,2022-06-02,2022-07-01,2023-12-27,rate_hike_cycle_2022
ExtraTrees,Coal,120,20,4,1.5129,109.4053,162.0464,0.5923,49.34,2.9899,48.62,2023-07-10,2023-08-08,2025-01-31,
ExtraTrees,Copper,20,1,0,0.8091,43.9251,63.3594,0.9917,53.09,1.3433,52.05,2019-02-13,2019-02-15,2020-08-12,covid_crash
ExtraTrees,Copper,20,1,1,0.7836,42.8962,57.783,0.9903,48.97,1.2352,50.0,2020-03-26,2020-03-30,2021-09-23,covid_crash
ExtraTrees,Copper,20,1,2,0.5711,37.9383,48.709,0.9868,53.61,1.0308,60.38,2021-05-07,2021-05-11,2022-11-04,rate_hike_cycle_2022
ExtraTrees,Copper,20,1,3,0.4738,32.6217,42.9211,0.9246,55.41,0.8806,58.42,2022-06-20,2022-06-22,2023-12-18,rate_hike_cycle_2022
ExtraTrees,Copper,20,1,4,0.5459,39.2568,51.9169,0.9577,52.84,1.0749,50.45,2023-08-01,2023-08-03,2025-01-28,
ExtraTrees,Copper,20,5,0,1.4146,76.0677,122.9151,0.9688,49.48,2.3263,48.61,2019-02-13,2019-02-21,2020-08-18,covid_crash
ExtraTrees,Copper,20,5,1,1.1782,65.1611,93.264,0.9743,52.34,1.8831,58.7,2020-03-25,2020-04-02,2021-09-28,covid_crash
ExtraTrees,Copper,20,5,2,0.9013,60.0243,80.8714,0.9632,54.17,1.6302,59.43,2021-05-05,2021-05-13,2022-11-08,rate_hike_cycle_2022
ExtraTrees,Copper,20,5,3,0.7899,54.2438,74.6353,0.769,52.34,1.466,52.53,2022-06-15,2022-06-23,2023-12-19,rate_hike_cycle_2022
ExtraTrees,Copper,20,5,4,0.9143,65.7615,86.075,0.8849,48.44,1.8003,52.73,2023-07-26,2023-08-03,2025-01-28,
ExtraTrees,Copper,20,20,0,2.54,133.2595,227.4169,0.8922,51.19,4.0753,52.11,2019-02-13,2019-03-14,2020-09-08,covid_crash
ExtraTrees,Copper,20,20,1,2.622,146.2325,193.3392,0.8824,47.23,4.2588,48.94,2020-03-20,2020-04-20,2021-10-14,covid_crash
ExtraTrees,Copper,20,20,2,1.9741,132.846,177.8539,0.8074,48.81,3.6029,49.04,2021-04-27,2021-05-26,2022-11-21,rate_hike_cycle_2022
ExtraTrees,Copper,20,20,3,1.4209,97.652,129.3078,0.3169,51.19,2.6459,49.48,2022-06-02,2022-07-01,2023-12-27,rate_hike_cycle_2022
ExtraTrees,Copper,20,20,4,1.5079,109.1442,162.1997,0.5915,50.92,2.9827,50.46,2023-07-10,2023-08-08,2025-01-31,
ExtraTrees,Copper,120,1,0,0.8122,44.0999,63.5446,0.9917,49.74,1.3487,41.1,2019-02-13,2019-02-15,2020-08-12,covid_crash
ExtraTrees,Copper,120,1,1,0.7854,42.9719,57.8229,0.9903,46.91,1.2374,41.49,2020-03-26,2020-03-30,2021-09-23,covid_crash
ExtraTrees,Copper,120,1,2,0.5714,37.9512,48.7479,0.9868,53.35,1.0312,55.66,2021-05-07,2021-05-11,2022-11-04,rate_hike_cycle_2022
ExtraTrees,Copper,120,1,3,0.4747,32.6833,42.9959,0.9244,54.38,0.8822,49.5,2022-06-20,2022-06-22,2023-12-18,rate_hike_cycle_2022
ExtraTrees,Copper,120,1,4,0.5462,39.2778,51.9444,0.9577,53.35,1.0755,52.25,2023-08-01,2023-08-03,2025-01-28,
ExtraTrees,Copper,120,5,0,1.4148,76.1525,123.0247,0.9688,48.18,2.3289,48.61,2019-02-13,2019-02-21,2020-08-18,covid_crash
ExtraTrees,Copper,120,5,1,1.1725,64.8901,92.2526,0.9748,50.52,1.8752,56.52,2020-03-25,2020-04-02,2021-09-28,covid_crash
ExtraTrees,Copper,120,5,2,0.8971,59.7504,80.8762,0.9632,54.69,1.6228,58.49,2021-05-05,2021-05-13,2022-11-08,rate_hike_cycle_2022
ExtraTrees,Copper,120,5,3,0.7895,54.2028,74.8006,0.768,52.34,1.4649,52.53,2022-06-15,2022-06-23,2023-12-19,rate_hike_cycle_2022
ExtraTrees,Copper,120,5,4,0.9131,65.6605,86.0897,0.8849,49.22,1.7976,52.73,2023-07-26,2023-08-03,2025-01-28,
ExtraTrees,Copper,120,20,0,2.6205,137.6433,233.0022,0.8869,51.45,4.2094,49.3,2019-02-13,2019-03-14,2020-09-08,covid_crash
ExtraTrees,Copper,120,20,1,2.5765,143.7968,189.8924,0.8865,46.7,4.1879,46.81,2020-03-20,2020-04-20,2021-10-14,covid_crash
ExtraTrees,Copper,120,20,2,1.955,131.4324,177.52,0.8082,49.6,3.5645,49.04,2021-04-27,2021-05-26,2022-11-21,rate_hike_cycle_2022
ExtraTrees,Copper,120,20,3,1.4205,97.5395,130.1244,0.3082,51.19,2.6428,49.48,2022-06-02,2022-07-01,2023-12-27,rate_hike_cycle_2022
ExtraTrees,Copper,120,20,4,1.5128,109.3882,161.9392,0.5928,49.6,2.9894,49.54,2023-07-10,2023-08-08,2025-01-31,
ExtraTrees,Nickel,20,1,0,0.8129,44.1335,63.5323,0.9917,48.2,1.3497,41.1,2019-02-13,2019-02-15,2020-08-12,covid_crash
ExtraTrees,Nickel,20,1,1,0.7858,43.0029,57.8183,0.9903,47.16,1.2382,48.94,2020-03-26,2020-03-30,2021-09-23,covid_crash
ExtraTrees,Nickel,20,1,2,0.5728,38.0588,48.7678,0.9868,50.26,1.0341,52.83,2021-05-07,2021-05-11,2022-11-04,rate_hike_cycle_2022
ExtraTrees,Nickel,20,1,3,0.4743,32.6593,42.9798,0.9244,54.9,0.8816,51.49,2022-06-20,2022-06-22,2023-12-18,rate_hike_cycle_2022
ExtraTrees,Nickel,20,1,4,0.5465,39.2965,51.9419,0.9577,53.09,1.076,52.25,2023-08-01,2023-08-03,2025-01-28,
ExtraTrees,Nickel,20,5,0,1.4209,76.458,123.3465,0.9686,48.96,2.3382,47.22,2019-02-13,2019-02-21,2020-08-18,covid_crash
ExtraTrees,Nickel,20,5,1,1.1877,65.711,93.8173,0.974,50.26,1.8989,58.7,2020-03-25,2020-04-02,2021-09-28,covid_crash
ExtraTrees,Nickel,20,5,2,0.9044,60.2522,81.0519,0.9631,51.3,1.6364,56.6,2021-05-05,2021-05-13,2022-11-08,rate_hike_cycle_2022
ExtraTrees,Nickel,20,5,3,0.7903,54.2682,74.6402,0.769,52.34,1.4666,51.52,2022-06-15,2022-06-23,2023-12-19,rate_hike_cycle_2022
ExtraTrees,Nickel,20,5,4,0.9134,65.6976,86.0064,0.8851,48.44,1.7986,51.82,2023-07-26,2023-08-03,2025-01-28,
ExtraTrees,Nickel,20,20,0,2.5413,133.3628,227.4436,0.8922,50.66,4.0785,50.7,2019-02-13,2019-03-14,2020-09-08,covid_crash
ExtraTrees,Nickel,20,20,1,2.6152,145.821,192.8954,0.8829,47.23,4.2468,47.87,2020-03-20,2020-04-20,2021-10-14,covid_crash
ExtraTrees,Nickel,20,20,2,1.9777,133.1167,178.1759,0.8067,48.55,3.6102,48.08,2021-04-27,2021-05-26,2022-11-21,rate_hike_cycle_2022
ExtraTrees,Nickel,20,20,3,1.4231,97.8037,129.4824,0.315,51.19,2.65,49.48,2022-06-02,2022-07-01,2023-12-27,rate_hike_cycle_2022
ExtraTrees,Nickel,20,20,4,1.5065,109.0342,161.914,0.5929,50.66,2.9797,50.46,2023-07-10,2023-08-08,2025-01-31,
ExtraTrees,Nickel,120,1,0,0.815,44.2593,63.5593,0.9917,46.91,1.3535,43.84,2019-02-13,2019-02-15,2020-08-12,covid_crash
ExtraTrees,Nickel,120,1,1,0.7857,42.9851,57.8306,0.9903,46.13,1.2377,43.62,2020-03-26,2020-03-30,2021-09-23,covid_crash
ExtraTrees,Nickel,120,1,2,0.5693,37.8135,48.6823,0.9868,53.87,1.0274,51.89,2021-05-07,2021-05-11,2022-11-04,rate_hike_cycle_2022
ExtraTrees,Nickel,120,1,3,0.4754,32.7282,43.0667,0.9241,52.32,0.8834,44.55,2022-06-20,2022-06-22,2023-12-18,rate_hike_cycle_2022
ExtraTrees,Nickel,120,1,4,0.5466,39.3031,51.9599,0.9576,52.06,1.0762,48.65,2023-08-01,2023-08-03,2025-01-28,
ExtraTrees,Nickel,120,5,0,1.4156,76.2203,122.9597,0.9688,47.92,2.331,48.61,2019-02-13,2019-02-21,2020-08-18,covid_crash
ExtraTrees,Nickel,120,5,1,1.1747,64.9947,92.4673,0.9747,51.3,1.8782,59.78,2020-03-25,2020-04-02,2021-09-28,covid_crash
ExtraTrees,Nickel,120,5,2,0.8974,59.7814,80.417,0.9636,53.39,1.6236,57.55,2021-05-05,2021-05-13,2022-11-08,rate_hike_cycle_2022
ExtraTrees,Nickel,120,5,3,0.7869,54.0276,74.5834,0.7693,51.82,1.4601,51.52,2022-06-15,2022-06-23,2023-12-19,rate_hike_cycle_2022
ExtraTrees,Nickel,120,5,4,0.9123,65.6077,86.0189,0.8851,48.7,1.7961,51.82,2023-07-26,2023-08-03,2025-01-28,
ExtraTrees,Nickel,120,20,0,2.6226,137.7152,232.7559,0.8871,51.19,4.2116,50.7,2019-02-13,2019-03-14,2020-09-08,covid_crash
ExtraTrees,Nickel,120,20,1,2.5827,144.079,189.9366,0.8865,46.17,4.1961,45.74,2020-03-20,2020-04-20,2021-10-14,covid_crash
ExtraTrees,Nickel,120,20,2,1.9598,131.9079,176.4807,0.8104,48.81,3.5774,47.12,2021-04-27,2021-05-26,2022-11-21,rate_hike_cycle_2022
ExtraTrees,Nickel,120,20,3,1.4239,97.7748,130.3263,0.3061,51.19,2.6492,49.48,2022-06-02,2022-07-01,2023-12-27,rate_hike_cycle_2022
ExtraTrees,Nickel,120,20,4,1.5121,109.3375,161.7427,0.5938,49.6,2.988,49.54,2023-07-10,2023-08-08,2025-01-31,
ExtraTrees,Silver,20,1,0,0.8096,43.9669,63.3275,0.9917,49.74,1.3446,53.42,2019-02-13,2019-02-15,2020-08-12,covid_crash
ExtraTrees,Silver,20,1,1,0.7893,43.1981,58.1875,0.9902,48.45,1.2439,46.81,2020-03-26,2020-03-30,2021-09-23,covid_crash
ExtraTrees,Silver,20,1,2,0.57,37.8592,48.6837,0.9868,56.44,1.0287,54.72,2021-05-07,2021-05-11,2022-11-04,rate_hike_cycle_2022
ExtraTrees,Silver,20,1,3,0.4728,32.5486,42.884,0.9248,57.99,0.8786,57.43,2022-06-20,2022-06-22,2023-12-18,rate_hike_cycle_2022
ExtraTrees,Silver,20,1,4,0.5459,39.255,51.8545,0.9578,55.15,1.0749,57.66,2023-08-01,2023-08-03,2025-01-28,
ExtraTrees,Silver,20,5,0,1.4188,76.2717,123.4885,0.9685,48.18,2.3325,48.61,2019-02-13,2019-02-21,2020-08-18,covid_crash
ExtraTrees,Silver,20,5,1,1.2079,66.7249,94.9466,0.9733,52.34,1.9282,58.7,2020-03-25,2020-04-02,2021-09-28,covid_crash
ExtraTrees,Silver,20,5,2,0.902,60.0766,80.874,0.9632,54.69,1.6316,57.55,2021-05-05,2021-05-13,2022-11-08,rate_hike_cycle_2022
ExtraTrees,Silver,20,5,3,0.7908,54.3051,74.6954,0.7686,52.6,1.4676,52.53,2022-06-15,2022-06-23,2023-12-19,rate_hike_cycle_2022
ExtraTrees,Silver,20,5,4,0.9125,65.6324,85.8624,0.8855,49.22,1.7968,53.64,2023-07-26,2023-08-03,2025-01-28,
ExtraTrees,Silver,20,20,0,2.5391,133.2908,227.7116,0.892,50.13,4.0763,50.7,2019-02-13,2019-03-14,2020-09-08,covid_crash
ExtraTrees,Silver,20,20,1,2.6024,145.1875,192.4941,0.8834,47.49,4.2284,48.94,2020-03-20,2020-04-20,2021-10-14,covid_crash
ExtraTrees,Silver,20,20,2,1.973,132.7884,177.8648,0.8074,48.55,3.6013,49.04,2021-04-27,2021-05-26,2022-11-21,rate_hike_cycle_2022
ExtraTrees,Silver,20,20,3,1.4187,97.495,129.212,0.3179,50.66,2.6416,48.45,2022-06-02,2022-07-01,2023-12-27,rate_hike_cycle_2022
ExtraTrees,Silver,20,20,4,1.5076,109.1224,162.2604,0.5912,51.19,2.9821,50.46,2023-07-10,2023-08-08,2025-01-31,
ExtraTrees,Silver,120,1,0,0.8101,43.9906,63.3609,0.9917,51.29,1.3453,47.95,2019-02-13,2019-02-15,2020-08-12,covid_crash
ExtraTrees,Silver,120,1,1,0.7843,42.9083,57.7981,0.9903,53.35,1.2355,47.87,2020-03-26,2020-03-30,2021-09-23,covid_crash
ExtraTrees,Silver,120,1,2,0.5705,37.8934,48.6975,0.9868,54.64,1.0296,60.38,2021-05-07,2021-05-11,2022-11-04,rate_hike_cycle_2022
ExtraTrees,Silver,120,1,3,0.4745,32.6665,43.0398,0.9242,54.9,0.8818,48.51,2022-06-20,2022-06-22,2023-12-18,rate_hike_cycle_2022
ExtraTrees,Silver,120,1,4,0.5457,39.2375,51.9272,0.9577,52.06,1.0744,47.75,2023-08-01,2023-08-03,2025-01-28,
ExtraTrees,Silver,120,5,0,1.4141,76.1134,122.9966,0.9688,47.92,2.3277,50.0,2019-02-13,2019-02-21,2020-08-18,covid_crash
ExtraTrees,Silver,120,5,1,1.1915,65.9298,93.4655,0.9742,52.6,1.9053,60.87,2020-03-25,2020-04-02,2021-09-28,covid_crash
ExtraTrees,Silver,120,5,2,0.8982,59.8222,80.7122,0.9634,54.69,1.6247,59.43,2021-05-05,2021-05-13,2022-11-08,rate_hike_cycle_2022
ExtraTrees,Silver,120,5,3,0.7896,54.2093,74.6592,0.7688,52.6,1.465,52.53,2022-06-15,2022-06-23,2023-12-19,rate_hike_cycle_2022
ExtraTrees,Silver,120,5,4,0.9114,65.5368,85.9651,0.8852,49.22,1.7942,52.73,2023-07-26,2023-08-03,2025-01-28,
ExtraTrees,Silver,120,20,0,2.6327,138.2575,233.3895,0.8865,51.19,4.2282,50.7,2019-02-13,2019-03-14,2020-09-08,covid_crash
ExtraTrees,Silver,120,20,1,2.5882,144.4239,190.3746,0.8859,45.91,4.2061,45.74,2020-03-20,2020-04-20,2021-10-14,covid_crash
ExtraTrees,Silver,120,20,2,1.9443,130.7704,177.0891,0.8091,49.34,3.5466,48.08,2021-04-27,2021-05-26,2022-11-21,rate_hike_cycle_2022
ExtraTrees,Silver,120,20,3,1.4187,97.4202,129.8884,0.3107,51.19,2.6396,49.48,2022-06-02,2022-07-01,2023-12-27,rate_hike_cycle_2022
ExtraTrees,Silver,120,20,4,1.5112,109.2756,161.6875,0.5941,49.34,2.9863,49.54,2023-07-10,2023-08-08,2025-01-31,
ExtraTrees,Tin,20,1,0,0.8136,44.1534,63.8878,0.9916,52.06,1.3503,49.32,2019-02-13,2019-02-15,2020-08-12,covid_crash
ExtraTrees,Tin,20,1,1,0.786,43.0237,57.8914,0.9903,46.65,1.2388,50.0,2020-03-26,2020-03-30,2021-09-23,covid_crash
ExtraTrees,Tin,20,1,2,0.5718,37.9762,48.7628,0.9868,52.06,1.0318,52.83,2021-05-07,2021-05-11,2022-11-04,rate_hike_cycle_2022
ExtraTrees,Tin,20,1,3,0.4736,32.604,42.7963,0.9251,56.44,0.8801,51.49,2022-06-20,2022-06-22,2023-12-18,rate_hike_cycle_2022
ExtraTrees,Tin,20,1,4,0.5469,39.3259,51.9945,0.9576,52.58,1.0768,50.45,2023-08-01,2023-08-03,2025-01-28,
ExtraTrees,Tin,20,5,0,1.4259,76.5677,124.0659,0.9683,47.92,2.3416,44.44,2019-02-13,2019-02-21,2020-08-18,covid_crash
ExtraTrees,Tin,20,5,1,1.1815,65.4165,93.2217,0.9743,50.26,1.8904,56.52,2020-03-25,2020-04-02,2021-09-28,covid_crash
ExtraTrees,Tin,20,5,2,0.9059,60.329,81.9087,0.9623,51.82,1.6385,54.72,2021-05-05,2021-05-13,2022-11-08,rate_hike_cycle_2022
ExtraTrees,Tin,20,5,3,0.7911,54.3191,74.8563,0.7676,53.39,1.468,53.54,2022-06-15,2022-06-23,2023-12-19,rate_hike_cycle_2022
ExtraTrees,Tin,20,5,4,0.9129,65.6585,85.9454,0.8853,49.22,1.7975,53.64,2023-07-26,2023-08-03,2025-01-28,
ExtraTrees,Tin,20,20,0,2.5473,133.6716,227.8062,0.8919,50.13,4.0879,53.52,2019-02-13,2019-03-14,2020-09-08,covid_crash
ExtraTrees,Tin,20,20,1,2.6217,146.1346,193.0832,0.8827,46.44,4.256,47.87,2020-03-20,2020-04-20,2021-10-14,covid_crash
ExtraTrees,Tin,20,20,2,2.0171,135.8652,182.0988,0.7981,48.28,3.6847,48.08,2021-04-27,2021-05-26,2022-11-21,rate_hike_cycle_2022
ExtraTrees,Tin,20,20,3,1.43,98.2779,129.9849,0.3097,51.19,2.6628,49.48,2022-06-02,2022-07-01,2023-12-27,rate_hike_cycle_2022
ExtraTrees,Tin,20,20,4,1.5107,109.3444,162.5225,0.5899,51.19,2.9882,50.46,2023-07-10,2023-08-08,2025-01-31,
ExtraTrees,Tin,120,1,0,0.8135,44.1508,63.6986,0.9916,49.23,1.3502,36.99,2019-02-13,2019-02-15,2020-08-12,covid_crash
ExtraTrees,Tin,120,1,1,0.7853,42.9871,57.8705,0.9903,48.97,1.2378,46.81,2020-03-26,2020-03-30,2021-09-23,covid_crash
ExtraTrees,Tin,120,1,2,0.571,37.9278,48.7289,0.9868,51.8,1.0305,50.0,2021-05-07,2021-05-11,2022-11-04,rate_hike_cycle_2022
ExtraTrees,Tin,120,1,3,0.4762,32.7815,43.3011,0.9233,49.23,0.8849,44.55,2022-06-20,2022-06-22,2023-12-18,rate_hike_cycle_2022
ExtraTrees,Tin,120,1,4,0.546,39.2649,51.9463,0.9577,52.84,1.0752,48.65,2023-08-01,2023-08-03,2025-01-28,
ExtraTrees,Tin,120,5,0,1.4136,76.0436,122.9269,0.9688,47.92,2.3256,50.0,2019-02-13,2019-02-21,2020-08-18,covid_crash
ExtraTrees,Tin,120,5,1,1.1755,65.0758,92.2469,0.9748,51.56,1.8806,60.87,2020-03-25,2020-04-02,2021-09-28,covid_crash
ExtraTrees,Tin,120,5,2,0.9017,60.0786,81.5996,0.9626,52.08,1.6317,57.55,2021-05-05,2021-05-13,2022-11-08,rate_hike_cycle_2022
ExtraTrees,Tin,120,5,3,0.7916,54.3352,75.4387,0.764,52.08,1.4684,49.49,2022-06-15,2022-06-23,2023-12-19,rate_hike_cycle_2022
ExtraTrees,Tin,120,5,4,0.9128,65.6401,86.0589,0.885,49.22,1.797,51.82,2023-07-26,2023-08-03,2025-01-28,
ExtraTrees,Tin,120,20,0,2.6218,137.7486,232.8306,0.887,51.45,4.2126,50.7,2019-02-13,2019-03-14,2020-09-08,covid_crash
ExtraTrees,Tin,120,20,1,2.5699,143.2372,189.5214,0.887,47.49,4.1716,46.81,2020-03-20,2020-04-20,2021-10-14,covid_crash
ExtraTrees,Tin,120,20,2,1.9941,134.2641,181.2058,0.8001,48.55,3.6413,48.08,2021-04-27,2021-05-26,2022-11-21,rate_hike_cycle_2022
ExtraTrees,Tin,120,20,3,1.4339,98.4875,130.7735,0.3013,49.87,2.6685,48.45,2022-06-02,2022-07-01,2023-12-27,rate_hike_cycle_2022
ExtraTrees,Tin,120,20,4,1.5127,109.3975,161.9325,0.5929,49.6,2.9896,49.54,2023-07-10,2023-08-08,2025-01-31,
ExtraTrees,Gold,20,1,0,0.8135,44.1473,63.6598,0.9916,49.23,1.3501,45.21,2019-02-13,2019-02-15,2020-08-12,covid_crash
ExtraTrees,Gold,20,1,1,0.7883,43.1401,58.0287,0.9902,44.85,1.2422,42.55,2020-03-26,2020-03-30,2021-09-23,covid_crash
ExtraTrees,Gold,20,1,2,0.571,37.9304,48.7282,0.9868,52.84,1.0306,57.55,2021-05-07,2021-05-11,2022-11-04,rate_hike_cycle_2022
ExtraTrees,Gold,20,1,3,0.4741,32.6429,42.9124,0.9247,54.64,0.8811,52.48,2022-06-20,2022-06-22,2023-12-18,rate_hike_cycle_2022
ExtraTrees,Gold,20,1,4,0.5459,39.258,51.8529,0.9578,55.41,1.075,57.66,2023-08-01,2023-08-03,2025-01-28,
ExtraTrees,Gold,20,5,0,1.4176,76.2446,123.5879,0.9685,48.96,2.3317,47.22,2019-02-13,2019-02-21,2020-08-18,covid_crash
ExtraTrees,Gold,20,5,1,1.1815,65.2989,93.6257,0.9741,51.3,1.887,57.61,2020-03-25,2020-04-02,2021-09-28,covid_crash
ExtraTrees,Gold,20,5,2,0.9023,60.0956,80.8059,0.9633,53.39,1.6321,55.66,2021-05-05,2021-05-13,2022-11-08,rate_hike_cycle_2022
ExtraTrees,Gold,20,5,3,0.7915,54.3503,74.6848,0.7687,52.86,1.4688,53.54,2022-06-15,2022-06-23,2023-12-19,rate_hike_cycle_2022
ExtraTrees,Gold,20,5,4,0.9125,65.6342,85.925,0.8853,49.22,1.7969,54.55,2023-07-26,2023-08-03,2025-01-28,
ExtraTrees,Gold,20,20,0,2.5407,133.353,227.7535,0.8919,51.19,4.0782,53.52,2019-02-13,2019-03-14,2020-09-08,covid_crash
ExtraTrees,Gold,20,20,1,2.6069,145.4273,192.5614,0.8833,47.49,4.2354,48.94,2020-03-20,2020-04-20,2021-10-14,covid_crash
ExtraTrees,Gold,20,20,2,1.9725,132.7579,177.9683,0.8072,48.28,3.6005,48.08,2021-04-27,2021-05-26,2022-11-21,rate_hike_cycle_2022
ExtraTrees,Gold,20,20,3,1.4203,97.609,129.4537,0.3153,50.92,2.6447,49.48,2022-06-02,2022-07-01,2023-12-27,rate_hike_cycle_2022
ExtraTrees,Gold,20,20,4,1.5122,109.453,162.8458,0.5882,51.19,2.9912,51.38,2023-07-10,2023-08-08,2025-01-31,
ExtraTrees,Gold,120,1,0,0.8148,44.2287,63.5612,0.9917,47.68,1.3526,38.36,2019-02-13,2019-02-15,2020-08-12,covid_crash
ExtraTrees,Gold,120,1,1,0.7859,43.005,57.7742,0.9903,49.23,1.2383,48.94,2020-03-26,2020-03-30,2021-09-23,covid_crash
ExtraTrees,Gold,120,1,2,0.5696,37.8367,48.6799,0.9868,54.9,1.0281,57.55,2021-05-07,2021-05-11,2022-11-04,rate_hike_cycle_2022
ExtraTrees,Gold,120,1,3,0.474,32.6319,43.002,0.9244,54.9,0.8808,49.5,2022-06-20,2022-06-22,2023-12-18,rate_hike_cycle_2022
ExtraTrees,Gold,120,1,4,0.546,39.2632,51.9242,0.9577,53.87,1.0751,54.95,2023-08-01,2023-08-03,2025-01-28,
ExtraTrees,Gold,120,5,0,1.4174,76.2736,123.2699,0.9687,47.92,2.3326,48.61,2019-02-13,2019-02-21,2020-08-18,covid_crash
ExtraTrees,Gold,120,5,1,1.1702,64.7259,91.9,0.975,52.6,1.8705,59.78,2020-03-25,2020-04-02,2021-09-28,covid_crash
ExtraTrees,Gold,120,5,2,0.898,59.8179,80.7109,0.9634,54.95,1.6246,58.49,2021-05-05,2021-05-13,2022-11-08,rate_hike_cycle_2022
ExtraTrees,Gold,120,5,3,0.7908,54.2907,74.8073,0.7679,52.34,1.4672,52.53,2022-06-15,2022-06-23,2023-12-19,rate_hike_cycle_2022
ExtraTrees,Gold,120,5,4,0.9108,65.4978,85.9004,0.8854,48.7,1.7931,51.82,2023-07-26,2023-08-03,2025-01-28,
ExtraTrees,Gold,120,20,0,2.6131,137.3379,232.6441,0.8872,51.98,4.2001,50.7,2019-02-13,2019-03-14,2020-09-08,covid_crash
ExtraTrees,Gold,120,20,1,2.5835,144.1347,190.6608,0.8856,46.44,4.1977,45.74,2020-03-20,2020-04-20,2021-10-14,covid_crash
ExtraTrees,Gold,120,20,2,1.9418,130.6032,176.8241,0.8097,49.6,3.542,49.04,2021-04-27,2021-05-26,2022-11-21,rate_hike_cycle_2022
ExtraTrees,Gold,120,20,3,1.4213,97.5938,130.2072,0.3073,51.19,2.6443,49.48,2022-06-02,2022-07-01,2023-12-27,rate_hike_cycle_2022
ExtraTrees,Gold,120,20,4,1.5112,109.2934,162.3044,0.591,50.13,2.9868,52.29,2023-07-10,2023-08-08,2025-01-31,
ExtraTrees,WTI,20,1,0,0.8109,44.0148,63.3907,0.9917,52.58,1.3461,46.58,2019-02-13,2019-02-15,2020-08-12,covid_crash
ExtraTrees,WTI,20,1,1,0.7879,43.1009,57.7304,0.9903,44.59,1.2411,46.81,2020-03-26,2020-03-30,2021-09-23,covid_crash
ExtraTrees,WTI,20,1,2,0.5716,37.9681,48.7568,0.9868,50.0,1.0316,50.94,2021-05-07,2021-05-11,2022-11-04,rate_hike_cycle_2022
ExtraTrees,WTI,20,1,3,0.4745,32.6674,43.0134,0.9243,54.12,0.8818,47.52,2022-06-20,2022-06-22,2023-12-18,rate_hike_cycle_2022
ExtraTrees,WTI,20,1,4,0.5465,39.3001,51.9504,0.9577,52.84,1.0761,50.45,2023-08-01,2023-08-03,2025-01-28,
ExtraTrees,WTI,20,5,0,1.422,76.4221,123.4672,0.9686,48.96,2.3371,45.83,2019-02-13,2019-02-21,2020-08-18,covid_crash
ExtraTrees,WTI,20,5,1,1.2228,67.2284,95.7234,0.9729,49.22,1.9428,56.52,2020-03-25,2020-04-02,2021-09-28,covid_crash
ExtraTrees,WTI,20,5,2,0.9013,60.0326,80.8237,0.9633,54.17,1.6304,57.55,2021-05-05,2021-05-13,2022-11-08,rate_hike_cycle_2022
ExtraTrees,WTI,20,5,3,0.7904,54.2779,74.6598,0.7688,52.6,1.4669,52.53,2022-06-15,2022-06-23,2023-12-19,rate_hike_cycle_2022
ExtraTrees,WTI,20,5,4,0.9134,65.6974,85.9837,0.8852,48.7,1.7986,52.73,2023-07-26,2023-08-03,2025-01-28,
ExtraTrees,WTI,20,20,0,2.5406,133.2994,227.3247,0.8923,51.19,4.0765,53.52,2019-02-13,2019-03-14,2020-09-08,covid_crash
ExtraTrees,WTI,20,20,1,2.6142,145.781,192.3131,0.8836,46.97,4.2457,47.87,2020-03-20,2020-04-20,2021-10-14,covid_crash
ExtraTrees,WTI,20,20,2,1.9713,132.6579,177.5949,0.808,49.08,3.5978,50.0,2021-04-27,2021-05-26,2022-11-21,rate_hike_cycle_2022
ExtraTrees,WTI,20,20,3,1.4213,97.686,129.3291,0.3166,50.92,2.6468,49.48,2022-06-02,2022-07-01,2023-12-27,rate_hike_cycle_2022
ExtraTrees,WTI,20,20,4,1.5073,109.0982,162.0506,0.5923,50.92,2.9815,50.46,2023-07-10,2023-08-08,2025-01-31,
ExtraTrees,WTI,120,1,0,0.8116,44.0641,63.4845,0.9917,47.68,1.3476,38.36,2019-02-13,2019-02-15,2020-08-12,covid_crash
ExtraTrees,WTI,120,1,1,0.7875,43.0727,57.6958,0.9904,48.97,1.2403,45.74,2020-03-26,2020-03-30,2021-09-23,covid_crash
ExtraTrees,WTI,120,1,2,0.5705,37.8914,48.7278,0.9868,54.64,1.0295,54.72,2021-05-07,2021-05-11,2022-11-04,rate_hike_cycle_2022
ExtraTrees,WTI,120,1,3,0.4744,32.6582,43.0181,0.9243,54.64,0.8815,50.5,2022-06-20,2022-06-22,2023-12-18,rate_hike_cycle_2022
ExtraTrees,WTI,120,1,4,0.5461,39.2709,51.9339,0.9577,52.58,1.0753,50.45,2023-08-01,2023-08-03,2025-01-28,
ExtraTrees,WTI,120,5,0,1.417,76.2225,123.0044,0.9688,47.14,2.331,47.22,2019-02-13,2019-02-21,2020-08-18,covid_crash
ExtraTrees,WTI,120,5,1,1.1898,65.6835,93.0496,0.9744,50.78,1.8982,56.52,2020-03-25,2020-04-02,2021-09-28,covid_crash
ExtraTrees,WTI,120,5,2,0.8988,59.8643,80.7765,0.9633,55.21,1.6258,59.43,2021-05-05,2021-05-13,2022-11-08,rate_hike_cycle_2022
ExtraTrees,WTI,120,5,3,0.7888,54.154,74.6792,0.7687,52.86,1.4635,52.53,2022-06-15,2022-06-23,2023-12-19,rate_hike_cycle_2022
ExtraTrees,WTI,120,5,4,0.9137,65.7118,86.1608,0.8847,48.7,1.799,51.82,2023-07-26,2023-08-03,2025-01-28,
ExtraTrees,WTI,120,20,0,2.6299,138.0959,232.9822,0.8869,51.72,4.2232,49.3,2019-02-13,2019-03-14,2020-09-08,covid_crash
ExtraTrees,WTI,120,20,1,2.6069,145.4253,191.427,0.8847,46.17,4.2353,44.68,2020-03-20,2020-04-20,2021-10-14,covid_crash
ExtraTrees,WTI,120,20,2,1.9426,130.6311,176.743,0.8098,49.34,3.5428,48.08,2021-04-27,2021-05-26,2022-11-21,rate_hike_cycle_2022
ExtraTrees,WTI,120,20,3,1.4214,97.6023,130.1979,0.3074,51.19,2.6445,49.48,2022-06-02,2022-07-01,2023-12-27,rate_hike_cycle_2022
ExtraTrees,WTI,120,20,4,1.5125,109.3632,161.7438,0.5938,49.6,2.9887,50.46,2023-07-10,2023-08-08,2025-01-31,
ExtraTrees,STI,20,1,0,0.8134,44.1191,64.024,0.9915,50.0,1.3492,41.1,2019-02-13,2019-02-15,2020-08-12,covid_crash
ExtraTrees,STI,20,1,1,0.7849,42.9339,58.111,0.9902,48.2,1.2363,46.81,2020-03-26,2020-03-30,2021-09-23,covid_crash
ExtraTrees,STI,20,1,2,0.5716,37.9737,48.7603,0.9868,52.58,1.0318,54.72,2021-05-07,2021-05-11,2022-11-04,rate_hike_cycle_2022
ExtraTrees,STI,20,1,3,0.4746,32.6756,43.0359,0.9242,54.38,0.882,48.51,2022-06-20,2022-06-22,2023-12-18,rate_hike_cycle_2022
ExtraTrees,STI,20,1,4,0.5468,39.3218,52.0023,0.9576,52.58,1.0767,48.65,2023-08-01,2023-08-03,2025-01-28,
ExtraTrees,STI,20,5,0,1.4214,76.4171,123.6871,0.9684,49.48,2.337,51.39,2019-02-13,2019-02-21,2020-08-18,covid_crash
ExtraTrees,STI,20,5,1,1.1946,65.913,95.1304,0.9732,50.52,1.9048,57.61,2020-03-25,2020-04-02,2021-09-28,covid_crash
ExtraTrees,STI,20,5,2,0.901,60.005,80.7896,0.9633,54.43,1.6297,58.49,2021-05-05,2021-05-13,2022-11-08,rate_hike_cycle_2022
ExtraTrees,STI,20,5,3,0.7901,54.2544,74.6317,0.769,52.6,1.4663,52.53,2022-06-15,2022-06-23,2023-12-19,rate_hike_cycle_2022
ExtraTrees,STI,20,5,4,0.9144,65.7707,86.1484,0.8847,48.96,1.8006,52.73,2023-07-26,2023-08-03,2025-01-28,
ExtraTrees,STI,20,20,0,2.5745,134.9088,231.121,0.8887,50.92,4.1258,52.11,2019-02-13,2019-03-14,2020-09-08,covid_crash
ExtraTrees,STI,20,20,1,2.6221,146.1302,193.3814,0.8823,46.44,4.2558,46.81,2020-03-20,2020-04-20,2021-10-14,covid_crash
ExtraTrees,STI,20,20,2,1.9751,132.9393,177.8151,0.8075,48.28,3.6054,48.08,2021-04-27,2021-05-26,2022-11-21,rate_hike_cycle_2022
ExtraTrees,STI,20,20,3,1.4214,97.6848,129.3558,0.3164,51.19,2.6467,49.48,2022-06-02,2022-07-01,2023-12-27,rate_hike_cycle_2022
ExtraTrees,STI,20,20,4,1.516,109.7524,163.9021,0.5829,50.92,2.9993,50.46,2023-07-10,2023-08-08,2025-01-31,
ExtraTrees,STI,120,1,0,0.8118,44.0691,63.6573,0.9916,51.03,1.3477,49.32,2019-02-13,2019-02-15,2020-08-12,covid_crash
ExtraTrees,STI,120,1,1,0.7884,43.1261,58.0514,0.9902,50.26,1.2418,42.55,2020-03-26,2020-03-30,2021-09-23,covid_crash
ExtraTrees,STI,120,1,2,0.5705,37.8933,48.7122,0.9868,54.38,1.0296,54.72,2021-05-07,2021-05-11,2022-11-04,rate_hike_cycle_2022
ExtraTrees,STI,120,1,3,0.4741,32.6423,43.0077,0.9243,54.64,0.8811,49.5,2022-06-20,2022-06-22,2023-12-18,rate_hike_cycle_2022
ExtraTrees,STI,120,1,4,0.5463,39.2867,51.9957,0.9576,52.84,1.0757,48.65,2023-08-01,2023-08-03,2025-01-28,
ExtraTrees,STI,120,5,0,1.4259,76.6613,124.1282,0.9682,49.22,2.3444,50.0,2019-02-13,2019-02-21,2020-08-18,covid_crash
ExtraTrees,STI,120,5,1,1.1816,65.2955,93.8769,0.9739,50.78,1.8869,56.52,2020-03-25,2020-04-02,2021-09-28,covid_crash
ExtraTrees,STI,120,5,2,0.8966,59.7196,80.5973,0.9635,54.69,1.6219,60.38,2021-05-05,2021-05-13,2022-11-08,rate_hike_cycle_2022
ExtraTrees,STI,120,5,3,0.7889,54.1589,74.6788,0.7687,52.6,1.4637,52.53,2022-06-15,2022-06-23,2023-12-19,rate_hike_cycle_2022
ExtraTrees,STI,120,5,4,0.9134,65.6844,86.1755,0.8847,49.48,1.7982,51.82,2023-07-26,2023-08-03,2025-01-28,
ExtraTrees,STI,120,20,0,2.6533,139.1522,235.3534,0.8846,52.24,4.2555,50.7,2019-02-13,2019-03-14,2020-09-08,covid_crash
ExtraTrees,STI,120,20,1,2.6303,146.3098,192.0309,0.8839,45.65,4.2611,44.68,2020-03-20,2020-04-20,2021-10-14,covid_crash
ExtraTrees,STI,120,20,2,1.9439,130.7294,176.9862,0.8093,49.34,3.5455,48.08,2021-04-27,2021-05-26,2022-11-21,rate_hike_cycle_2022
ExtraTrees,STI,120,20,3,1.4208,97.5595,130.1218,0.3082,51.19,2.6433,49.48,2022-06-02,2022-07-01,2023-12-27,rate_hike_cycle_2022
ExtraTrees,STI,120,20,4,1.5115,109.2893,161.5095,0.595,49.6,2.9867,50.46,2023-07-10,2023-08-08,2025-01-31,
ExtraTrees,Screening1,20,1,0,0.811,44.0238,63.6412,0.9916,49.48,1.3463,47.95,2019-02-13,2019-02-15,2020-08-12,covid_crash
ExtraTrees,Screening1,20,1,1,0.7893,43.1851,57.874,0.9903,46.65,1.2435,50.0,2020-03-26,2020-03-30,2021-09-23,covid_crash
ExtraTrees,Screening1,20,1,2,0.5694,37.8152,48.6499,0.9868,50.77,1.0275,56.6,2021-05-07,2021-05-11,2022-11-04,rate_hike_cycle_2022
ExtraTrees,Screening1,20,1,3,0.4729,32.5588,42.8355,0.9249,54.64,0.8789,52.48,2022-06-20,2022-06-22,2023-12-18,rate_hike_cycle_2022
ExtraTrees,Screening1,20,1,4,0.5465,39.3015,51.9888,0.9576,53.61,1.0762,51.35,2023-08-01,2023-08-03,2025-01-28,
ExtraTrees,Screening1,20,5,0,1.4149,76.0641,123.2124,0.9687,48.96,2.3262,51.39,2019-02-13,2019-02-21,2020-08-18,covid_crash
ExtraTrees,Screening1,20,5,1,1.2138,66.8554,95.118,0.9732,50.78,1.932,56.52,2020-03-25,2020-04-02,2021-09-28,covid_crash
ExtraTrees,Screening1,20,5,2,0.9025,60.11,81.1363,0.963,53.65,1.6325,60.38,2021-05-05,2021-05-13,2022-11-08,rate_hike_cycle_2022
ExtraTrees,Screening1,20,5,3,0.7886,54.151,74.5869,0.7693,52.86,1.4635,53.54,2022-06-15,2022-06-23,2023-12-19,rate_hike_cycle_2022
ExtraTrees,Screening1,20,5,4,0.9133,65.6872,86.006,0.8851,48.96,1.7983,53.64,2023-07-26,2023-08-03,2025-01-28,
ExtraTrees,Screening1,20,20,0,2.5502,133.8231,228.5037,0.8912,50.13,4.0926,50.7,2019-02-13,2019-03-14,2020-09-08,covid_crash
ExtraTrees,Screening1,20,20,1,2.6021,145.2227,192.2454,0.8837,46.7,4.2294,46.81,2020-03-20,2020-04-20,2021-10-14,covid_crash
ExtraTrees,Screening1,20,20,2,1.9724,132.7535,177.7629,0.8076,49.34,3.6003,50.0,2021-04-27,2021-05-26,2022-11-21,rate_hike_cycle_2022
ExtraTrees,Screening1,20,20,3,1.42,97.5821,129.2722,0.3172,51.45,2.644,50.52,2022-06-02,2022-07-01,2023-12-27,rate_hike_cycle_2022
ExtraTrees,Screening1,20,20,4,1.5059,108.996,161.9268,0.5929,51.45,2.9787,51.38,2023-07-10,2023-08-08,2025-01-31,
ExtraTrees,Screening1,120,1,0,0.8084,43.9139,63.2995,0.9917,49.48,1.343,46.58,2019-02-13,2019-02-15,2020-08-12,covid_crash
ExtraTrees,Screening1,120,1,1,0.7826,42.8613,57.5872,0.9904,50.52,1.2342,53.19,2020-03-26,2020-03-30,2021-09-23,covid_crash
ExtraTrees,Screening1,120,1,2,0.5697,37.8493,48.7236,0.9868,52.58,1.0284,56.6,2021-05-07,2021-05-11,2022-11-04,rate_hike_cycle_2022
ExtraTrees,Screening1,120,1,3,0.4734,32.5915,42.9768,0.9244,55.67,0.8797,53.47,2022-06-20,2022-06-22,2023-12-18,rate_hike_cycle_2022
ExtraTrees,Screening1,120,1,4,0.5459,39.2603,51.9512,0.9577,53.87,1.075,52.25,2023-08-01,2023-08-03,2025-01-28,
ExtraTrees,Screening1,120,5,0,1.4128,76.0183,123.0038,0.9688,49.48,2.3248,50.0,2019-02-13,2019-02-21,2020-08-18,covid_crash
ExtraTrees,Screening1,120,5,1,1.1909,65.8233,93.2628,0.9743,52.34,1.9022,58.7,2020-03-25,2020-04-02,2021-09-28,covid_crash
ExtraTrees,Screening1,120,5,2,0.9016,60.0715,81.208,0.9629,53.91,1.6315,58.49,2021-05-05,2021-05-13,2022-11-08,rate_hike_cycle_2022
ExtraTrees,Screening1,120,5,3,0.7894,54.198,74.8242,0.7678,52.34,1.4647,51.52,2022-06-15,2022-06-23,2023-12-19,rate_hike_cycle_2022
ExtraTrees,Screening1,120,5,4,0.9118,65.5703,85.9842,0.8852,49.22,1.7951,51.82,2023-07-26,2023-08-03,2025-01-28,
ExtraTrees,Screening1,120,20,0,2.6319,138.1825,233.6579,0.8862,50.92,4.2259,49.3,2019-02-13,2019-03-14,2020-09-08,covid_crash
ExtraTrees,Screening1,120,20,1,2.5968,144.6648,190.103,0.8863,46.44,4.2132,45.74,2020-03-20,2020-04-20,2021-10-14,covid_crash
ExtraTrees,Screening1,120,20,2,1.9572,131.6447,178.0747,0.807,49.6,3.5703,49.04,2021-04-27,2021-05-26,2022-11-21,rate_hike_cycle_2022
ExtraTrees,Screening1,120,20,3,1.4267,97.9712,130.4264,0.305,51.19,2.6545,49.48,2022-06-02,2022-07-01,2023-12-27,rate_hike_cycle_2022
ExtraTrees,Screening1,120,20,4,1.5092,109.1171,161.3195,0.5959,49.6,2.982,50.46,2023-07-10,2023-08-08,2025-01-31,
ExtraTrees,Screening2,20,1,0,0.8095,43.9587,63.3305,0.9917,51.8,1.3443,53.42,2019-02-13,2019-02-15,2020-08-12,covid_crash
ExtraTrees,Screening2,20,1,1,0.7877,43.1261,57.9925,0.9903,47.68,1.2418,47.87,2020-03-26,2020-03-30,2021-09-23,covid_crash
ExtraTrees,Screening2,20,1,2,0.5698,37.8477,48.6933,0.9868,53.35,1.0284,48.11,2021-05-07,2021-05-11,2022-11-04,rate_hike_cycle_2022
ExtraTrees,Screening2,20,1,3,0.4737,32.6093,42.9138,0.9247,54.12,0.8802,52.48,2022-06-20,2022-06-22,2023-12-18,rate_hike_cycle_2022
ExtraTrees,Screening2,20,1,4,0.5463,39.286,51.9296,0.9577,53.35,1.0757,55.86,2023-08-01,2023-08-03,2025-01-28,
ExtraTrees,Screening2,20,5,0,1.4181,76.2423,123.1823,0.9687,47.92,2.3316,48.61,2019-02-13,2019-02-21,2020-08-18,covid_crash
ExtraTrees,Screening2,20,5,1,1.2132,66.8204,95.1707,0.9732,50.26,1.931,56.52,2020-03-25,2020-04-02,2021-09-28,covid_crash
ExtraTrees,Screening2,20,5,2,0.9021,60.086,81.0836,0.963,54.69,1.6319,59.43,2021-05-05,2021-05-13,2022-11-08,rate_hike_cycle_2022
ExtraTrees,Screening2,20,5,3,0.7908,54.3037,74.7892,0.768,52.86,1.4676,52.53,2022-06-15,2022-06-23,2023-12-19,rate_hike_cycle_2022
ExtraTrees,Screening2,20,5,4,0.9128,65.6501,85.9118,0.8854,49.22,1.7973,52.73,2023-07-26,2023-08-03,2025-01-28,
ExtraTrees,Screening2,20,20,0,2.5531,133.8252,229.0327,0.8907,50.92,4.0926,52.11,2019-02-13,2019-03-14,2020-09-08,covid_crash
ExtraTrees,Screening2,20,20,1,2.5943,144.7613,191.8151,0.8842,46.7,4.216,46.81,2020-03-20,2020-04-20,2021-10-14,covid_crash
ExtraTrees,Screening2,20,20,2,1.9751,132.9307,177.9498,0.8072,48.55,3.6052,49.04,2021-04-27,2021-05-26,2022-11-21,rate_hike_cycle_2022
ExtraTrees,Screening2,20,20,3,1.4195,97.5505,129.2891,0.3171,50.92,2.6431,49.48,2022-06-02,2022-07-01,2023-12-27,rate_hike_cycle_2022
ExtraTrees,Screening2,20,20,4,1.5071,109.0705,161.7519,0.5938,50.92,2.9807,50.46,2023-07-10,2023-08-08,2025-01-31,
ExtraTrees,Screening2,120,1,0,0.8086,43.941,63.3578,0.9917,52.06,1.3438,49.32,2019-02-13,2019-02-15,2020-08-12,covid_crash
ExtraTrees,Screening2,120,1,1,0.7877,43.1145,57.9073,0.9903,48.97,1.2415,42.55,2020-03-26,2020-03-30,2021-09-23,covid_crash
ExtraTrees,Screening2,120,1,2,0.569,37.7905,48.6804,0.9868,53.87,1.0268,51.89,2021-05-07,2021-05-11,2022-11-04,rate_hike_cycle_2022
ExtraTrees,Screening2,120,1,3,0.475,32.7016,43.0831,0.9241,54.12,0.8827,45.54,2022-06-20,2022-06-22,2023-12-18,rate_hike_cycle_2022
ExtraTrees,Screening2,120,1,4,0.546,39.2636,51.9557,0.9577,54.38,1.0751,52.25,2023-08-01,2023-08-03,2025-01-28,
ExtraTrees,Screening2,120,5,0,1.415,76.1355,122.9256,0.9688,47.4,2.3284,48.61,2019-02-13,2019-02-21,2020-08-18,covid_crash
ExtraTrees,Screening2,120,5,1,1.1782,65.0931,92.6287,0.9746,52.34,1.8811,58.7,2020-03-25,2020-04-02,2021-09-28,covid_crash
ExtraTrees,Screening2,120,5,2,0.9011,60.0363,80.914,0.9632,54.69,1.6305,57.55,2021-05-05,2021-05-13,2022-11-08,rate_hike_cycle_2022
ExtraTrees,Screening2,120,5,3,0.7926,54.4182,75.0662,0.7663,51.56,1.4707,51.52,2022-06-15,2022-06-23,2023-12-19,rate_hike_cycle_2022
ExtraTrees,Screening2,120,5,4,0.9134,65.6889,86.1315,0.8848,49.22,1.7984,51.82,2023-07-26,2023-08-03,2025-01-28,
ExtraTrees,Screening2,120,20,0,2.6261,137.8389,233.4068,0.8865,51.19,4.2154,50.7,2019-02-13,2019-03-14,2020-09-08,covid_crash
ExtraTrees,Screening2,120,20,1,2.6134,145.6011,191.1781,0.885,46.7,4.2404,45.74,2020-03-20,2020-04-20,2021-10-14,covid_crash
ExtraTrees,Screening2,120,20,2,1.9601,131.8552,178.356,0.8064,49.08,3.576,47.12,2021-04-27,2021-05-26,2022-11-21,rate_hike_cycle_2022
ExtraTrees,Screening2,120,20,3,1.4291,98.127,130.8191,0.3008,51.19,2.6587,49.48,2022-06-02,2022-07-01,2023-12-27,rate_hike_cycle_2022
ExtraTrees,Screening2,120,20,4,1.5126,109.3631,161.6685,0.5942,49.6,2.9887,50.46,2023-07-10,2023-08-08,2025-01-31,
ExtraTrees,All_Commodity_STI,20,1,0,0.8109,44.0246,63.6011,0.9916,51.8,1.3464,46.58,2019-02-13,2019-02-15,2020-08-12,covid_crash
ExtraTrees,All_Commodity_STI,20,1,1,0.787,43.0876,57.7708,0.9903,47.42,1.2407,50.0,2020-03-26,2020-03-30,2021-09-23,covid_crash
ExtraTrees,All_Commodity_STI,20,1,2,0.5691,37.8009,48.5856,0.9868,52.84,1.0271,60.38,2021-05-07,2021-05-11,2022-11-04,rate_hike_cycle_2022
ExtraTrees,All_Commodity_STI,20,1,3,0.4737,32.6151,42.8726,0.9248,54.64,0.8804,55.45,2022-06-20,2022-06-22,2023-12-18,rate_hike_cycle_2022
ExtraTrees,All_Commodity_STI,20,1,4,0.5464,39.2948,51.9432,0.9577,52.58,1.076,50.45,2023-08-01,2023-08-03,2025-01-28,
ExtraTrees,All_Commodity_STI,20,5,0,1.418,76.217,123.6215,0.9685,48.96,2.3309,51.39,2019-02-13,2019-02-21,2020-08-18,covid_crash
ExtraTrees,All_Commodity_STI,20,5,1,1.213,66.8549,95.4277,0.9731,50.78,1.932,56.52,2020-03-25,2020-04-02,2021-09-28,covid_crash
ExtraTrees,All_Commodity_STI,20,5,2,0.9047,60.2572,81.199,0.9629,53.91,1.6365,56.6,2021-05-05,2021-05-13,2022-11-08,rate_hike_cycle_2022
ExtraTrees,All_Commodity_STI,20,5,3,0.7904,54.2762,74.7746,0.7681,52.6,1.4668,53.54,2022-06-15,2022-06-23,2023-12-19,rate_hike_cycle_2022
ExtraTrees,All_Commodity_STI,20,5,4,0.9132,65.681,85.9984,0.8851,48.7,1.7981,53.64,2023-07-26,2023-08-03,2025-01-28,
ExtraTrees,All_Commodity_STI,20,20,0,2.547,133.5747,228.5346,0.8912,50.66,4.085,50.7,2019-02-13,2019-03-14,2020-09-08,covid_crash
ExtraTrees,All_Commodity_STI,20,20,1,2.5968,144.8816,191.7985,0.8842,46.7,4.2195,46.81,2020-03-20,2020-04-20,2021-10-14,covid_crash
ExtraTrees,All_Commodity_STI,20,20,2,1.9755,132.9623,178.1444,0.8068,49.08,3.606,49.04,2021-04-27,2021-05-26,2022-11-21,rate_hike_cycle_2022
ExtraTrees,All_Commodity_STI,20,20,3,1.4236,97.8329,129.5819,0.314,50.92,2.6508,49.48,2022-06-02,2022-07-01,2023-12-27,rate_hike_cycle_2022
ExtraTrees,All_Commodity_STI,20,20,4,1.5124,109.4877,162.9958,0.5875,51.19,2.9921,51.38,2023-07-10,2023-08-08,2025-01-31,
ExtraTrees,All_Commodity_STI,120,1,0,0.8121,44.1114,63.5018,0.9917,47.42,1.349,41.1,2019-02-13,2019-02-15,2020-08-12,covid_crash
ExtraTrees,All_Commodity_STI,120,1,1,0.7835,42.8853,57.5013,0.9904,48.2,1.2349,50.0,2020-03-26,2020-03-30,2021-09-23,covid_crash
ExtraTrees,All_Commodity_STI,120,1,2,0.5693,37.8163,48.7403,0.9868,53.61,1.0275,54.72,2021-05-07,2021-05-11,2022-11-04,rate_hike_cycle_2022
ExtraTrees,All_Commodity_STI,120,1,3,0.4729,32.5567,42.9843,0.9244,55.15,0.8788,49.5,2022-06-20,2022-06-22,2023-12-18,rate_hike_cycle_2022
ExtraTrees,All_Commodity_STI,120,1,4,0.5453,39.2108,51.8734,0.9578,52.84,1.0737,49.55,2023-08-01,2023-08-03,2025-01-28,
ExtraTrees,All_Commodity_STI,120,5,0,1.4208,76.4305,123.2579,0.9687,47.14,2.3374,51.39,2019-02-13,2019-02-21,2020-08-18,covid_crash
ExtraTrees,All_Commodity_STI,120,5,1,1.1923,65.8787,93.5352,0.9741,50.52,1.9038,58.7,2020-03-25,2020-04-02,2021-09-28,covid_crash
ExtraTrees,All_Commodity_STI,120,5,2,0.9005,59.978,80.9023,0.9632,53.65,1.6289,56.6,2021-05-05,2021-05-13,2022-11-08,rate_hike_cycle_2022
ExtraTrees,All_Commodity_STI,120,5,3,0.7909,54.2994,74.9301,0.7672,51.3,1.4675,51.52,2022-06-15,2022-06-23,2023-12-19,rate_hike_cycle_2022
ExtraTrees,All_Commodity_STI,120,5,4,0.9122,65.5932,85.9425,0.8853,49.22,1.7957,52.73,2023-07-26,2023-08-03,2025-01-28,
ExtraTrees,All_Commodity_STI,120,20,0,2.6256,137.9056,233.843,0.8861,51.19,4.2174,50.7,2019-02-13,2019-03-14,2020-09-08,covid_crash
ExtraTrees,All_Commodity_STI,120,20,1,2.6007,144.9351,190.001,0.8864,46.44,4.221,45.74,2020-03-20,2020-04-20,2021-10-14,covid_crash
ExtraTrees,All_Commodity_STI,120,20,2,1.9565,131.6255,177.8269,0.8075,49.34,3.5698,49.04,2021-04-27,2021-05-26,2022-11-21,rate_hike_cycle_2022
ExtraTrees,All_Commodity_STI,120,20,3,1.4235,97.7472,130.3104,0.3062,51.19,2.6484,49.48,2022-06-02,2022-07-01,2023-12-27,rate_hike_cycle_2022
ExtraTrees,All_Commodity_STI,120,20,4,1.5196,109.8944,163.1577,0.5867,49.6,3.0032,50.46,2023-07-10,2023-08-08,2025-01-31,
ExtraTrees,All_Macro_no_UST,20,1,0,0.8069,43.814,63.1744,0.9918,54.12,1.3399,47.95,2019-02-13,2019-02-15,2020-08-12,covid_crash
ExtraTrees,All_Macro_no_UST,20,1,1,0.7871,43.0619,58.2124,0.9902,45.36,1.2399,44.68,2020-03-26,2020-03-30,2021-09-23,covid_crash
ExtraTrees,All_Macro_no_UST,20,1,2,0.571,37.9304,48.7455,0.9868,55.41,1.0306,53.77,2021-05-07,2021-05-11,2022-11-04,rate_hike_cycle_2022
ExtraTrees,All_Macro_no_UST,20,1,3,0.4746,32.6805,42.9848,0.9244,52.84,0.8821,47.52,2022-06-20,2022-06-22,2023-12-18,rate_hike_cycle_2022
ExtraTrees,All_Macro_no_UST,20,1,4,0.5472,39.3538,51.9973,0.9576,50.0,1.0776,48.65,2023-08-01,2023-08-03,2025-01-28,
ExtraTrees,All_Macro_no_UST,20,5,0,1.4093,75.7659,122.4165,0.9691,47.92,2.3171,51.39,2019-02-13,2019-02-21,2020-08-18,covid_crash
ExtraTrees,All_Macro_no_UST,20,5,1,1.19,65.7132,94.6763,0.9735,50.0,1.899,55.43,2020-03-25,2020-04-02,2021-09-28,covid_crash
ExtraTrees,All_Macro_no_UST,20,5,2,0.9004,59.9696,80.7517,0.9633,53.65,1.6287,57.55,2021-05-05,2021-05-13,2022-11-08,rate_hike_cycle_2022
ExtraTrees,All_Macro_no_UST,20,5,3,0.7905,54.279,74.6757,0.7687,52.34,1.4669,51.52,2022-06-15,2022-06-23,2023-12-19,rate_hike_cycle_2022
ExtraTrees,All_Macro_no_UST,20,5,4,0.9144,65.765,86.0625,0.885,48.18,1.8004,52.73,2023-07-26,2023-08-03,2025-01-28,
ExtraTrees,All_Macro_no_UST,20,20,0,2.5421,133.3409,227.3127,0.8923,50.4,4.0778,50.7,2019-02-13,2019-03-14,2020-09-08,covid_crash
ExtraTrees,All_Macro_no_UST,20,20,1,2.6223,146.2037,193.7235,0.8819,46.7,4.258,46.81,2020-03-20,2020-04-20,2021-10-14,covid_crash
ExtraTrees,All_Macro_no_UST,20,20,2,1.9741,132.8611,177.9046,0.8073,48.55,3.6033,49.04,2021-04-27,2021-05-26,2022-11-21,rate_hike_cycle_2022
ExtraTrees,All_Macro_no_UST,20,20,3,1.4212,97.6667,129.4084,0.3158,51.19,2.6463,50.52,2022-06-02,2022-07-01,2023-12-27,rate_hike_cycle_2022
ExtraTrees,All_Macro_no_UST,20,20,4,1.5078,109.1248,162.0624,0.5922,50.92,2.9822,50.46,2023-07-10,2023-08-08,2025-01-31,
ExtraTrees,All_Macro_no_UST,120,1,0,0.809,43.9274,63.4153,0.9917,49.74,1.3434,43.84,2019-02-13,2019-02-15,2020-08-12,covid_crash
ExtraTrees,All_Macro_no_UST,120,1,1,0.7839,42.9154,57.8253,0.9903,47.16,1.2357,38.3,2020-03-26,2020-03-30,2021-09-23,covid_crash
ExtraTrees,All_Macro_no_UST,120,1,2,0.5706,37.9027,48.7433,0.9868,54.9,1.0298,50.94,2021-05-07,2021-05-11,2022-11-04,rate_hike_cycle_2022
ExtraTrees,All_Macro_no_UST,120,1,3,0.4743,32.6544,43.0272,0.9243,54.64,0.8814,49.5,2022-06-20,2022-06-22,2023-12-18,rate_hike_cycle_2022
ExtraTrees,All_Macro_no_UST,120,1,4,0.546,39.2677,51.9258,0.9577,54.9,1.0752,54.05,2023-08-01,2023-08-03,2025-01-28,
ExtraTrees,All_Macro_no_UST,120,5,0,1.4123,76.0582,122.5027,0.969,48.18,2.326,48.61,2019-02-13,2019-02-21,2020-08-18,covid_crash
ExtraTrees,All_Macro_no_UST,120,5,1,1.1757,65.0344,92.684,0.9746,50.52,1.8794,55.43,2020-03-25,2020-04-02,2021-09-28,covid_crash
ExtraTrees,All_Macro_no_UST,120,5,2,0.8963,59.7128,80.542,0.9635,54.17,1.6217,59.43,2021-05-05,2021-05-13,2022-11-08,rate_hike_cycle_2022
ExtraTrees,All_Macro_no_UST,120,5,3,0.7899,54.23,74.7227,0.7684,52.08,1.4656,52.53,2022-06-15,2022-06-23,2023-12-19,rate_hike_cycle_2022
ExtraTrees,All_Macro_no_UST,120,5,4,0.9124,65.6155,86.0444,0.885,48.96,1.7964,52.73,2023-07-26,2023-08-03,2025-01-28,
ExtraTrees,All_Macro_no_UST,120,20,0,2.6199,137.6008,232.6662,0.8872,51.19,4.2081,49.3,2019-02-13,2019-03-14,2020-09-08,covid_crash
ExtraTrees,All_Macro_no_UST,120,20,1,2.5831,144.1322,190.4055,0.8859,46.17,4.1976,45.74,2020-03-20,2020-04-20,2021-10-14,covid_crash
ExtraTrees,All_Macro_no_UST,120,20,2,1.9441,130.7437,176.9066,0.8095,49.6,3.5458,48.08,2021-04-27,2021-05-26,2022-11-21,rate_hike_cycle_2022
ExtraTrees,All_Macro_no_UST,120,20,3,1.4212,97.5814,130.311,0.3062,51.19,2.6439,49.48,2022-06-02,2022-07-01,2023-12-27,rate_hike_cycle_2022
ExtraTrees,All_Macro_no_UST,120,20,4,1.5118,109.2944,161.4641,0.5952,49.6,2.9868,50.46,2023-07-10,2023-08-08,2025-01-31,
ExtraTrees,All_Covariates,20,1,0,0.8086,43.9224,63.2941,0.9917,53.61,1.3432,49.32,2019-02-13,2019-02-15,2020-08-12,covid_crash
ExtraTrees,All_Covariates,20,1,1,0.7846,42.9609,57.7062,0.9904,47.16,1.237,50.0,2020-03-26,2020-03-30,2021-09-23,covid_crash
ExtraTrees,All_Covariates,20,1,2,0.5682,37.7307,48.5375,0.9869,53.87,1.0252,55.66,2021-05-07,2021-05-11,2022-11-04,rate_hike_cycle_2022
ExtraTrees,All_Covariates,20,1,3,0.4732,32.5821,42.8316,0.925,54.9,0.8795,50.5,2022-06-20,2022-06-22,2023-12-18,rate_hike_cycle_2022
ExtraTrees,All_Covariates,20,1,4,0.5466,39.3056,51.9445,0.9577,53.09,1.0763,54.05,2023-08-01,2023-08-03,2025-01-28,
ExtraTrees,All_Covariates,20,5,0,1.4091,75.7757,122.3201,0.9691,47.92,2.3174,50.0,2019-02-13,2019-02-21,2020-08-18,covid_crash
ExtraTrees,All_Covariates,20,5,1,1.202,66.2397,94.9864,0.9733,50.26,1.9142,56.52,2020-03-25,2020-04-02,2021-09-28,covid_crash
ExtraTrees,All_Covariates,20,5,2,0.9013,60.0319,80.994,0.9631,51.82,1.6304,54.72,2021-05-05,2021-05-13,2022-11-08,rate_hike_cycle_2022
ExtraTrees,All_Covariates,20,5,3,0.7967,54.6991,75.0678,0.7663,52.34,1.4783,53.54,2022-06-15,2022-06-23,2023-12-19,rate_hike_cycle_2022
ExtraTrees,All_Covariates,20,5,4,0.914,65.7353,86.0875,0.8849,49.22,1.7996,54.55,2023-07-26,2023-08-03,2025-01-28,
ExtraTrees,All_Covariates,20,20,0,2.5418,133.3834,227.3366,0.8923,50.66,4.0791,50.7,2019-02-13,2019-03-14,2020-09-08,covid_crash
ExtraTrees,All_Covariates,20,20,1,2.5993,144.9742,192.1505,0.8838,46.97,4.2222,46.81,2020-03-20,2020-04-20,2021-10-14,covid_crash
ExtraTrees,All_Covariates,20,20,2,1.9732,132.8116,177.6798,0.8078,48.81,3.6019,49.04,2021-04-27,2021-05-26,2022-11-21,rate_hike_cycle_2022
ExtraTrees,All_Covariates,20,20,3,1.4193,97.5269,129.0303,0.3198,50.13,2.6425,50.52,2022-06-02,2022-07-01,2023-12-27,rate_hike_cycle_2022
ExtraTrees,All_Covariates,20,20,4,1.5031,108.7959,161.597,0.5945,50.92,2.9732,50.46,2023-07-10,2023-08-08,2025-01-31,
ExtraTrees,All_Covariates,120,1,0,0.8078,43.8857,63.2808,0.9917,53.61,1.3421,47.95,2019-02-13,2019-02-15,2020-08-12,covid_crash
ExtraTrees,All_Covariates,120,1,1,0.7836,42.9049,57.7123,0.9903,49.74,1.2354,47.87,2020-03-26,2020-03-30,2021-09-23,covid_crash
ExtraTrees,All_Covariates,120,1,2,0.5693,37.8162,48.6764,0.9868,53.09,1.0275,51.89,2021-05-07,2021-05-11,2022-11-04,rate_hike_cycle_2022
ExtraTrees,All_Covariates,120,1,3,0.4743,32.6567,43.0109,0.9243,53.09,0.8815,50.5,2022-06-20,2022-06-22,2023-12-18,rate_hike_cycle_2022
ExtraTrees,All_Covariates,120,1,4,0.5462,39.2753,51.9619,0.9576,52.06,1.0754,47.75,2023-08-01,2023-08-03,2025-01-28,
ExtraTrees,All_Covariates,120,5,0,1.4169,76.2615,122.8593,0.9689,47.4,2.3322,48.61,2019-02-13,2019-02-21,2020-08-18,covid_crash
ExtraTrees,All_Covariates,120,5,1,1.185,65.4678,93.1167,0.9744,52.08,1.8919,57.61,2020-03-25,2020-04-02,2021-09-28,covid_crash
ExtraTrees,All_Covariates,120,5,2,0.9013,60.0346,81.1832,0.9629,53.65,1.6305,59.43,2021-05-05,2021-05-13,2022-11-08,rate_hike_cycle_2022
ExtraTrees,All_Covariates,120,5,3,0.7938,54.4957,74.985,0.7668,50.0,1.4728,50.51,2022-06-15,2022-06-23,2023-12-19,rate_hike_cycle_2022
ExtraTrees,All_Covariates,120,5,4,0.9156,65.8441,86.2529,0.8844,47.92,1.8026,50.0,2023-07-26,2023-08-03,2025-01-28,
ExtraTrees,All_Covariates,120,20,0,2.6352,138.3383,233.8422,0.8861,51.45,4.2306,49.3,2019-02-13,2019-03-14,2020-09-08,covid_crash
ExtraTrees,All_Covariates,120,20,1,2.5805,143.831,189.4531,0.887,46.44,4.1889,44.68,2020-03-20,2020-04-20,2021-10-14,covid_crash
ExtraTrees,All_Covariates,120,20,2,1.9591,131.7776,177.6878,0.8078,50.13,3.5739,49.04,2021-04-27,2021-05-26,2022-11-21,rate_hike_cycle_2022
ExtraTrees,All_Covariates,120,20,3,1.424,97.778,130.6573,0.3025,50.66,2.6493,49.48,2022-06-02,2022-07-01,2023-12-27,rate_hike_cycle_2022
ExtraTrees,All_Covariates,120,20,4,1.5095,109.1468,161.4219,0.5954,49.87,2.9828,51.38,2023-07-10,2023-08-08,2025-01-31,
XGBoost,Baseline,20,1,0,0.8574,46.631,65.8293,0.9911,50.0,1.4261,43.84,2019-02-13,2019-02-15,2020-08-12,covid_crash
XGBoost,Baseline,20,1,1,0.8161,44.6186,59.9055,0.9896,54.64,1.2848,50.0,2020-03-26,2020-03-30,2021-09-23,covid_crash
XGBoost,Baseline,20,1,2,0.6067,40.2583,51.464,0.9852,52.06,1.0938,53.77,2021-05-07,2021-05-11,2022-11-04,rate_hike_cycle_2022
XGBoost,Baseline,20,1,3,0.5228,35.9491,47.3069,0.9085,52.06,0.9704,50.5,2022-06-20,2022-06-22,2023-12-18,rate_hike_cycle_2022
XGBoost,Baseline,20,1,4,0.6031,43.3888,57.1073,0.9488,49.74,1.1881,47.75,2023-08-01,2023-08-03,2025-01-28,
XGBoost,Baseline,20,5,0,1.5174,82.2187,128.5071,0.9659,49.48,2.5144,47.22,2019-02-13,2019-02-21,2020-08-18,covid_crash
XGBoost,Baseline,20,5,1,1.3444,73.9643,106.738,0.9663,51.82,2.1375,55.43,2020-03-25,2020-04-02,2021-09-28,covid_crash
XGBoost,Baseline,20,5,2,0.9983,66.4255,87.6915,0.9568,51.56,1.804,50.0,2021-05-05,2021-05-13,2022-11-08,rate_hike_cycle_2022
XGBoost,Baseline,20,5,3,0.8836,60.6342,77.5628,0.7505,47.66,1.6387,51.52,2022-06-15,2022-06-23,2023-12-19,rate_hike_cycle_2022
XGBoost,Baseline,20,5,4,0.988,70.7745,92.9578,0.8658,48.18,1.9376,48.18,2023-07-26,2023-08-03,2025-01-28,
XGBoost,Baseline,20,20,0,2.9144,154.687,246.5885,0.8733,50.4,4.7306,52.11,2019-02-13,2019-03-14,2020-09-08,covid_crash
XGBoost,Baseline,20,20,1,2.6876,150.2588,201.5614,0.8721,49.34,4.3761,48.94,2020-03-20,2020-04-20,2021-10-14,covid_crash
XGBoost,Baseline,20,20,2,2.2661,151.753,201.1238,0.7538,50.92,4.1156,48.08,2021-04-27,2021-05-26,2022-11-21,rate_hike_cycle_2022
XGBoost,Baseline,20,20,3,1.3547,93.1207,119.3026,0.4185,51.45,2.5231,52.58,2022-06-02,2022-07-01,2023-12-27,rate_hike_cycle_2022
XGBoost,Baseline,20,20,4,1.5412,111.1455,149.8277,0.6514,49.87,3.0374,52.29,2023-07-10,2023-08-08,2025-01-31,
XGBoost,Baseline,120,1,0,0.8549,46.5904,66.1389,0.991,52.06,1.4248,50.68,2019-02-13,2019-02-15,2020-08-12,covid_crash
XGBoost,Baseline,120,1,1,0.8557,46.7474,62.5667,0.9887,52.06,1.3461,48.94,2020-03-26,2020-03-30,2021-09-23,covid_crash
XGBoost,Baseline,120,1,2,0.6034,40.0502,50.6762,0.9857,52.06,1.0882,53.77,2021-05-07,2021-05-11,2022-11-04,rate_hike_cycle_2022
XGBoost,Baseline,120,1,3,0.5301,36.4741,46.9661,0.9098,48.45,0.9845,46.53,2022-06-20,2022-06-22,2023-12-18,rate_hike_cycle_2022
XGBoost,Baseline,120,1,4,0.582,41.8539,54.7353,0.953,51.8,1.146,52.25,2023-08-01,2023-08-03,2025-01-28,
XGBoost,Baseline,120,5,0,1.6114,87.0679,134.5108,0.9627,47.66,2.6627,44.44,2019-02-13,2019-02-21,2020-08-18,covid_crash
XGBoost,Baseline,120,5,1,1.2723,70.6952,98.7456,0.9712,52.34,2.043,61.96,2020-03-25,2020-04-02,2021-09-28,covid_crash
XGBoost,Baseline,120,5,2,0.9395,62.6509,84.4529,0.9599,53.65,1.7015,52.83,2021-05-05,2021-05-13,2022-11-08,rate_hike_cycle_2022
XGBoost,Baseline,120,5,3,0.8725,59.9341,79.0682,0.7407,50.26,1.6197,51.52,2022-06-15,2022-06-23,2023-12-19,rate_hike_cycle_2022
XGBoost,Baseline,120,5,4,0.9218,66.2858,87.0763,0.8822,51.04,1.8147,53.64,2023-07-26,2023-08-03,2025-01-28,
XGBoost,Baseline,120,20,0,3.2127,171.2247,264.2032,0.8546,51.19,5.2364,52.11,2019-02-13,2019-03-14,2020-09-08,covid_crash
XGBoost,Baseline,120,20,1,2.7703,153.0503,199.9444,0.8742,48.81,4.4574,51.06,2020-03-20,2020-04-20,2021-10-14,covid_crash
XGBoost,Baseline,120,20,2,2.0609,139.6134,179.3597,0.8042,51.19,3.7864,52.88,2021-04-27,2021-05-26,2022-11-21,rate_hike_cycle_2022
XGBoost,Baseline,120,20,3,1.6194,111.2399,147.4682,0.1115,50.92,3.014,50.52,2022-06-02,2022-07-01,2023-12-27,rate_hike_cycle_2022
XGBoost,Baseline,120,20,4,1.6566,119.425,163.5004,0.5849,49.87,3.2637,53.21,2023-07-10,2023-08-08,2025-01-31,
XGBoost,BI_Rate,20,1,0,0.8559,46.703,65.8739,0.991,49.74,1.4283,46.58,2019-02-13,2019-02-15,2020-08-12,covid_crash
XGBoost,BI_Rate,20,1,1,0.8153,44.5522,59.9892,0.9896,54.9,1.2829,51.06,2020-03-26,2020-03-30,2021-09-23,covid_crash
XGBoost,BI_Rate,20,1,2,0.6084,40.3898,52.422,0.9847,49.74,1.0974,50.0,2021-05-07,2021-05-11,2022-11-04,rate_hike_cycle_2022
XGBoost,BI_Rate,20,1,3,0.5254,36.1611,47.1554,0.909,48.2,0.9761,51.49,2022-06-20,2022-06-22,2023-12-18,rate_hike_cycle_2022
XGBoost,BI_Rate,20,1,4,0.5915,42.4978,56.1607,0.9505,52.84,1.1637,52.25,2023-08-01,2023-08-03,2025-01-28,
XGBoost,BI_Rate,20,5,0,1.58,85.2153,135.2953,0.9622,50.26,2.606,41.67,2019-02-13,2019-02-21,2020-08-18,covid_crash
XGBoost,BI_Rate,20,5,1,1.3437,74.0592,108.2206,0.9654,51.04,2.1402,56.52,2020-03-25,2020-04-02,2021-09-28,covid_crash
XGBoost,BI_Rate,20,5,2,0.9552,63.5546,84.2867,0.96,53.65,1.7261,52.83,2021-05-05,2021-05-13,2022-11-08,rate_hike_cycle_2022
XGBoost,BI_Rate,20,5,3,0.8605,59.0726,77.672,0.7498,47.4,1.5965,50.51,2022-06-15,2022-06-23,2023-12-19,rate_hike_cycle_2022
XGBoost,BI_Rate,20,5,4,1.0015,71.9136,93.1817,0.8651,49.22,1.9688,50.0,2023-07-26,2023-08-03,2025-01-28,
XGBoost,BI_Rate,20,20,0,3.1221,163.9735,264.5293,0.8542,48.55,5.0146,46.48,2019-02-13,2019-03-14,2020-09-08,covid_crash
XGBoost,BI_Rate,20,20,1,2.7602,154.6448,207.6991,0.8642,48.02,4.5038,51.06,2020-03-20,2020-04-20,2021-10-14,covid_crash
XGBoost,BI_Rate,20,20,2,2.1118,141.2669,191.233,0.7774,51.19,3.8312,49.04,2021-04-27,2021-05-26,2022-11-21,rate_hike_cycle_2022
XGBoost,BI_Rate,20,20,3,1.4796,101.7122,126.7811,0.3433,51.19,2.7559,50.52,2022-06-02,2022-07-01,2023-12-27,rate_hike_cycle_2022
XGBoost,BI_Rate,20,20,4,1.7434,126.1297,174.4642,0.5274,49.6,3.4469,45.87,2023-07-10,2023-08-08,2025-01-31,
XGBoost,BI_Rate,120,1,0,0.8916,48.6123,68.0437,0.9904,48.71,1.4867,41.1,2019-02-13,2019-02-15,2020-08-12,covid_crash
XGBoost,BI_Rate,120,1,1,0.8354,45.6222,61.2098,0.9891,52.32,1.3137,43.62,2020-03-26,2020-03-30,2021-09-23,covid_crash
XGBoost,BI_Rate,120,1,2,0.6199,41.1355,52.3716,0.9847,51.03,1.1177,50.94,2021-05-07,2021-05-11,2022-11-04,rate_hike_cycle_2022
XGBoost,BI_Rate,120,1,3,0.5124,35.2673,46.1303,0.913,51.8,0.952,47.52,2022-06-20,2022-06-22,2023-12-18,rate_hike_cycle_2022
XGBoost,BI_Rate,120,1,4,0.5816,41.8483,55.0532,0.9525,50.26,1.1459,46.85,2023-08-01,2023-08-03,2025-01-28,
XGBoost,BI_Rate,120,5,0,1.6625,90.0779,135.8614,0.9619,46.88,2.7548,47.22,2019-02-13,2019-02-21,2020-08-18,covid_crash
XGBoost,BI_Rate,120,5,1,1.2629,70.083,103.7573,0.9682,51.3,2.0253,64.13,2020-03-25,2020-04-02,2021-09-28,covid_crash
XGBoost,BI_Rate,120,5,2,1.002,66.8256,87.2431,0.9572,51.3,1.8149,49.06,2021-05-05,2021-05-13,2022-11-08,rate_hike_cycle_2022
XGBoost,BI_Rate,120,5,3,0.8606,59.1137,78.349,0.7454,48.7,1.5976,46.46,2022-06-15,2022-06-23,2023-12-19,rate_hike_cycle_2022
XGBoost,BI_Rate,120,5,4,0.9385,67.4386,89.8843,0.8745,51.3,1.8463,53.64,2023-07-26,2023-08-03,2025-01-28,
XGBoost,BI_Rate,120,20,0,3.2652,172.5305,272.5463,0.8452,49.87,5.2763,52.11,2019-02-13,2019-03-14,2020-09-08,covid_crash
XGBoost,BI_Rate,120,20,1,2.9201,160.9662,212.7566,0.8575,48.02,4.6879,42.55,2020-03-20,2020-04-20,2021-10-14,covid_crash
XGBoost,BI_Rate,120,20,2,1.8334,123.3394,166.9828,0.8303,49.6,3.345,47.12,2021-04-27,2021-05-26,2022-11-21,rate_hike_cycle_2022
XGBoost,BI_Rate,120,20,3,1.5347,105.3106,136.3467,0.2405,50.92,2.8534,48.45,2022-06-02,2022-07-01,2023-12-27,rate_hike_cycle_2022
XGBoost,BI_Rate,120,20,4,1.7033,123.0194,177.9646,0.5082,50.92,3.3619,49.54,2023-07-10,2023-08-08,2025-01-31,
XGBoost,CPI,20,1,0,0.8653,47.0073,67.5973,0.9906,52.58,1.4376,52.05,2019-02-13,2019-02-15,2020-08-12,covid_crash
XGBoost,CPI,20,1,1,0.8448,46.0557,61.2084,0.9891,48.45,1.3261,43.62,2020-03-26,2020-03-30,2021-09-23,covid_crash
XGBoost,CPI,20,1,2,0.6036,40.0235,51.5841,0.9852,53.09,1.0875,53.77,2021-05-07,2021-05-11,2022-11-04,rate_hike_cycle_2022
XGBoost,CPI,20,1,3,0.5174,35.6093,46.6334,0.911,50.77,0.9612,47.52,2022-06-20,2022-06-22,2023-12-18,rate_hike_cycle_2022
XGBoost,CPI,20,1,4,0.6018,43.2502,57.0077,0.949,48.71,1.1843,45.95,2023-08-01,2023-08-03,2025-01-28,
XGBoost,CPI,20,5,0,1.5181,82.4462,127.09,0.9667,49.74,2.5214,43.06,2019-02-13,2019-02-21,2020-08-18,covid_crash
XGBoost,CPI,20,5,1,1.3507,74.1268,108.5506,0.9651,49.74,2.1422,56.52,2020-03-25,2020-04-02,2021-09-28,covid_crash
XGBoost,CPI,20,5,2,0.9884,65.7007,85.1553,0.9592,51.56,1.7844,49.06,2021-05-05,2021-05-13,2022-11-08,rate_hike_cycle_2022
XGBoost,CPI,20,5,3,0.8669,59.509,80.5984,0.7306,49.74,1.6083,49.49,2022-06-15,2022-06-23,2023-12-19,rate_hike_cycle_2022
XGBoost,CPI,20,5,4,0.9616,68.9125,92.3361,0.8676,52.34,1.8866,45.45,2023-07-26,2023-08-03,2025-01-28,
XGBoost,CPI,20,20,0,2.9114,152.7863,253.7762,0.8658,51.72,4.6725,49.3,2019-02-13,2019-03-14,2020-09-08,covid_crash
XGBoost,CPI,20,20,1,2.6269,146.9829,203.3712,0.8698,49.34,4.2807,53.19,2020-03-20,2020-04-20,2021-10-14,covid_crash
XGBoost,CPI,20,20,2,2.319,154.9181,200.776,0.7546,48.02,4.2015,46.15,2021-04-27,2021-05-26,2022-11-21,rate_hike_cycle_2022
XGBoost,CPI,20,20,3,1.5177,104.5591,129.7221,0.3125,50.13,2.833,46.39,2022-06-02,2022-07-01,2023-12-27,rate_hike_cycle_2022
XGBoost,CPI,20,20,4,1.5864,114.4424,160.778,0.5986,50.66,3.1275,47.71,2023-07-10,2023-08-08,2025-01-31,
XGBoost,CPI,120,1,0,0.8869,48.26,68.3381,0.9904,46.39,1.4759,36.99,2019-02-13,2019-02-15,2020-08-12,covid_crash
XGBoost,CPI,120,1,1,0.8493,46.4167,62.3712,0.9887,50.52,1.3365,43.62,2020-03-26,2020-03-30,2021-09-23,covid_crash
XGBoost,CPI,120,1,2,0.5846,38.8396,50.2426,0.9859,56.7,1.0553,52.83,2021-05-07,2021-05-11,2022-11-04,rate_hike_cycle_2022
XGBoost,CPI,120,1,3,0.5395,37.1366,48.7394,0.9028,48.2,1.0024,47.52,2022-06-20,2022-06-22,2023-12-18,rate_hike_cycle_2022
XGBoost,CPI,120,1,4,0.5773,41.5269,54.5856,0.9533,53.35,1.1371,54.05,2023-08-01,2023-08-03,2025-01-28,
XGBoost,CPI,120,5,0,1.5913,86.4239,135.4874,0.9621,48.44,2.643,43.06,2019-02-13,2019-02-21,2020-08-18,covid_crash
XGBoost,CPI,120,5,1,1.3197,73.2669,105.8045,0.9669,52.86,2.1173,57.61,2020-03-25,2020-04-02,2021-09-28,covid_crash
XGBoost,CPI,120,5,2,0.989,66.2032,86.1369,0.9583,49.22,1.798,50.94,2021-05-05,2021-05-13,2022-11-08,rate_hike_cycle_2022
XGBoost,CPI,120,5,3,0.9366,64.4263,85.6525,0.6957,48.96,1.7412,47.47,2022-06-15,2022-06-23,2023-12-19,rate_hike_cycle_2022
XGBoost,CPI,120,5,4,0.9301,66.7433,91.9211,0.8688,50.78,1.8272,47.27,2023-07-26,2023-08-03,2025-01-28,
XGBoost,CPI,120,20,0,3.0206,160.648,256.7314,0.8627,49.08,4.9129,47.89,2019-02-13,2019-03-14,2020-09-08,covid_crash
XGBoost,CPI,120,20,1,2.7271,152.025,202.8506,0.8705,49.08,4.4275,50.0,2020-03-20,2020-04-20,2021-10-14,covid_crash
XGBoost,CPI,120,20,2,2.0975,142.1533,185.0032,0.7916,48.55,3.8553,48.08,2021-04-27,2021-05-26,2022-11-21,rate_hike_cycle_2022
XGBoost,CPI,120,20,3,1.6933,116.772,151.8547,0.0579,51.98,3.1639,49.48,2022-06-02,2022-07-01,2023-12-27,rate_hike_cycle_2022
XGBoost,CPI,120,20,4,1.66,120.0317,179.3851,0.5004,51.98,3.2803,45.87,2023-07-10,2023-08-08,2025-01-31,
XGBoost,M2,20,1,0,0.8678,47.1027,67.4914,0.9906,50.77,1.4405,43.84,2019-02-13,2019-02-15,2020-08-12,covid_crash
XGBoost,M2,20,1,1,0.8568,46.7907,62.0241,0.9889,50.26,1.3473,43.62,2020-03-26,2020-03-30,2021-09-23,covid_crash
XGBoost,M2,20,1,2,0.6033,39.9953,52.2351,0.9848,52.06,1.0867,54.72,2021-05-07,2021-05-11,2022-11-04,rate_hike_cycle_2022
XGBoost,M2,20,1,3,0.5146,35.4038,46.7599,0.9106,53.35,0.9557,55.45,2022-06-20,2022-06-22,2023-12-18,rate_hike_cycle_2022
XGBoost,M2,20,1,4,0.5969,42.9264,56.9714,0.9491,52.84,1.1754,48.65,2023-08-01,2023-08-03,2025-01-28,
XGBoost,M2,20,5,0,1.5711,84.913,133.5789,0.9632,48.7,2.5968,45.83,2019-02-13,2019-02-21,2020-08-18,covid_crash
XGBoost,M2,20,5,1,1.3698,75.208,110.7072,0.9637,51.56,2.1734,53.26,2020-03-25,2020-04-02,2021-09-28,covid_crash
XGBoost,M2,20,5,2,0.9876,65.6519,85.3999,0.959,54.17,1.783,52.83,2021-05-05,2021-05-13,2022-11-08,rate_hike_cycle_2022
XGBoost,M2,20,5,3,0.8834,60.7441,79.6604,0.7368,50.0,1.6416,47.47,2022-06-15,2022-06-23,2023-12-19,rate_hike_cycle_2022
XGBoost,M2,20,5,4,1.0058,72.1094,93.423,0.8644,47.92,1.9741,50.0,2023-07-26,2023-08-03,2025-01-28,
XGBoost,M2,20,20,0,3.1364,164.3893,263.0612,0.8558,51.19,5.0273,50.7,2019-02-13,2019-03-14,2020-09-08,covid_crash
XGBoost,M2,20,20,1,2.5377,142.1352,194.5721,0.8809,49.08,4.1395,51.06,2020-03-20,2020-04-20,2021-10-14,covid_crash
XGBoost,M2,20,20,2,2.0306,136.2362,184.9292,0.7918,48.81,3.6948,49.04,2021-04-27,2021-05-26,2022-11-21,rate_hike_cycle_2022
XGBoost,M2,20,20,3,1.5532,107.0752,135.9331,0.2451,47.76,2.9012,48.45,2022-06-02,2022-07-01,2023-12-27,rate_hike_cycle_2022
XGBoost,M2,20,20,4,1.7415,125.3928,175.0896,0.524,49.6,3.4268,44.95,2023-07-10,2023-08-08,2025-01-31,
XGBoost,M2,120,1,0,0.8654,47.0503,66.1237,0.991,48.97,1.4389,43.84,2019-02-13,2019-02-15,2020-08-12,covid_crash
XGBoost,M2,120,1,1,0.8437,46.1857,61.6088,0.989,52.84,1.3299,45.74,2020-03-26,2020-03-30,2021-09-23,covid_crash
XGBoost,M2,120,1,2,0.6108,40.557,51.2138,0.9854,50.77,1.102,53.77,2021-05-07,2021-05-11,2022-11-04,rate_hike_cycle_2022
XGBoost,M2,120,1,3,0.5302,36.4914,47.581,0.9074,50.0,0.985,46.53,2022-06-20,2022-06-22,2023-12-18,rate_hike_cycle_2022
XGBoost,M2,120,1,4,0.5983,43.1065,57.1181,0.9488,49.23,1.1803,46.85,2023-08-01,2023-08-03,2025-01-28,
XGBoost,M2,120,5,0,1.6305,88.1494,134.2221,0.9628,47.4,2.6958,43.06,2019-02-13,2019-02-21,2020-08-18,covid_crash
XGBoost,M2,120,5,1,1.3157,72.8911,105.472,0.9671,53.39,2.1064,61.96,2020-03-25,2020-04-02,2021-09-28,covid_crash
XGBoost,M2,120,5,2,0.9448,62.8628,81.9574,0.9622,53.91,1.7073,61.32,2021-05-05,2021-05-13,2022-11-08,rate_hike_cycle_2022
XGBoost,M2,120,5,3,0.8588,59.0383,79.2969,0.7392,45.57,1.5955,47.47,2022-06-15,2022-06-23,2023-12-19,rate_hike_cycle_2022
XGBoost,M2,120,5,4,0.9366,67.2394,88.2033,0.8792,50.26,1.8408,57.27,2023-07-26,2023-08-03,2025-01-28,
XGBoost,M2,120,20,0,3.1455,167.1331,257.2089,0.8622,46.44,5.1112,49.3,2019-02-13,2019-03-14,2020-09-08,covid_crash
XGBoost,M2,120,20,1,2.6554,147.8579,189.7101,0.8867,48.81,4.3062,48.94,2020-03-20,2020-04-20,2021-10-14,covid_crash
XGBoost,M2,120,20,2,2.1391,145.0822,192.1312,0.7753,48.55,3.9347,47.12,2021-04-27,2021-05-26,2022-11-21,rate_hike_cycle_2022
XGBoost,M2,120,20,3,1.5117,104.0554,135.4166,0.2508,51.45,2.8194,47.42,2022-06-02,2022-07-01,2023-12-27,rate_hike_cycle_2022
XGBoost,M2,120,20,4,1.5912,115.4302,165.471,0.5749,46.17,3.1545,44.95,2023-07-10,2023-08-08,2025-01-31,
XGBoost,NPL_Ratio,20,1,0,0.864,46.8889,67.1709,0.9907,52.84,1.434,53.42,2019-02-13,2019-02-15,2020-08-12,covid_crash
XGBoost,NPL_Ratio,20,1,1,0.8289,45.35,60.271,0.9895,51.8,1.3058,47.87,2020-03-26,2020-03-30,2021-09-23,covid_crash
XGBoost,NPL_Ratio,20,1,2,0.6159,40.8967,52.529,0.9846,50.77,1.1112,49.06,2021-05-07,2021-05-11,2022-11-04,rate_hike_cycle_2022
XGBoost,NPL_Ratio,20,1,3,0.524,36.0256,47.8,0.9065,53.35,0.9724,53.47,2022-06-20,2022-06-22,2023-12-18,rate_hike_cycle_2022
XGBoost,NPL_Ratio,20,1,4,0.5811,41.7615,55.9312,0.9509,50.52,1.1435,49.55,2023-08-01,2023-08-03,2025-01-28,
XGBoost,NPL_Ratio,20,5,0,1.5474,83.4493,133.9313,0.963,48.44,2.552,44.44,2019-02-13,2019-02-21,2020-08-18,covid_crash
XGBoost,NPL_Ratio,20,5,1,1.3003,71.7206,104.9521,0.9674,50.78,2.0726,59.78,2020-03-25,2020-04-02,2021-09-28,covid_crash
XGBoost,NPL_Ratio,20,5,2,0.9608,63.9249,83.1416,0.9611,52.86,1.7361,54.72,2021-05-05,2021-05-13,2022-11-08,rate_hike_cycle_2022
XGBoost,NPL_Ratio,20,5,3,0.9066,62.3141,81.097,0.7273,49.22,1.6841,50.51,2022-06-15,2022-06-23,2023-12-19,rate_hike_cycle_2022
XGBoost,NPL_Ratio,20,5,4,0.9975,71.5622,93.9829,0.8628,49.74,1.9592,53.64,2023-07-26,2023-08-03,2025-01-28,
XGBoost,NPL_Ratio,20,20,0,2.9248,152.3764,272.1675,0.8457,51.72,4.66,49.3,2019-02-13,2019-03-14,2020-09-08,covid_crash
XGBoost,NPL_Ratio,20,20,1,2.5911,144.8186,199.6181,0.8746,51.98,4.2176,53.19,2020-03-20,2020-04-20,2021-10-14,covid_crash
XGBoost,NPL_Ratio,20,20,2,2.2088,148.4367,202.7359,0.7498,51.19,4.0257,50.0,2021-04-27,2021-05-26,2022-11-21,rate_hike_cycle_2022
XGBoost,NPL_Ratio,20,20,3,1.6912,116.2789,147.4537,0.1117,50.4,3.1505,48.45,2022-06-02,2022-07-01,2023-12-27,rate_hike_cycle_2022
XGBoost,NPL_Ratio,20,20,4,1.5826,114.0924,154.9173,0.6274,50.4,3.1179,52.29,2023-07-10,2023-08-08,2025-01-31,
XGBoost,NPL_Ratio,120,1,0,0.8811,47.8618,67.5049,0.9906,46.65,1.4637,38.36,2019-02-13,2019-02-15,2020-08-12,covid_crash
XGBoost,NPL_Ratio,120,1,1,0.8416,46.0185,62.9522,0.9885,54.12,1.3251,43.62,2020-03-26,2020-03-30,2021-09-23,covid_crash
XGBoost,NPL_Ratio,120,1,2,0.5989,39.7465,50.8776,0.9856,52.84,1.0799,55.66,2021-05-07,2021-05-11,2022-11-04,rate_hike_cycle_2022
XGBoost,NPL_Ratio,120,1,3,0.5173,35.5862,46.6007,0.9112,51.55,0.9606,50.5,2022-06-20,2022-06-22,2023-12-18,rate_hike_cycle_2022
XGBoost,NPL_Ratio,120,1,4,0.5749,41.3694,54.5037,0.9534,56.96,1.1328,55.86,2023-08-01,2023-08-03,2025-01-28,
XGBoost,NPL_Ratio,120,5,0,1.5568,84.3917,129.9796,0.9652,47.4,2.5809,47.22,2019-02-13,2019-02-21,2020-08-18,covid_crash
XGBoost,NPL_Ratio,120,5,1,1.2807,70.9915,102.2838,0.9691,51.56,2.0515,65.22,2020-03-25,2020-04-02,2021-09-28,covid_crash
XGBoost,NPL_Ratio,120,5,2,0.9586,63.9033,83.988,0.9603,52.34,1.7355,53.77,2021-05-05,2021-05-13,2022-11-08,rate_hike_cycle_2022
XGBoost,NPL_Ratio,120,5,3,0.86,59.1103,81.3506,0.7255,52.08,1.5975,48.48,2022-06-15,2022-06-23,2023-12-19,rate_hike_cycle_2022
XGBoost,NPL_Ratio,120,5,4,0.924,66.2602,89.2883,0.8762,52.6,1.814,50.91,2023-07-26,2023-08-03,2025-01-28,
XGBoost,NPL_Ratio,120,20,0,3.0086,160.2204,248.7518,0.8711,46.7,4.8998,45.07,2019-02-13,2019-03-14,2020-09-08,covid_crash
XGBoost,NPL_Ratio,120,20,1,2.8177,155.9761,206.7695,0.8655,47.76,4.5426,46.81,2020-03-20,2020-04-20,2021-10-14,covid_crash
XGBoost,NPL_Ratio,120,20,2,1.9031,128.3336,171.3332,0.8213,50.4,3.4805,48.08,2021-04-27,2021-05-26,2022-11-21,rate_hike_cycle_2022
XGBoost,NPL_Ratio,120,20,3,1.5575,107.0684,138.5762,0.2154,50.4,2.901,48.45,2022-06-02,2022-07-01,2023-12-27,rate_hike_cycle_2022
XGBoost,NPL_Ratio,120,20,4,1.6353,118.0039,167.8122,0.5627,53.56,3.2248,50.46,2023-07-10,2023-08-08,2025-01-31,
XGBoost,USDIDR,20,1,0,0.8617,46.9515,66.1167,0.991,55.93,1.4359,54.79,2019-02-13,2019-02-15,2020-08-12,covid_crash
XGBoost,USDIDR,20,1,1,0.8247,44.9678,61.4738,0.9891,51.03,1.2948,48.94,2020-03-26,2020-03-30,2021-09-23,covid_crash
XGBoost,USDIDR,20,1,2,0.6153,40.9193,53.0943,0.9843,49.48,1.1118,48.11,2021-05-07,2021-05-11,2022-11-04,rate_hike_cycle_2022
XGBoost,USDIDR,20,1,3,0.504,34.7011,45.6151,0.9149,54.64,0.9367,54.46,2022-06-20,2022-06-22,2023-12-18,rate_hike_cycle_2022
XGBoost,USDIDR,20,1,4,0.572,41.118,54.4063,0.9536,56.7,1.1259,65.77,2023-08-01,2023-08-03,2025-01-28,
XGBoost,USDIDR,20,5,0,1.5706,84.8357,132.2163,0.9639,45.31,2.5944,40.28,2019-02-13,2019-02-21,2020-08-18,covid_crash
XGBoost,USDIDR,20,5,1,1.2909,70.5391,106.0757,0.9667,54.69,2.0385,57.61,2020-03-25,2020-04-02,2021-09-28,covid_crash
XGBoost,USDIDR,20,5,2,1.0225,68.1036,87.5697,0.9569,48.7,1.8496,50.94,2021-05-05,2021-05-13,2022-11-08,rate_hike_cycle_2022
XGBoost,USDIDR,20,5,3,0.9231,63.5132,82.4618,0.718,47.4,1.7165,47.47,2022-06-15,2022-06-23,2023-12-19,rate_hike_cycle_2022
XGBoost,USDIDR,20,5,4,0.9742,69.8793,91.9414,0.8687,50.52,1.9131,55.45,2023-07-26,2023-08-03,2025-01-28,
XGBoost,USDIDR,20,20,0,3.0819,161.1435,268.108,0.8502,48.81,4.9281,47.89,2019-02-13,2019-03-14,2020-09-08,covid_crash
XGBoost,USDIDR,20,20,1,2.7386,153.2183,204.5327,0.8683,49.6,4.4623,46.81,2020-03-20,2020-04-20,2021-10-14,covid_crash
XGBoost,USDIDR,20,20,2,2.1906,147.0398,195.3585,0.7677,49.34,3.9878,50.0,2021-04-27,2021-05-26,2022-11-21,rate_hike_cycle_2022
XGBoost,USDIDR,20,20,3,1.5565,107.2507,132.2956,0.2849,49.6,2.9059,48.45,2022-06-02,2022-07-01,2023-12-27,rate_hike_cycle_2022
XGBoost,USDIDR,20,20,4,1.4874,107.4084,149.1171,0.6547,54.62,2.9353,58.72,2023-07-10,2023-08-08,2025-01-31,
XGBoost,USDIDR,120,1,0,0.8669,47.0251,67.315,0.9906,50.0,1.4381,42.47,2019-02-13,2019-02-15,2020-08-12,covid_crash
XGBoost,USDIDR,120,1,1,0.8617,46.8584,64.0694,0.9881,51.8,1.3493,41.49,2020-03-26,2020-03-30,2021-09-23,covid_crash
XGBoost,USDIDR,120,1,2,0.598,39.7462,51.3224,0.9853,54.38,1.0799,50.94,2021-05-07,2021-05-11,2022-11-04,rate_hike_cycle_2022
XGBoost,USDIDR,120,1,3,0.517,35.5866,46.2541,0.9125,53.35,0.9606,56.44,2022-06-20,2022-06-22,2023-12-18,rate_hike_cycle_2022
XGBoost,USDIDR,120,1,4,0.5796,41.6893,55.2247,0.9522,53.61,1.1415,49.55,2023-08-01,2023-08-03,2025-01-28,
XGBoost,USDIDR,120,5,0,1.6297,87.9661,135.346,0.9622,42.71,2.6902,40.28,2019-02-13,2019-02-21,2020-08-18,covid_crash
XGBoost,USDIDR,120,5,1,1.2923,71.783,101.2176,0.9697,48.7,2.0744,52.17,2020-03-25,2020-04-02,2021-09-28,covid_crash
XGBoost,USDIDR,120,5,2,0.9333,62.3229,82.0722,0.9621,54.43,1.6926,55.66,2021-05-05,2021-05-13,2022-11-08,rate_hike_cycle_2022
XGBoost,USDIDR,120,5,3,0.843,57.9811,80.3534,0.7322,53.91,1.567,52.53,2022-06-15,2022-06-23,2023-12-19,rate_hike_cycle_2022
XGBoost,USDIDR,120,5,4,0.9447,67.8749,88.5897,0.8781,51.3,1.8582,52.73,2023-07-26,2023-08-03,2025-01-28,
XGBoost,USDIDR,120,20,0,3.0079,160.0284,245.5915,0.8743,48.81,4.894,47.89,2019-02-13,2019-03-14,2020-09-08,covid_crash
XGBoost,USDIDR,120,20,1,2.8284,158.9381,207.4186,0.8646,45.38,4.6288,47.87,2020-03-20,2020-04-20,2021-10-14,covid_crash
XGBoost,USDIDR,120,20,2,1.8776,127.0904,171.7113,0.8205,50.4,3.4468,52.88,2021-04-27,2021-05-26,2022-11-21,rate_hike_cycle_2022
XGBoost,USDIDR,120,20,3,1.5061,103.0963,131.9101,0.2891,53.3,2.7934,52.58,2022-06-02,2022-07-01,2023-12-27,rate_hike_cycle_2022
XGBoost,USDIDR,120,20,4,1.6551,119.4903,161.7978,0.5935,49.34,3.2655,52.29,2023-07-10,2023-08-08,2025-01-31,
XGBoost,GDP,20,1,0,0.8644,46.9699,67.0653,0.9907,50.0,1.4364,42.47,2019-02-13,2019-02-15,2020-08-12,covid_crash
XGBoost,GDP,20,1,1,0.8335,45.6011,60.7919,0.9893,51.55,1.3131,50.0,2020-03-26,2020-03-30,2021-09-23,covid_crash
XGBoost,GDP,20,1,2,0.6143,40.8454,52.6075,0.9846,47.68,1.1098,47.17,2021-05-07,2021-05-11,2022-11-04,rate_hike_cycle_2022
XGBoost,GDP,20,1,3,0.5238,36.0147,47.8106,0.9065,52.58,0.9721,55.45,2022-06-20,2022-06-22,2023-12-18,rate_hike_cycle_2022
XGBoost,GDP,20,1,4,0.5983,43.0123,56.6212,0.9497,48.45,1.1778,54.05,2023-08-01,2023-08-03,2025-01-28,
XGBoost,GDP,20,5,0,1.5253,82.4451,129.3832,0.9655,49.74,2.5213,43.06,2019-02-13,2019-02-21,2020-08-18,covid_crash
XGBoost,GDP,20,5,1,1.315,72.6513,108.6084,0.9651,52.86,2.0995,63.04,2020-03-25,2020-04-02,2021-09-28,covid_crash
XGBoost,GDP,20,5,2,0.9252,61.6745,80.5926,0.9635,51.04,1.675,58.49,2021-05-05,2021-05-13,2022-11-08,rate_hike_cycle_2022
XGBoost,GDP,20,5,3,0.9247,63.5305,84.0838,0.7068,47.92,1.7169,50.51,2022-06-15,2022-06-23,2023-12-19,rate_hike_cycle_2022
XGBoost,GDP,20,5,4,1.0276,73.5539,96.1397,0.8564,51.04,2.0137,54.55,2023-07-26,2023-08-03,2025-01-28,
XGBoost,GDP,20,20,0,3.0641,159.9756,269.4015,0.8488,48.28,4.8924,47.89,2019-02-13,2019-03-14,2020-09-08,covid_crash
XGBoost,GDP,20,20,1,2.7972,156.4855,209.5598,0.8618,49.34,4.5574,48.94,2020-03-20,2020-04-20,2021-10-14,covid_crash
XGBoost,GDP,20,20,2,2.1796,145.7181,193.2939,0.7726,48.55,3.952,46.15,2021-04-27,2021-05-26,2022-11-21,rate_hike_cycle_2022
XGBoost,GDP,20,20,3,1.6318,112.201,139.8303,0.2012,51.19,3.0401,49.48,2022-06-02,2022-07-01,2023-12-27,rate_hike_cycle_2022
XGBoost,GDP,20,20,4,1.6335,117.5956,161.8865,0.5931,51.45,3.2137,54.13,2023-07-10,2023-08-08,2025-01-31,
XGBoost,GDP,120,1,0,0.8963,48.6112,67.9693,0.9905,45.1,1.4866,42.47,2019-02-13,2019-02-15,2020-08-12,covid_crash
XGBoost,GDP,120,1,1,0.8418,45.802,61.6165,0.989,51.55,1.3188,41.49,2020-03-26,2020-03-30,2021-09-23,covid_crash
XGBoost,GDP,120,1,2,0.6001,39.8467,50.8302,0.9856,51.8,1.0827,53.77,2021-05-07,2021-05-11,2022-11-04,rate_hike_cycle_2022
XGBoost,GDP,120,1,3,0.5229,35.9954,46.9173,0.91,50.52,0.9716,48.51,2022-06-20,2022-06-22,2023-12-18,rate_hike_cycle_2022
XGBoost,GDP,120,1,4,0.5934,42.6627,55.5704,0.9516,48.2,1.1682,56.76,2023-08-01,2023-08-03,2025-01-28,
XGBoost,GDP,120,5,0,1.5458,83.8776,128.4054,0.966,47.66,2.5651,45.83,2019-02-13,2019-02-21,2020-08-18,covid_crash
XGBoost,GDP,120,5,1,1.2815,70.8542,103.5326,0.9683,54.17,2.0476,59.78,2020-03-25,2020-04-02,2021-09-28,covid_crash
XGBoost,GDP,120,5,2,1.0014,66.8665,88.0386,0.9564,51.56,1.816,52.83,2021-05-05,2021-05-13,2022-11-08,rate_hike_cycle_2022
XGBoost,GDP,120,5,3,0.9126,62.6613,82.5418,0.7174,47.14,1.6935,47.47,2022-06-15,2022-06-23,2023-12-19,rate_hike_cycle_2022
XGBoost,GDP,120,5,4,0.9283,66.5737,86.6741,0.8833,48.7,1.8226,56.36,2023-07-26,2023-08-03,2025-01-28,
XGBoost,GDP,120,20,0,3.1927,172.214,255.0476,0.8645,50.13,5.2666,46.48,2019-02-13,2019-03-14,2020-09-08,covid_crash
XGBoost,GDP,120,20,1,2.5585,141.2872,186.5086,0.8905,49.6,4.1148,48.94,2020-03-20,2020-04-20,2021-10-14,covid_crash
XGBoost,GDP,120,20,2,2.0977,141.5316,181.6576,0.7991,52.24,3.8384,50.0,2021-04-27,2021-05-26,2022-11-21,rate_hike_cycle_2022
XGBoost,GDP,120,20,3,1.6341,112.2007,148.4701,0.0994,50.13,3.04,46.39,2022-06-02,2022-07-01,2023-12-27,rate_hike_cycle_2022
XGBoost,GDP,120,20,4,1.6144,116.8388,168.4414,0.5595,50.4,3.193,49.54,2023-07-10,2023-08-08,2025-01-31,
XGBoost,US_Treasury_10Y,20,1,0,0.8694,47.5332,66.9269,0.9908,48.97,1.4537,41.1,2019-02-13,2019-02-15,2020-08-12,covid_crash
XGBoost,US_Treasury_10Y,20,1,1,0.8452,46.2655,63.0532,0.9885,49.48,1.3322,44.68,2020-03-26,2020-03-30,2021-09-23,covid_crash
XGBoost,US_Treasury_10Y,20,1,2,0.6585,43.9752,55.5726,0.9828,45.62,1.1948,50.94,2021-05-07,2021-05-11,2022-11-04,rate_hike_cycle_2022
XGBoost,US_Treasury_10Y,20,1,3,0.5432,37.361,49.4177,0.9001,49.74,1.0085,56.44,2022-06-20,2022-06-22,2023-12-18,rate_hike_cycle_2022
XGBoost,US_Treasury_10Y,20,1,4,0.59,42.4094,55.3886,0.9519,54.64,1.1613,53.15,2023-08-01,2023-08-03,2025-01-28,
XGBoost,US_Treasury_10Y,20,5,0,1.5252,82.8581,129.1616,0.9656,46.61,2.534,47.22,2019-02-13,2019-02-21,2020-08-18,covid_crash
XGBoost,US_Treasury_10Y,20,5,1,1.2965,71.1937,103.3912,0.9684,51.56,2.0574,61.96,2020-03-25,2020-04-02,2021-09-28,covid_crash
XGBoost,US_Treasury_10Y,20,5,2,1.1111,74.655,98.1658,0.9458,48.96,2.0275,53.77,2021-05-05,2021-05-13,2022-11-08,rate_hike_cycle_2022
XGBoost,US_Treasury_10Y,20,5,3,1.0857,74.4588,101.6397,0.5716,46.09,2.0123,49.49,2022-06-15,2022-06-23,2023-12-19,rate_hike_cycle_2022
XGBoost,US_Treasury_10Y,20,5,4,0.9879,70.851,94.0331,0.8627,49.48,1.9397,49.09,2023-07-26,2023-08-03,2025-01-28,
XGBoost,US_Treasury_10Y,20,20,0,3.1074,164.1591,254.2572,0.8653,50.13,5.0203,50.7,2019-02-13,2019-03-14,2020-09-08,covid_crash
XGBoost,US_Treasury_10Y,20,20,1,2.6439,148.2034,200.0685,0.874,47.76,4.3162,51.06,2020-03-20,2020-04-20,2021-10-14,covid_crash
XGBoost,US_Treasury_10Y,20,20,2,2.5692,174.0288,230.159,0.6775,46.97,4.7198,46.15,2021-04-27,2021-05-26,2022-11-21,rate_hike_cycle_2022
XGBoost,US_Treasury_10Y,20,20,3,2.0237,139.5937,182.8221,-0.3656,51.98,3.7823,54.64,2022-06-02,2022-07-01,2023-12-27,rate_hike_cycle_2022
XGBoost,US_Treasury_10Y,20,20,4,1.6523,119.2942,164.0798,0.582,51.45,3.2601,49.54,2023-07-10,2023-08-08,2025-01-31,
XGBoost,US_Treasury_10Y,120,1,0,0.855,46.5294,66.2343,0.9909,51.8,1.423,42.47,2019-02-13,2019-02-15,2020-08-12,covid_crash
XGBoost,US_Treasury_10Y,120,1,1,0.8223,44.7374,60.5619,0.9894,52.84,1.2882,51.06,2020-03-26,2020-03-30,2021-09-23,covid_crash
XGBoost,US_Treasury_10Y,120,1,2,0.6739,45.062,57.9164,0.9813,50.0,1.2244,52.83,2021-05-07,2021-05-11,2022-11-04,rate_hike_cycle_2022
XGBoost,US_Treasury_10Y,120,1,3,0.6011,41.4001,52.1629,0.8887,46.65,1.1175,51.49,2022-06-20,2022-06-22,2023-12-18,rate_hike_cycle_2022
XGBoost,US_Treasury_10Y,120,1,4,0.6127,44.0944,57.4008,0.9483,47.68,1.2074,46.85,2023-08-01,2023-08-03,2025-01-28,
XGBoost,US_Treasury_10Y,120,5,0,1.5678,84.8326,130.2766,0.965,47.14,2.5943,48.61,2019-02-13,2019-02-21,2020-08-18,covid_crash
XGBoost,US_Treasury_10Y,120,5,1,1.2657,69.9114,98.8914,0.9711,52.08,2.0203,57.61,2020-03-25,2020-04-02,2021-09-28,covid_crash
XGBoost,US_Treasury_10Y,120,5,2,1.1604,78.0255,101.5043,0.9421,48.96,2.1191,51.89,2021-05-05,2021-05-13,2022-11-08,rate_hike_cycle_2022
XGBoost,US_Treasury_10Y,120,5,3,1.1146,76.6664,106.8568,0.5265,50.0,2.0719,47.47,2022-06-15,2022-06-23,2023-12-19,rate_hike_cycle_2022
XGBoost,US_Treasury_10Y,120,5,4,1.0167,73.0929,94.0455,0.8626,47.92,2.0011,49.09,2023-07-26,2023-08-03,2025-01-28,
XGBoost,US_Treasury_10Y,120,20,0,3.3982,181.2787,271.3854,0.8465,47.49,5.5438,52.11,2019-02-13,2019-03-14,2020-09-08,covid_crash
XGBoost,US_Treasury_10Y,120,20,1,2.6554,147.9281,187.6987,0.8891,45.91,4.3082,45.74,2020-03-20,2020-04-20,2021-10-14,covid_crash
XGBoost,US_Treasury_10Y,120,20,2,2.2894,156.0197,216.0409,0.7159,48.55,4.2313,47.12,2021-04-27,2021-05-26,2022-11-21,rate_hike_cycle_2022
XGBoost,US_Treasury_10Y,120,20,3,2.4498,169.7101,215.9152,-0.9047,48.81,4.5983,47.42,2022-06-02,2022-07-01,2023-12-27,rate_hike_cycle_2022
XGBoost,US_Treasury_10Y,120,20,4,1.6886,121.9978,173.7139,0.5315,49.08,3.334,51.38,2023-07-10,2023-08-08,2025-01-31,
XGBoost,Coal,20,1,0,0.866,47.4011,67.0507,0.9907,46.39,1.4496,46.58,2019-02-13,2019-02-15,2020-08-12,covid_crash
XGBoost,Coal,20,1,1,0.8162,44.6877,60.3296,0.9895,55.41,1.2868,54.26,2020-03-26,2020-03-30,2021-09-23,covid_crash
XGBoost,Coal,20,1,2,0.6592,43.8062,55.1151,0.9831,47.68,1.1902,46.23,2021-05-07,2021-05-11,2022-11-04,rate_hike_cycle_2022
XGBoost,Coal,20,1,3,0.526,36.2306,47.0077,0.9096,51.55,0.978,51.49,2022-06-20,2022-06-22,2023-12-18,rate_hike_cycle_2022
XGBoost,Coal,20,1,4,0.575,41.3425,53.9886,0.9543,54.9,1.132,54.05,2023-08-01,2023-08-03,2025-01-28,
XGBoost,Coal,20,5,0,1.5868,86.1229,135.1341,0.9623,47.92,2.6338,45.83,2019-02-13,2019-02-21,2020-08-18,covid_crash
XGBoost,Coal,20,5,1,1.2993,71.5347,106.8866,0.9662,53.39,2.0672,59.78,2020-03-25,2020-04-02,2021-09-28,covid_crash
XGBoost,Coal,20,5,2,0.9779,65.3897,85.9518,0.9585,54.17,1.7759,55.66,2021-05-05,2021-05-13,2022-11-08,rate_hike_cycle_2022
XGBoost,Coal,20,5,3,0.9285,63.7741,83.7224,0.7093,50.0,1.7235,52.53,2022-06-15,2022-06-23,2023-12-19,rate_hike_cycle_2022
XGBoost,Coal,20,5,4,0.9517,68.3858,88.0604,0.8795,51.82,1.8722,50.0,2023-07-26,2023-08-03,2025-01-28,
XGBoost,Coal,20,20,0,2.9315,154.5905,249.9015,0.8699,47.49,4.7277,49.3,2019-02-13,2019-03-14,2020-09-08,covid_crash
XGBoost,Coal,20,20,1,2.8945,160.7177,222.0549,0.8448,48.55,4.6807,47.87,2020-03-20,2020-04-20,2021-10-14,covid_crash
XGBoost,Coal,20,20,2,2.5065,168.9957,216.5534,0.7145,50.13,4.5833,48.08,2021-04-27,2021-05-26,2022-11-21,rate_hike_cycle_2022
XGBoost,Coal,20,20,3,1.6574,113.8587,146.5081,0.123,51.45,3.085,50.52,2022-06-02,2022-07-01,2023-12-27,rate_hike_cycle_2022
XGBoost,Coal,20,20,4,1.575,114.4718,160.9002,0.598,50.13,3.1283,54.13,2023-07-10,2023-08-08,2025-01-31,
XGBoost,Coal,120,1,0,0.8729,47.7112,66.3688,0.9909,45.1,1.4591,46.58,2019-02-13,2019-02-15,2020-08-12,covid_crash
XGBoost,Coal,120,1,1,0.8624,47.0409,62.1394,0.9888,47.16,1.3545,44.68,2020-03-26,2020-03-30,2021-09-23,covid_crash
XGBoost,Coal,120,1,2,0.6202,41.2512,52.6234,0.9846,49.48,1.1208,56.6,2021-05-07,2021-05-11,2022-11-04,rate_hike_cycle_2022
XGBoost,Coal,120,1,3,0.5634,38.785,49.1724,0.9011,46.13,1.0469,51.49,2022-06-20,2022-06-22,2023-12-18,rate_hike_cycle_2022
XGBoost,Coal,120,1,4,0.582,41.9026,54.6729,0.9531,51.8,1.1474,57.66,2023-08-01,2023-08-03,2025-01-28,
XGBoost,Coal,120,5,0,1.5815,85.7756,133.2571,0.9634,46.88,2.6232,38.89,2019-02-13,2019-02-21,2020-08-18,covid_crash
XGBoost,Coal,120,5,1,1.3367,74.1124,105.6395,0.967,52.34,2.1417,57.61,2020-03-25,2020-04-02,2021-09-28,covid_crash
XGBoost,Coal,120,5,2,1.0403,69.6712,91.7028,0.9527,51.56,1.8922,49.06,2021-05-05,2021-05-13,2022-11-08,rate_hike_cycle_2022
XGBoost,Coal,120,5,3,0.9643,66.2779,88.2738,0.6768,46.88,1.7912,49.49,2022-06-15,2022-06-23,2023-12-19,rate_hike_cycle_2022
XGBoost,Coal,120,5,4,1.0019,72.033,91.2928,0.8705,46.88,1.972,53.64,2023-07-26,2023-08-03,2025-01-28,
XGBoost,Coal,120,20,0,2.9141,153.3171,240.9007,0.8791,49.87,4.6887,47.89,2019-02-13,2019-03-14,2020-09-08,covid_crash
XGBoost,Coal,120,20,1,2.7925,154.932,207.4636,0.8645,48.02,4.5122,51.06,2020-03-20,2020-04-20,2021-10-14,covid_crash
XGBoost,Coal,120,20,2,2.2264,151.0579,201.4577,0.7529,48.55,4.0968,49.04,2021-04-27,2021-05-26,2022-11-21,rate_hike_cycle_2022
XGBoost,Coal,120,20,3,2.116,145.7718,188.2086,-0.4472,46.7,3.9496,45.36,2022-06-02,2022-07-01,2023-12-27,rate_hike_cycle_2022
XGBoost,Coal,120,20,4,1.6515,118.9795,166.6519,0.5688,50.92,3.2515,46.79,2023-07-10,2023-08-08,2025-01-31,
XGBoost,Copper,20,1,0,0.8485,45.9345,66.038,0.991,50.52,1.4048,47.95,2019-02-13,2019-02-15,2020-08-12,covid_crash
XGBoost,Copper,20,1,1,0.8372,45.8659,61.478,0.989,50.52,1.3207,46.81,2020-03-26,2020-03-30,2021-09-23,covid_crash
XGBoost,Copper,20,1,2,0.6045,40.1158,51.6307,0.9851,56.96,1.09,56.6,2021-05-07,2021-05-11,2022-11-04,rate_hike_cycle_2022
XGBoost,Copper,20,1,3,0.5115,35.2247,46.4726,0.9117,51.55,0.9508,49.5,2022-06-20,2022-06-22,2023-12-18,rate_hike_cycle_2022
XGBoost,Copper,20,1,4,0.606,43.552,56.7145,0.9495,49.23,1.1925,45.95,2023-08-01,2023-08-03,2025-01-28,
XGBoost,Copper,20,5,0,1.5127,81.5903,130.0791,0.9651,52.08,2.4952,45.83,2019-02-13,2019-02-21,2020-08-18,covid_crash
XGBoost,Copper,20,5,1,1.2571,69.2756,101.7581,0.9694,57.29,2.002,64.13,2020-03-25,2020-04-02,2021-09-28,covid_crash
XGBoost,Copper,20,5,2,1.0255,68.3831,89.989,0.9545,54.43,1.8572,51.89,2021-05-05,2021-05-13,2022-11-08,rate_hike_cycle_2022
XGBoost,Copper,20,5,3,0.8665,59.5718,81.7427,0.7229,50.52,1.61,52.53,2022-06-15,2022-06-23,2023-12-19,rate_hike_cycle_2022
XGBoost,Copper,20,5,4,1.0491,75.2404,98.1309,0.8504,47.92,2.0599,46.36,2023-07-26,2023-08-03,2025-01-28,
XGBoost,Copper,20,20,0,2.8683,151.2952,250.4811,0.8693,51.19,4.6269,52.11,2019-02-13,2019-03-14,2020-09-08,covid_crash
XGBoost,Copper,20,20,1,2.8582,159.2219,215.3099,0.8541,49.87,4.6371,48.94,2020-03-20,2020-04-20,2021-10-14,covid_crash
XGBoost,Copper,20,20,2,2.1651,145.0417,191.488,0.7768,50.4,3.9336,52.88,2021-04-27,2021-05-26,2022-11-21,rate_hike_cycle_2022
XGBoost,Copper,20,20,3,1.3292,91.6634,117.1675,0.4391,53.83,2.4836,53.61,2022-06-02,2022-07-01,2023-12-27,rate_hike_cycle_2022
XGBoost,Copper,20,20,4,1.6928,122.1634,167.0793,0.5666,50.4,3.3385,50.46,2023-07-10,2023-08-08,2025-01-31,
XGBoost,Copper,120,1,0,0.873,47.5662,66.7393,0.9908,47.68,1.4547,42.47,2019-02-13,2019-02-15,2020-08-12,covid_crash
XGBoost,Copper,120,1,1,0.8825,48.3255,63.8136,0.9882,48.71,1.3915,39.36,2020-03-26,2020-03-30,2021-09-23,covid_crash
XGBoost,Copper,120,1,2,0.6375,42.2183,53.4544,0.9841,48.2,1.1471,51.89,2021-05-07,2021-05-11,2022-11-04,rate_hike_cycle_2022
XGBoost,Copper,120,1,3,0.5142,35.3784,45.8275,0.9141,53.09,0.955,57.43,2022-06-20,2022-06-22,2023-12-18,rate_hike_cycle_2022
XGBoost,Copper,120,1,4,0.58,41.7569,55.2459,0.9521,49.48,1.1434,48.65,2023-08-01,2023-08-03,2025-01-28,
XGBoost,Copper,120,5,0,1.4941,80.5906,127.7269,0.9664,48.44,2.4646,41.67,2019-02-13,2019-02-21,2020-08-18,covid_crash
XGBoost,Copper,120,5,1,1.3324,74.3337,103.8995,0.9681,49.22,2.1481,55.43,2020-03-25,2020-04-02,2021-09-28,covid_crash
XGBoost,Copper,120,5,2,1.0283,68.6645,95.1269,0.9491,52.08,1.8649,52.83,2021-05-05,2021-05-13,2022-11-08,rate_hike_cycle_2022
XGBoost,Copper,120,5,3,0.8797,60.4475,83.5662,0.7104,51.56,1.6336,53.54,2022-06-15,2022-06-23,2023-12-19,rate_hike_cycle_2022
XGBoost,Copper,120,5,4,0.9562,68.6516,89.9748,0.8743,48.18,1.8795,51.82,2023-07-26,2023-08-03,2025-01-28,
XGBoost,Copper,120,20,0,2.9648,158.2556,248.6791,0.8711,48.81,4.8398,49.3,2019-02-13,2019-03-14,2020-09-08,covid_crash
XGBoost,Copper,120,20,1,2.9417,163.9197,208.8356,0.8627,49.08,4.7739,48.94,2020-03-20,2020-04-20,2021-10-14,covid_crash
XGBoost,Copper,120,20,2,2.1503,144.9851,192.4647,0.7745,49.08,3.9321,46.15,2021-04-27,2021-05-26,2022-11-21,rate_hike_cycle_2022
XGBoost,Copper,120,20,3,1.6303,112.0111,142.3376,0.1723,51.98,3.0349,49.48,2022-06-02,2022-07-01,2023-12-27,rate_hike_cycle_2022
XGBoost,Copper,120,20,4,1.6066,116.1997,171.9371,0.541,50.66,3.1755,50.46,2023-07-10,2023-08-08,2025-01-31,
XGBoost,Nickel,20,1,0,0.8454,46.1535,66.1224,0.991,52.58,1.4115,46.58,2019-02-13,2019-02-15,2020-08-12,covid_crash
XGBoost,Nickel,20,1,1,0.8202,44.9984,60.8381,0.9893,51.8,1.2957,44.68,2020-03-26,2020-03-30,2021-09-23,covid_crash
XGBoost,Nickel,20,1,2,0.6412,42.6814,54.2046,0.9836,50.0,1.1597,46.23,2021-05-07,2021-05-11,2022-11-04,rate_hike_cycle_2022
XGBoost,Nickel,20,1,3,0.5268,36.2821,46.4684,0.9117,46.91,0.9794,58.42,2022-06-20,2022-06-22,2023-12-18,rate_hike_cycle_2022
XGBoost,Nickel,20,1,4,0.5857,42.1083,55.2943,0.952,51.03,1.153,52.25,2023-08-01,2023-08-03,2025-01-28,
XGBoost,Nickel,20,5,0,1.4976,81.0238,128.2629,0.9661,47.92,2.4779,51.39,2019-02-13,2019-02-21,2020-08-18,covid_crash
XGBoost,Nickel,20,5,1,1.2556,69.202,102.883,0.9687,52.34,1.9998,56.52,2020-03-25,2020-04-02,2021-09-28,covid_crash
XGBoost,Nickel,20,5,2,1.0961,73.3713,96.3351,0.9478,50.26,1.9927,50.0,2021-05-05,2021-05-13,2022-11-08,rate_hike_cycle_2022
XGBoost,Nickel,20,5,3,0.9382,64.4218,85.8753,0.6942,48.7,1.741,50.51,2022-06-15,2022-06-23,2023-12-19,rate_hike_cycle_2022
XGBoost,Nickel,20,5,4,0.9604,68.9309,94.1386,0.8623,51.82,1.8871,53.64,2023-07-26,2023-08-03,2025-01-28,
XGBoost,Nickel,20,20,0,2.7434,143.8848,235.1289,0.8848,49.6,4.4003,53.52,2019-02-13,2019-03-14,2020-09-08,covid_crash
XGBoost,Nickel,20,20,1,2.5042,138.7939,188.6184,0.888,49.6,4.0422,47.87,2020-03-20,2020-04-20,2021-10-14,covid_crash
XGBoost,Nickel,20,20,2,2.5349,172.0771,236.8355,0.6585,49.87,4.6668,43.27,2021-04-27,2021-05-26,2022-11-21,rate_hike_cycle_2022
XGBoost,Nickel,20,20,3,1.5931,109.5639,139.9037,0.2003,51.19,2.9686,45.36,2022-06-02,2022-07-01,2023-12-27,rate_hike_cycle_2022
XGBoost,Nickel,20,20,4,1.5053,108.5172,154.2103,0.6308,51.98,2.9656,48.62,2023-07-10,2023-08-08,2025-01-31,
XGBoost,Nickel,120,1,0,0.8722,47.5074,66.8754,0.9908,49.74,1.4529,43.84,2019-02-13,2019-02-15,2020-08-12,covid_crash
XGBoost,Nickel,120,1,1,0.8731,47.6264,64.4066,0.988,47.68,1.3714,37.23,2020-03-26,2020-03-30,2021-09-23,covid_crash
XGBoost,Nickel,120,1,2,0.6226,41.4279,51.9475,0.985,50.52,1.1256,60.38,2021-05-07,2021-05-11,2022-11-04,rate_hike_cycle_2022
XGBoost,Nickel,120,1,3,0.5378,37.0004,48.5476,0.9036,48.45,0.9988,47.52,2022-06-20,2022-06-22,2023-12-18,rate_hike_cycle_2022
XGBoost,Nickel,120,1,4,0.5797,41.7125,54.9212,0.9527,48.45,1.1422,45.95,2023-08-01,2023-08-03,2025-01-28,
XGBoost,Nickel,120,5,0,1.5947,86.225,134.235,0.9628,48.96,2.6369,41.67,2019-02-13,2019-02-21,2020-08-18,covid_crash
XGBoost,Nickel,120,5,1,1.2471,69.0361,98.2016,0.9715,52.6,1.995,61.96,2020-03-25,2020-04-02,2021-09-28,covid_crash
XGBoost,Nickel,120,5,2,1.0023,66.9919,87.9964,0.9565,50.26,1.8194,53.77,2021-05-05,2021-05-13,2022-11-08,rate_hike_cycle_2022
XGBoost,Nickel,120,5,3,0.9909,68.0906,92.0027,0.649,47.4,1.8402,45.45,2022-06-15,2022-06-23,2023-12-19,rate_hike_cycle_2022
XGBoost,Nickel,120,5,4,0.9276,66.5705,87.5828,0.8809,52.08,1.8225,51.82,2023-07-26,2023-08-03,2025-01-28,
XGBoost,Nickel,120,20,0,3.0512,161.5397,261.011,0.858,50.92,4.9402,50.7,2019-02-13,2019-03-14,2020-09-08,covid_crash
XGBoost,Nickel,120,20,1,2.8456,159.9176,213.6091,0.8564,46.97,4.6574,45.74,2020-03-20,2020-04-20,2021-10-14,covid_crash
XGBoost,Nickel,120,20,2,2.0461,137.5029,193.3036,0.7725,51.45,3.7292,52.88,2021-04-27,2021-05-26,2022-11-21,rate_hike_cycle_2022
XGBoost,Nickel,120,20,3,2.0451,140.9637,184.5971,-0.3922,46.97,3.8194,47.42,2022-06-02,2022-07-01,2023-12-27,rate_hike_cycle_2022
XGBoost,Nickel,120,20,4,1.5695,113.1552,155.6867,0.6237,47.76,3.0923,49.54,2023-07-10,2023-08-08,2025-01-31,
XGBoost,Silver,20,1,0,0.85,46.5879,66.0328,0.991,48.97,1.4247,47.95,2019-02-13,2019-02-15,2020-08-12,covid_crash
XGBoost,Silver,20,1,1,0.8439,46.3549,63.1132,0.9885,50.26,1.3348,43.62,2020-03-26,2020-03-30,2021-09-23,covid_crash
XGBoost,Silver,20,1,2,0.6127,40.7123,52.2253,0.9848,52.32,1.1062,48.11,2021-05-07,2021-05-11,2022-11-04,rate_hike_cycle_2022
XGBoost,Silver,20,1,3,0.5055,34.7929,46.0031,0.9134,52.84,0.9392,52.48,2022-06-20,2022-06-22,2023-12-18,rate_hike_cycle_2022
XGBoost,Silver,20,1,4,0.5965,42.896,56.1071,0.9506,51.55,1.1746,52.25,2023-08-01,2023-08-03,2025-01-28,
XGBoost,Silver,20,5,0,1.5729,84.6275,134.5935,0.9626,50.78,2.5881,50.0,2019-02-13,2019-02-21,2020-08-18,covid_crash
XGBoost,Silver,20,5,1,1.3124,72.014,111.8871,0.963,53.12,2.0811,54.35,2020-03-25,2020-04-02,2021-09-28,covid_crash
XGBoost,Silver,20,5,2,1.0176,67.79,90.3758,0.9541,51.82,1.8411,54.72,2021-05-05,2021-05-13,2022-11-08,rate_hike_cycle_2022
XGBoost,Silver,20,5,3,0.8994,61.7979,82.031,0.7209,49.22,1.6701,45.45,2022-06-15,2022-06-23,2023-12-19,rate_hike_cycle_2022
XGBoost,Silver,20,5,4,0.9414,67.4479,91.39,0.8703,52.08,1.8465,50.0,2023-07-26,2023-08-03,2025-01-28,
XGBoost,Silver,20,20,0,3.1586,165.7178,261.3786,0.8576,48.55,5.068,47.89,2019-02-13,2019-03-14,2020-09-08,covid_crash
XGBoost,Silver,20,20,1,2.7857,155.5455,216.3908,0.8526,50.4,4.53,47.87,2020-03-20,2020-04-20,2021-10-14,covid_crash
XGBoost,Silver,20,20,2,2.3625,158.987,205.4614,0.743,49.6,4.3118,51.92,2021-04-27,2021-05-26,2022-11-21,rate_hike_cycle_2022
XGBoost,Silver,20,20,3,1.5412,106.0877,135.7722,0.2469,51.98,2.8744,50.52,2022-06-02,2022-07-01,2023-12-27,rate_hike_cycle_2022
XGBoost,Silver,20,20,4,1.8864,136.2165,182.538,0.4826,48.02,3.7226,44.04,2023-07-10,2023-08-08,2025-01-31,
XGBoost,Silver,120,1,0,0.8833,48.1535,67.5433,0.9906,46.13,1.4726,39.73,2019-02-13,2019-02-15,2020-08-12,covid_crash
XGBoost,Silver,120,1,1,0.8482,46.3539,63.4083,0.9884,57.22,1.3347,48.94,2020-03-26,2020-03-30,2021-09-23,covid_crash
XGBoost,Silver,120,1,2,0.6146,40.9361,51.8458,0.985,52.32,1.1123,58.49,2021-05-07,2021-05-11,2022-11-04,rate_hike_cycle_2022
XGBoost,Silver,120,1,3,0.5438,37.4403,47.7548,0.9067,50.26,1.0106,56.44,2022-06-20,2022-06-22,2023-12-18,rate_hike_cycle_2022
XGBoost,Silver,120,1,4,0.572,41.1549,53.9673,0.9543,51.29,1.1269,55.86,2023-08-01,2023-08-03,2025-01-28,
XGBoost,Silver,120,5,0,1.5697,84.8992,132.916,0.9636,48.7,2.5964,44.44,2019-02-13,2019-02-21,2020-08-18,covid_crash
XGBoost,Silver,120,5,1,1.3368,73.7368,106.4324,0.9665,54.95,2.1309,61.96,2020-03-25,2020-04-02,2021-09-28,covid_crash
XGBoost,Silver,120,5,2,0.9505,63.4546,85.3577,0.959,55.99,1.7234,57.55,2021-05-05,2021-05-13,2022-11-08,rate_hike_cycle_2022
XGBoost,Silver,120,5,3,0.9003,61.8594,83.8509,0.7084,48.7,1.6718,51.52,2022-06-15,2022-06-23,2023-12-19,rate_hike_cycle_2022
XGBoost,Silver,120,5,4,0.9401,67.5024,90.1372,0.8738,51.04,1.848,55.45,2023-07-26,2023-08-03,2025-01-28,
XGBoost,Silver,120,20,0,3.0734,162.1872,265.7747,0.8528,50.13,4.96,47.89,2019-02-13,2019-03-14,2020-09-08,covid_crash
XGBoost,Silver,120,20,1,2.7755,154.3641,208.0711,0.8638,48.02,4.4956,45.74,2020-03-20,2020-04-20,2021-10-14,covid_crash
XGBoost,Silver,120,20,2,1.9494,131.3642,170.5842,0.8229,49.87,3.5627,49.04,2021-04-27,2021-05-26,2022-11-21,rate_hike_cycle_2022
XGBoost,Silver,120,20,3,1.6714,114.7471,145.1815,0.1389,52.51,3.109,47.42,2022-06-02,2022-07-01,2023-12-27,rate_hike_cycle_2022
XGBoost,Silver,120,20,4,1.6318,117.9786,160.7177,0.5989,47.49,3.2241,48.62,2023-07-10,2023-08-08,2025-01-31,
XGBoost,Tin,20,1,0,0.8578,46.8365,65.5758,0.9911,47.68,1.4323,47.95,2019-02-13,2019-02-15,2020-08-12,covid_crash
XGBoost,Tin,20,1,1,0.7923,43.5108,59.0443,0.9899,56.19,1.2529,54.26,2020-03-26,2020-03-30,2021-09-23,covid_crash
XGBoost,Tin,20,1,2,0.646,43.0564,54.6372,0.9834,50.77,1.1699,49.06,2021-05-07,2021-05-11,2022-11-04,rate_hike_cycle_2022
XGBoost,Tin,20,1,3,0.5568,38.3306,49.9267,0.898,48.2,1.0347,47.52,2022-06-20,2022-06-22,2023-12-18,rate_hike_cycle_2022
XGBoost,Tin,20,1,4,0.573,41.1803,54.2293,0.9539,57.47,1.1276,63.96,2023-08-01,2023-08-03,2025-01-28,
XGBoost,Tin,20,5,0,1.477,79.5242,126.1333,0.9672,49.74,2.432,45.83,2019-02-13,2019-02-21,2020-08-18,covid_crash
XGBoost,Tin,20,5,1,1.2106,66.3508,95.0776,0.9733,52.08,1.9174,58.7,2020-03-25,2020-04-02,2021-09-28,covid_crash
XGBoost,Tin,20,5,2,1.0209,68.1617,86.8157,0.9576,50.26,1.8512,51.89,2021-05-05,2021-05-13,2022-11-08,rate_hike_cycle_2022
XGBoost,Tin,20,5,3,0.9879,67.8711,89.4195,0.6684,48.44,1.8343,47.47,2022-06-15,2022-06-23,2023-12-19,rate_hike_cycle_2022
XGBoost,Tin,20,5,4,1.0097,72.4584,92.7896,0.8663,48.44,1.9837,48.18,2023-07-26,2023-08-03,2025-01-28,
XGBoost,Tin,20,20,0,3.0727,163.0826,244.3705,0.8756,47.23,4.9874,49.3,2019-02-13,2019-03-14,2020-09-08,covid_crash
XGBoost,Tin,20,20,1,2.7958,156.2984,203.1175,0.8702,48.28,4.552,45.74,2020-03-20,2020-04-20,2021-10-14,covid_crash
XGBoost,Tin,20,20,2,2.5957,176.2005,238.0395,0.6551,48.55,4.7787,51.92,2021-04-27,2021-05-26,2022-11-21,rate_hike_cycle_2022
XGBoost,Tin,20,20,3,1.6952,117.2187,148.5883,0.098,49.08,3.176,48.45,2022-06-02,2022-07-01,2023-12-27,rate_hike_cycle_2022
XGBoost,Tin,20,20,4,1.8769,135.903,198.5768,0.3877,50.92,3.714,53.21,2023-07-10,2023-08-08,2025-01-31,
XGBoost,Tin,120,1,0,0.8506,46.3349,66.0348,0.991,53.35,1.417,57.53,2019-02-13,2019-02-15,2020-08-12,covid_crash
XGBoost,Tin,120,1,1,0.8421,46.1613,62.4826,0.9887,49.23,1.3292,44.68,2020-03-26,2020-03-30,2021-09-23,covid_crash
XGBoost,Tin,120,1,2,0.6494,43.2924,55.4244,0.9829,51.29,1.1763,50.94,2021-05-07,2021-05-11,2022-11-04,rate_hike_cycle_2022
XGBoost,Tin,120,1,3,0.5354,36.8447,49.3297,0.9005,52.58,0.9945,49.5,2022-06-20,2022-06-22,2023-12-18,rate_hike_cycle_2022
XGBoost,Tin,120,1,4,0.5753,41.3846,55.6249,0.9515,50.77,1.1332,47.75,2023-08-01,2023-08-03,2025-01-28,
XGBoost,Tin,120,5,0,1.544,83.5881,131.0134,0.9646,48.18,2.5563,44.44,2019-02-13,2019-02-21,2020-08-18,covid_crash
XGBoost,Tin,120,5,1,1.2262,67.8976,96.8879,0.9722,50.52,1.9621,58.7,2020-03-25,2020-04-02,2021-09-28,covid_crash
XGBoost,Tin,120,5,2,1.0172,67.9367,90.4481,0.954,48.44,1.8451,52.83,2021-05-05,2021-05-13,2022-11-08,rate_hike_cycle_2022
XGBoost,Tin,120,5,3,0.9523,65.4442,88.4424,0.6756,47.92,1.7687,45.45,2022-06-15,2022-06-23,2023-12-19,rate_hike_cycle_2022
XGBoost,Tin,120,5,4,0.9653,69.3251,91.0992,0.8711,52.34,1.8979,52.73,2023-07-26,2023-08-03,2025-01-28,
XGBoost,Tin,120,20,0,3.0561,162.945,253.1724,0.8664,49.6,4.9832,50.7,2019-02-13,2019-03-14,2020-09-08,covid_crash
XGBoost,Tin,120,20,1,2.6358,144.9297,195.9331,0.8792,51.45,4.2209,50.0,2020-03-20,2020-04-20,2021-10-14,covid_crash
XGBoost,Tin,120,20,2,2.2788,155.2041,210.2754,0.7308,48.81,4.2092,49.04,2021-04-27,2021-05-26,2022-11-21,rate_hike_cycle_2022
XGBoost,Tin,120,20,3,1.8971,130.574,165.9446,-0.1251,50.4,3.5379,52.58,2022-06-02,2022-07-01,2023-12-27,rate_hike_cycle_2022
XGBoost,Tin,120,20,4,1.755,126.7808,162.6556,0.5892,48.28,3.4647,46.79,2023-07-10,2023-08-08,2025-01-31,
XGBoost,Gold,20,1,0,0.86,46.8808,65.8402,0.9911,48.45,1.4337,47.95,2019-02-13,2019-02-15,2020-08-12,covid_crash
XGBoost,Gold,20,1,1,0.8297,45.471,61.8794,0.9889,52.06,1.3093,44.68,2020-03-26,2020-03-30,2021-09-23,covid_crash
XGBoost,Gold,20,1,2,0.5991,39.8383,51.6928,0.9851,51.8,1.0824,57.55,2021-05-07,2021-05-11,2022-11-04,rate_hike_cycle_2022
XGBoost,Gold,20,1,3,0.5109,35.1601,45.5019,0.9153,51.55,0.9491,51.49,2022-06-20,2022-06-22,2023-12-18,rate_hike_cycle_2022
XGBoost,Gold,20,1,4,0.5911,42.5464,55.0538,0.9525,47.68,1.165,54.05,2023-08-01,2023-08-03,2025-01-28,
XGBoost,Gold,20,5,0,1.5331,82.7264,130.1462,0.9651,46.61,2.5299,40.28,2019-02-13,2019-02-21,2020-08-18,covid_crash
XGBoost,Gold,20,5,1,1.333,72.9891,108.8092,0.965,51.3,2.1093,51.09,2020-03-25,2020-04-02,2021-09-28,covid_crash
XGBoost,Gold,20,5,2,0.9891,65.907,87.6737,0.9568,52.34,1.79,52.83,2021-05-05,2021-05-13,2022-11-08,rate_hike_cycle_2022
XGBoost,Gold,20,5,3,0.8616,59.1911,79.1021,0.7405,48.18,1.5997,49.49,2022-06-15,2022-06-23,2023-12-19,rate_hike_cycle_2022
XGBoost,Gold,20,5,4,0.9499,68.2561,89.0671,0.8768,49.74,1.8686,51.82,2023-07-26,2023-08-03,2025-01-28,
XGBoost,Gold,20,20,0,2.9681,156.5096,245.5593,0.8744,50.13,4.7864,47.89,2019-02-13,2019-03-14,2020-09-08,covid_crash
XGBoost,Gold,20,20,1,2.4746,138.1518,194.7966,0.8806,54.62,4.0235,53.19,2020-03-20,2020-04-20,2021-10-14,covid_crash
XGBoost,Gold,20,20,2,2.1312,143.0662,192.3287,0.7748,48.02,3.88,51.92,2021-04-27,2021-05-26,2022-11-21,rate_hike_cycle_2022
XGBoost,Gold,20,20,3,1.5103,103.9709,135.6761,0.2479,51.45,2.8171,51.55,2022-06-02,2022-07-01,2023-12-27,rate_hike_cycle_2022
XGBoost,Gold,20,20,4,1.7914,130.261,197.6582,0.3934,51.72,3.5598,50.46,2023-07-10,2023-08-08,2025-01-31,
XGBoost,Gold,120,1,0,0.8455,46.099,64.917,0.9913,53.09,1.4098,47.95,2019-02-13,2019-02-15,2020-08-12,covid_crash
XGBoost,Gold,120,1,1,0.8559,46.5483,62.4187,0.9887,51.29,1.3403,43.62,2020-03-26,2020-03-30,2021-09-23,covid_crash
XGBoost,Gold,120,1,2,0.612,40.7683,52.7535,0.9845,51.55,1.1077,52.83,2021-05-07,2021-05-11,2022-11-04,rate_hike_cycle_2022
XGBoost,Gold,120,1,3,0.5193,35.7234,46.3842,0.912,53.09,0.9643,54.46,2022-06-20,2022-06-22,2023-12-18,rate_hike_cycle_2022
XGBoost,Gold,120,1,4,0.5996,43.1846,56.3636,0.9502,48.2,1.1825,49.55,2023-08-01,2023-08-03,2025-01-28,
XGBoost,Gold,120,5,0,1.5992,86.5952,134.2785,0.9628,47.4,2.6482,45.83,2019-02-13,2019-02-21,2020-08-18,covid_crash
XGBoost,Gold,120,5,1,1.4257,78.3077,110.8301,0.9637,50.52,2.263,57.61,2020-03-25,2020-04-02,2021-09-28,covid_crash
XGBoost,Gold,120,5,2,0.996,66.3681,87.7492,0.9567,51.3,1.8025,55.66,2021-05-05,2021-05-13,2022-11-08,rate_hike_cycle_2022
XGBoost,Gold,120,5,3,0.9167,63.0223,83.2436,0.7126,47.92,1.7032,45.45,2022-06-15,2022-06-23,2023-12-19,rate_hike_cycle_2022
XGBoost,Gold,120,5,4,0.8609,61.7349,84.2884,0.8896,51.56,1.6901,52.73,2023-07-26,2023-08-03,2025-01-28,
XGBoost,Gold,120,20,0,3.0513,162.4799,247.2927,0.8726,50.92,4.9689,47.89,2019-02-13,2019-03-14,2020-09-08,covid_crash
XGBoost,Gold,120,20,1,2.6696,148.5786,201.3428,0.8724,48.28,4.3271,48.94,2020-03-20,2020-04-20,2021-10-14,covid_crash
XGBoost,Gold,120,20,2,2.0873,140.5619,184.7464,0.7922,49.6,3.8121,50.0,2021-04-27,2021-05-26,2022-11-21,rate_hike_cycle_2022
XGBoost,Gold,120,20,3,1.6594,114.0843,143.3667,0.1603,50.4,3.0911,49.48,2022-06-02,2022-07-01,2023-12-27,rate_hike_cycle_2022
XGBoost,Gold,120,20,4,1.591,114.8622,160.9573,0.5977,52.51,3.139,51.38,2023-07-10,2023-08-08,2025-01-31,
XGBoost,WTI,20,1,0,0.8493,46.2485,66.1374,0.991,52.84,1.4144,43.84,2019-02-13,2019-02-15,2020-08-12,covid_crash
XGBoost,WTI,20,1,1,0.8392,45.8217,61.5618,0.989,50.52,1.3194,46.81,2020-03-26,2020-03-30,2021-09-23,covid_crash
XGBoost,WTI,20,1,2,0.6295,41.8528,52.9121,0.9844,50.52,1.1372,51.89,2021-05-07,2021-05-11,2022-11-04,rate_hike_cycle_2022
XGBoost,WTI,20,1,3,0.5084,34.9941,46.731,0.9107,54.38,0.9446,55.45,2022-06-20,2022-06-22,2023-12-18,rate_hike_cycle_2022
XGBoost,WTI,20,1,4,0.5704,41.0236,54.5287,0.9534,55.15,1.1233,52.25,2023-08-01,2023-08-03,2025-01-28,
XGBoost,WTI,20,5,0,1.5234,82.0511,130.5177,0.9649,48.7,2.5093,44.44,2019-02-13,2019-02-21,2020-08-18,covid_crash
XGBoost,WTI,20,5,1,1.3039,72.0388,103.0698,0.9686,52.6,2.0818,60.87,2020-03-25,2020-04-02,2021-09-28,covid_crash
XGBoost,WTI,20,5,2,1.0,66.7968,90.873,0.9536,53.65,1.8141,48.11,2021-05-05,2021-05-13,2022-11-08,rate_hike_cycle_2022
XGBoost,WTI,20,5,3,0.9385,64.5423,84.4583,0.7042,46.61,1.7443,50.51,2022-06-15,2022-06-23,2023-12-19,rate_hike_cycle_2022
XGBoost,WTI,20,5,4,0.9972,71.5539,93.3708,0.8646,47.14,1.9589,48.18,2023-07-26,2023-08-03,2025-01-28,
XGBoost,WTI,20,20,0,2.975,156.2431,255.5151,0.864,51.98,4.7782,50.7,2019-02-13,2019-03-14,2020-09-08,covid_crash
XGBoost,WTI,20,20,1,2.6885,150.0619,198.5306,0.876,47.23,4.3703,47.87,2020-03-20,2020-04-20,2021-10-14,covid_crash
XGBoost,WTI,20,20,2,2.3773,159.6393,210.8381,0.7294,46.44,4.3295,47.12,2021-04-27,2021-05-26,2022-11-21,rate_hike_cycle_2022
XGBoost,WTI,20,20,3,1.7408,120.1343,153.8495,0.033,49.34,3.255,47.42,2022-06-02,2022-07-01,2023-12-27,rate_hike_cycle_2022
XGBoost,WTI,20,20,4,1.7439,126.5907,189.8403,0.4404,50.92,3.4595,48.62,2023-07-10,2023-08-08,2025-01-31,
XGBoost,WTI,120,1,0,0.868,47.1476,66.2433,0.9909,50.0,1.4419,46.58,2019-02-13,2019-02-15,2020-08-12,covid_crash
XGBoost,WTI,120,1,1,0.8607,46.7971,61.9954,0.9889,50.77,1.3475,45.74,2020-03-26,2020-03-30,2021-09-23,covid_crash
XGBoost,WTI,120,1,2,0.605,40.2789,51.3594,0.9853,52.84,1.0944,54.72,2021-05-07,2021-05-11,2022-11-04,rate_hike_cycle_2022
XGBoost,WTI,120,1,3,0.5291,36.4109,47.7014,0.9069,50.0,0.9828,47.52,2022-06-20,2022-06-22,2023-12-18,rate_hike_cycle_2022
XGBoost,WTI,120,1,4,0.5703,40.9615,54.2655,0.9538,52.58,1.1216,44.14,2023-08-01,2023-08-03,2025-01-28,
XGBoost,WTI,120,5,0,1.6157,86.8887,135.5951,0.9621,48.96,2.6572,48.61,2019-02-13,2019-02-21,2020-08-18,covid_crash
XGBoost,WTI,120,5,1,1.2945,71.3063,99.8346,0.9705,51.3,2.0606,58.7,2020-03-25,2020-04-02,2021-09-28,covid_crash
XGBoost,WTI,120,5,2,0.9599,64.0809,83.13,0.9611,54.43,1.7404,58.49,2021-05-05,2021-05-13,2022-11-08,rate_hike_cycle_2022
XGBoost,WTI,120,5,3,0.8688,59.7412,80.3903,0.732,50.52,1.6145,55.56,2022-06-15,2022-06-23,2023-12-19,rate_hike_cycle_2022
XGBoost,WTI,120,5,4,0.9633,69.1618,90.9396,0.8715,48.7,1.8934,47.27,2023-07-26,2023-08-03,2025-01-28,
XGBoost,WTI,120,20,0,3.3404,178.5745,263.8221,0.855,48.28,5.4611,49.3,2019-02-13,2019-03-14,2020-09-08,covid_crash
XGBoost,WTI,120,20,1,3.0353,166.7235,216.5822,0.8524,47.23,4.8556,46.81,2020-03-20,2020-04-20,2021-10-14,covid_crash
XGBoost,WTI,120,20,2,1.8859,126.1609,167.6909,0.8288,51.45,3.4216,50.96,2021-04-27,2021-05-26,2022-11-21,rate_hike_cycle_2022
XGBoost,WTI,120,20,3,1.5077,103.3888,132.4718,0.283,51.98,2.8013,49.48,2022-06-02,2022-07-01,2023-12-27,rate_hike_cycle_2022
XGBoost,WTI,120,20,4,1.6564,119.3257,167.6805,0.5634,49.6,3.261,53.21,2023-07-10,2023-08-08,2025-01-31,
XGBoost,STI,20,1,0,0.8484,46.2968,66.6613,0.9908,50.77,1.4158,46.58,2019-02-13,2019-02-15,2020-08-12,covid_crash
XGBoost,STI,20,1,1,0.8158,44.6966,60.0106,0.9896,50.26,1.287,52.13,2020-03-26,2020-03-30,2021-09-23,covid_crash
XGBoost,STI,20,1,2,0.6182,41.1117,52.7905,0.9845,50.77,1.117,53.77,2021-05-07,2021-05-11,2022-11-04,rate_hike_cycle_2022
XGBoost,STI,20,1,3,0.5204,35.793,47.4848,0.9078,52.32,0.9662,47.52,2022-06-20,2022-06-22,2023-12-18,rate_hike_cycle_2022
XGBoost,STI,20,1,4,0.578,41.5429,54.3818,0.9536,54.9,1.1375,60.36,2023-08-01,2023-08-03,2025-01-28,
XGBoost,STI,20,5,0,1.554,84.1104,128.8194,0.9658,48.44,2.5723,50.0,2019-02-13,2019-02-21,2020-08-18,covid_crash
XGBoost,STI,20,5,1,1.2704,69.4129,104.5885,0.9676,56.25,2.0059,59.78,2020-03-25,2020-04-02,2021-09-28,covid_crash
XGBoost,STI,20,5,2,0.9837,65.697,87.0847,0.9574,50.0,1.7843,48.11,2021-05-05,2021-05-13,2022-11-08,rate_hike_cycle_2022
XGBoost,STI,20,5,3,0.9368,64.271,86.8294,0.6873,47.4,1.737,46.46,2022-06-15,2022-06-23,2023-12-19,rate_hike_cycle_2022
XGBoost,STI,20,5,4,0.9699,69.5454,93.7663,0.8634,50.52,1.9039,49.09,2023-07-26,2023-08-03,2025-01-28,
XGBoost,STI,20,20,0,3.1609,164.967,277.3303,0.8397,48.81,5.045,47.89,2019-02-13,2019-03-14,2020-09-08,covid_crash
XGBoost,STI,20,20,1,3.0468,167.9864,222.9688,0.8435,49.6,4.8924,48.94,2020-03-20,2020-04-20,2021-10-14,covid_crash
XGBoost,STI,20,20,2,2.3625,158.5631,210.0782,0.7313,48.81,4.3003,47.12,2021-04-27,2021-05-26,2022-11-21,rate_hike_cycle_2022
XGBoost,STI,20,20,3,1.5143,104.0528,124.327,0.3685,49.34,2.8193,50.52,2022-06-02,2022-07-01,2023-12-27,rate_hike_cycle_2022
XGBoost,STI,20,20,4,1.6685,120.8309,174.8894,0.5251,51.72,3.3021,49.54,2023-07-10,2023-08-08,2025-01-31,
XGBoost,STI,120,1,0,0.8798,47.8653,67.0564,0.9907,44.33,1.4638,42.47,2019-02-13,2019-02-15,2020-08-12,covid_crash
XGBoost,STI,120,1,1,0.8395,45.7044,61.7587,0.9889,51.8,1.316,46.81,2020-03-26,2020-03-30,2021-09-23,covid_crash
XGBoost,STI,120,1,2,0.615,40.9035,51.8509,0.985,49.23,1.1114,47.17,2021-05-07,2021-05-11,2022-11-04,rate_hike_cycle_2022
XGBoost,STI,120,1,3,0.5003,34.3981,45.9836,0.9135,57.22,0.9285,51.49,2022-06-20,2022-06-22,2023-12-18,rate_hike_cycle_2022
XGBoost,STI,120,1,4,0.5641,40.5693,54.5078,0.9534,51.8,1.1109,48.65,2023-08-01,2023-08-03,2025-01-28,
XGBoost,STI,120,5,0,1.5615,84.3528,131.6928,0.9642,48.44,2.5797,48.61,2019-02-13,2019-02-21,2020-08-18,covid_crash
XGBoost,STI,120,5,1,1.3227,73.0022,105.0159,0.9674,52.6,2.1097,54.35,2020-03-25,2020-04-02,2021-09-28,covid_crash
XGBoost,STI,120,5,2,0.9865,65.78,87.0407,0.9574,51.82,1.7865,54.72,2021-05-05,2021-05-13,2022-11-08,rate_hike_cycle_2022
XGBoost,STI,120,5,3,0.8585,58.9316,78.1956,0.7464,52.08,1.5927,49.49,2022-06-15,2022-06-23,2023-12-19,rate_hike_cycle_2022
XGBoost,STI,120,5,4,0.9002,64.7243,84.5923,0.8888,50.0,1.772,54.55,2023-07-26,2023-08-03,2025-01-28,
XGBoost,STI,120,20,0,3.2532,173.1557,270.8274,0.8472,52.51,5.2954,52.11,2019-02-13,2019-03-14,2020-09-08,covid_crash
XGBoost,STI,120,20,1,2.9698,163.4713,210.8758,0.8601,47.76,4.7609,45.74,2020-03-20,2020-04-20,2021-10-14,covid_crash
XGBoost,STI,120,20,2,2.2372,150.9042,203.3006,0.7484,49.34,4.0926,50.96,2021-04-27,2021-05-26,2022-11-21,rate_hike_cycle_2022
XGBoost,STI,120,20,3,1.4807,101.612,133.3586,0.2734,55.41,2.7532,56.7,2022-06-02,2022-07-01,2023-12-27,rate_hike_cycle_2022
XGBoost,STI,120,20,4,1.6709,121.5176,167.7849,0.5629,49.87,3.3209,54.13,2023-07-10,2023-08-08,2025-01-31,
XGBoost,Screening1,20,1,0,0.8443,46.029,65.6874,0.9911,53.61,1.4077,54.79,2019-02-13,2019-02-15,2020-08-12,covid_crash
XGBoost,Screening1,20,1,1,0.8114,44.3755,59.1533,0.9899,53.09,1.2778,59.57,2020-03-26,2020-03-30,2021-09-23,covid_crash
XGBoost,Screening1,20,1,2,0.6432,42.7529,54.3825,0.9835,49.74,1.1616,43.4,2021-05-07,2021-05-11,2022-11-04,rate_hike_cycle_2022
XGBoost,Screening1,20,1,3,0.522,35.9521,46.479,0.9116,49.48,0.9705,56.44,2022-06-20,2022-06-22,2023-12-18,rate_hike_cycle_2022
XGBoost,Screening1,20,1,4,0.5768,41.4505,55.4311,0.9518,52.06,1.135,52.25,2023-08-01,2023-08-03,2025-01-28,
XGBoost,Screening1,20,5,0,1.538,83.1097,131.2309,0.9645,48.7,2.5417,45.83,2019-02-13,2019-02-21,2020-08-18,covid_crash
XGBoost,Screening1,20,5,1,1.3056,72.0372,102.1042,0.9692,51.56,2.0818,55.43,2020-03-25,2020-04-02,2021-09-28,covid_crash
XGBoost,Screening1,20,5,2,1.0894,72.8109,93.7923,0.9505,50.78,1.9775,56.6,2021-05-05,2021-05-13,2022-11-08,rate_hike_cycle_2022
XGBoost,Screening1,20,5,3,0.9397,64.6788,86.4162,0.6903,49.48,1.748,49.49,2022-06-15,2022-06-23,2023-12-19,rate_hike_cycle_2022
XGBoost,Screening1,20,5,4,0.9889,71.0729,90.9557,0.8715,48.96,1.9458,50.0,2023-07-26,2023-08-03,2025-01-28,
XGBoost,Screening1,20,20,0,3.0326,158.3187,256.8932,0.8625,49.08,4.8417,49.3,2019-02-13,2019-03-14,2020-09-08,covid_crash
XGBoost,Screening1,20,20,1,2.6548,147.4215,199.8969,0.8742,48.55,4.2934,48.94,2020-03-20,2020-04-20,2021-10-14,covid_crash
XGBoost,Screening1,20,20,2,2.8796,195.3058,252.0836,0.6132,44.06,5.2968,44.23,2021-04-27,2021-05-26,2022-11-21,rate_hike_cycle_2022
XGBoost,Screening1,20,20,3,1.6015,110.4882,142.8327,0.1665,49.34,2.9936,51.55,2022-06-02,2022-07-01,2023-12-27,rate_hike_cycle_2022
XGBoost,Screening1,20,20,4,1.8063,130.7899,185.5818,0.4652,49.34,3.5743,45.87,2023-07-10,2023-08-08,2025-01-31,
XGBoost,Screening1,120,1,0,0.851,46.4915,65.0496,0.9913,47.68,1.4218,53.42,2019-02-13,2019-02-15,2020-08-12,covid_crash
XGBoost,Screening1,120,1,1,0.8546,46.528,62.744,0.9886,50.0,1.3397,43.62,2020-03-26,2020-03-30,2021-09-23,covid_crash
XGBoost,Screening1,120,1,2,0.6288,41.9141,53.0222,0.9843,50.0,1.1388,57.55,2021-05-07,2021-05-11,2022-11-04,rate_hike_cycle_2022
XGBoost,Screening1,120,1,3,0.5287,36.4123,47.0877,0.9093,52.58,0.9829,56.44,2022-06-20,2022-06-22,2023-12-18,rate_hike_cycle_2022
XGBoost,Screening1,120,1,4,0.5845,42.0383,55.175,0.9522,52.84,1.1511,54.95,2023-08-01,2023-08-03,2025-01-28,
XGBoost,Screening1,120,5,0,1.4148,76.2219,121.0774,0.9698,52.86,2.331,48.61,2019-02-13,2019-02-21,2020-08-18,covid_crash
XGBoost,Screening1,120,5,1,1.3024,71.645,102.3172,0.969,50.26,2.0704,57.61,2020-03-25,2020-04-02,2021-09-28,covid_crash
XGBoost,Screening1,120,5,2,1.0799,71.9972,94.5603,0.9497,50.26,1.9554,54.72,2021-05-05,2021-05-13,2022-11-08,rate_hike_cycle_2022
XGBoost,Screening1,120,5,3,0.9068,62.3516,83.5686,0.7104,47.4,1.6851,49.49,2022-06-15,2022-06-23,2023-12-19,rate_hike_cycle_2022
XGBoost,Screening1,120,5,4,0.8802,63.2007,84.3529,0.8895,51.3,1.7302,52.73,2023-07-26,2023-08-03,2025-01-28,
XGBoost,Screening1,120,20,0,2.8962,151.6586,251.7969,0.8679,50.66,4.638,52.11,2019-02-13,2019-03-14,2020-09-08,covid_crash
XGBoost,Screening1,120,20,1,2.845,158.259,204.3169,0.8686,45.38,4.6091,48.94,2020-03-20,2020-04-20,2021-10-14,covid_crash
XGBoost,Screening1,120,20,2,2.3747,161.0412,214.5494,0.7198,48.81,4.3675,47.12,2021-04-27,2021-05-26,2022-11-21,rate_hike_cycle_2022
XGBoost,Screening1,120,20,3,1.533,105.8807,143.6199,0.1573,54.88,2.8688,51.55,2022-06-02,2022-07-01,2023-12-27,rate_hike_cycle_2022
XGBoost,Screening1,120,20,4,1.5473,111.9434,152.1097,0.6407,48.55,3.0592,48.62,2023-07-10,2023-08-08,2025-01-31,
XGBoost,Screening2,20,1,0,0.8393,45.6343,67.0181,0.9907,55.15,1.3956,43.84,2019-02-13,2019-02-15,2020-08-12,covid_crash
XGBoost,Screening2,20,1,1,0.8423,46.0097,62.1217,0.9888,50.52,1.3248,42.55,2020-03-26,2020-03-30,2021-09-23,covid_crash
XGBoost,Screening2,20,1,2,0.6065,40.3099,51.022,0.9855,57.47,1.0953,61.32,2021-05-07,2021-05-11,2022-11-04,rate_hike_cycle_2022
XGBoost,Screening2,20,1,3,0.5145,35.4105,46.0143,0.9134,52.58,0.9558,57.43,2022-06-20,2022-06-22,2023-12-18,rate_hike_cycle_2022
XGBoost,Screening2,20,1,4,0.5812,41.8227,54.8909,0.9527,53.61,1.1452,57.66,2023-08-01,2023-08-03,2025-01-28,
XGBoost,Screening2,20,5,0,1.5414,82.8711,131.3306,0.9644,51.3,2.5344,51.39,2019-02-13,2019-02-21,2020-08-18,covid_crash
XGBoost,Screening2,20,5,1,1.2339,67.9747,96.867,0.9722,54.95,1.9644,58.7,2020-03-25,2020-04-02,2021-09-28,covid_crash
XGBoost,Screening2,20,5,2,1.0289,68.9247,91.5557,0.9529,52.08,1.8719,56.6,2021-05-05,2021-05-13,2022-11-08,rate_hike_cycle_2022
XGBoost,Screening2,20,5,3,0.9014,62.0649,84.7724,0.702,51.56,1.6773,54.55,2022-06-15,2022-06-23,2023-12-19,rate_hike_cycle_2022
XGBoost,Screening2,20,5,4,0.9568,68.7174,91.0675,0.8712,51.56,1.8813,54.55,2023-07-26,2023-08-03,2025-01-28,
XGBoost,Screening2,20,20,0,2.9544,153.5146,253.2367,0.8664,50.13,4.6948,50.7,2019-02-13,2019-03-14,2020-09-08,covid_crash
XGBoost,Screening2,20,20,1,2.7633,153.9408,205.9163,0.8666,50.66,4.4833,50.0,2020-03-20,2020-04-20,2021-10-14,covid_crash
XGBoost,Screening2,20,20,2,2.4251,165.2332,232.6391,0.6705,48.02,4.4812,49.04,2021-04-27,2021-05-26,2022-11-21,rate_hike_cycle_2022
XGBoost,Screening2,20,20,3,1.5458,106.7727,133.5419,0.2714,49.34,2.893,47.42,2022-06-02,2022-07-01,2023-12-27,rate_hike_cycle_2022
XGBoost,Screening2,20,20,4,1.6058,116.3707,165.5738,0.5743,50.4,3.1802,54.13,2023-07-10,2023-08-08,2025-01-31,
XGBoost,Screening2,120,1,0,0.8436,45.9895,64.2585,0.9915,51.29,1.4064,46.58,2019-02-13,2019-02-15,2020-08-12,covid_crash
XGBoost,Screening2,120,1,1,0.8302,45.323,61.1419,0.9892,47.94,1.305,46.81,2020-03-26,2020-03-30,2021-09-23,covid_crash
XGBoost,Screening2,120,1,2,0.6496,43.2728,54.5809,0.9834,48.45,1.1758,47.17,2021-05-07,2021-05-11,2022-11-04,rate_hike_cycle_2022
XGBoost,Screening2,120,1,3,0.539,37.1425,47.7423,0.9068,49.48,1.0026,55.45,2022-06-20,2022-06-22,2023-12-18,rate_hike_cycle_2022
XGBoost,Screening2,120,1,4,0.5801,41.7445,55.2541,0.9521,53.61,1.1431,54.95,2023-08-01,2023-08-03,2025-01-28,
XGBoost,Screening2,120,5,0,1.5356,83.5701,127.5039,0.9665,47.92,2.5557,48.61,2019-02-13,2019-02-21,2020-08-18,covid_crash
XGBoost,Screening2,120,5,1,1.2451,68.8425,98.2994,0.9714,52.86,1.9894,59.78,2020-03-25,2020-04-02,2021-09-28,covid_crash
XGBoost,Screening2,120,5,2,1.038,69.4177,91.1891,0.9532,51.04,1.8853,50.94,2021-05-05,2021-05-13,2022-11-08,rate_hike_cycle_2022
XGBoost,Screening2,120,5,3,0.9507,65.4542,88.4594,0.6755,47.14,1.7689,48.48,2022-06-15,2022-06-23,2023-12-19,rate_hike_cycle_2022
XGBoost,Screening2,120,5,4,0.9476,68.0475,88.9055,0.8772,51.3,1.8629,52.73,2023-07-26,2023-08-03,2025-01-28,
XGBoost,Screening2,120,20,0,2.9354,154.6716,249.7443,0.87,49.6,4.7302,46.48,2019-02-13,2019-03-14,2020-09-08,covid_crash
XGBoost,Screening2,120,20,1,3.0341,168.811,218.5285,0.8497,47.76,4.9164,50.0,2020-03-20,2020-04-20,2021-10-14,covid_crash
XGBoost,Screening2,120,20,2,2.3129,156.6184,201.2225,0.7535,48.55,4.2476,48.08,2021-04-27,2021-05-26,2022-11-21,rate_hike_cycle_2022
XGBoost,Screening2,120,20,3,1.8039,124.44,161.8332,-0.07,52.51,3.3717,53.61,2022-06-02,2022-07-01,2023-12-27,rate_hike_cycle_2022
XGBoost,Screening2,120,20,4,1.5864,114.6899,160.5887,0.5996,51.98,3.1343,57.8,2023-07-10,2023-08-08,2025-01-31,
XGBoost,All_Commodity_STI,20,1,0,0.8417,45.9197,67.0458,0.9907,51.29,1.4043,49.32,2019-02-13,2019-02-15,2020-08-12,covid_crash
XGBoost,All_Commodity_STI,20,1,1,0.8309,45.6171,61.8128,0.9889,51.29,1.3135,43.62,2020-03-26,2020-03-30,2021-09-23,covid_crash
XGBoost,All_Commodity_STI,20,1,2,0.6492,43.1823,53.9473,0.9838,50.77,1.1733,52.83,2021-05-07,2021-05-11,2022-11-04,rate_hike_cycle_2022
XGBoost,All_Commodity_STI,20,1,3,0.5309,36.5645,46.912,0.91,50.0,0.987,55.45,2022-06-20,2022-06-22,2023-12-18,rate_hike_cycle_2022
XGBoost,All_Commodity_STI,20,1,4,0.5838,41.944,55.0444,0.9525,53.87,1.1485,59.46,2023-08-01,2023-08-03,2025-01-28,
XGBoost,All_Commodity_STI,20,5,0,1.555,84.1669,132.1604,0.964,48.44,2.574,50.0,2019-02-13,2019-02-21,2020-08-18,covid_crash
XGBoost,All_Commodity_STI,20,5,1,1.2672,69.8194,101.1654,0.9697,55.21,2.0177,64.13,2020-03-25,2020-04-02,2021-09-28,covid_crash
XGBoost,All_Commodity_STI,20,5,2,1.0827,72.4896,94.0484,0.9503,53.12,1.9687,53.77,2021-05-05,2021-05-13,2022-11-08,rate_hike_cycle_2022
XGBoost,All_Commodity_STI,20,5,3,0.9478,65.2584,87.2738,0.6841,47.66,1.7636,51.52,2022-06-15,2022-06-23,2023-12-19,rate_hike_cycle_2022
XGBoost,All_Commodity_STI,20,5,4,0.9746,70.1178,91.9423,0.8687,48.96,1.9196,46.36,2023-07-26,2023-08-03,2025-01-28,
XGBoost,All_Commodity_STI,20,20,0,3.2721,173.0655,268.1461,0.8502,48.81,5.2927,49.3,2019-02-13,2019-03-14,2020-09-08,covid_crash
XGBoost,All_Commodity_STI,20,20,1,2.5065,139.0897,187.8323,0.889,50.66,4.0508,50.0,2020-03-20,2020-04-20,2021-10-14,covid_crash
XGBoost,All_Commodity_STI,20,20,2,2.5939,176.687,242.0491,0.6433,48.28,4.7918,49.04,2021-04-27,2021-05-26,2022-11-21,rate_hike_cycle_2022
XGBoost,All_Commodity_STI,20,20,3,1.5166,104.3812,135.3872,0.2511,51.19,2.8282,50.52,2022-06-02,2022-07-01,2023-12-27,rate_hike_cycle_2022
XGBoost,All_Commodity_STI,20,20,4,1.7459,126.4151,172.8408,0.5361,51.45,3.4547,52.29,2023-07-10,2023-08-08,2025-01-31,
XGBoost,All_Commodity_STI,120,1,0,0.8295,45.1919,64.5512,0.9914,54.9,1.3821,50.68,2019-02-13,2019-02-15,2020-08-12,covid_crash
XGBoost,All_Commodity_STI,120,1,1,0.8257,45.2161,61.3419,0.9891,51.03,1.302,46.81,2020-03-26,2020-03-30,2021-09-23,covid_crash
XGBoost,All_Commodity_STI,120,1,2,0.6484,43.1556,54.565,0.9834,49.74,1.1726,50.94,2021-05-07,2021-05-11,2022-11-04,rate_hike_cycle_2022
XGBoost,All_Commodity_STI,120,1,3,0.5191,35.7896,45.8758,0.9139,54.64,0.9661,56.44,2022-06-20,2022-06-22,2023-12-18,rate_hike_cycle_2022
XGBoost,All_Commodity_STI,120,1,4,0.5672,40.8061,54.1262,0.954,51.03,1.1174,53.15,2023-08-01,2023-08-03,2025-01-28,
XGBoost,All_Commodity_STI,120,5,0,1.5097,81.8669,128.3762,0.966,50.78,2.5036,52.78,2019-02-13,2019-02-21,2020-08-18,covid_crash
XGBoost,All_Commodity_STI,120,5,1,1.3059,72.0983,101.1883,0.9697,50.0,2.0835,58.7,2020-03-25,2020-04-02,2021-09-28,covid_crash
XGBoost,All_Commodity_STI,120,5,2,1.1009,73.6281,96.9832,0.9471,47.66,1.9997,50.0,2021-05-05,2021-05-13,2022-11-08,rate_hike_cycle_2022
XGBoost,All_Commodity_STI,120,5,3,0.9964,68.6747,89.9377,0.6645,47.92,1.856,50.51,2022-06-15,2022-06-23,2023-12-19,rate_hike_cycle_2022
XGBoost,All_Commodity_STI,120,5,4,0.9344,67.0399,88.4305,0.8785,52.08,1.8353,51.82,2023-07-26,2023-08-03,2025-01-28,
XGBoost,All_Commodity_STI,120,20,0,2.8917,153.1108,242.8561,0.8771,49.34,4.6824,47.89,2019-02-13,2019-03-14,2020-09-08,covid_crash
XGBoost,All_Commodity_STI,120,20,1,2.6546,147.9478,198.1609,0.8764,48.28,4.3088,48.94,2020-03-20,2020-04-20,2021-10-14,covid_crash
XGBoost,All_Commodity_STI,120,20,2,2.4057,164.082,221.0073,0.7027,49.34,4.45,50.0,2021-04-27,2021-05-26,2022-11-21,rate_hike_cycle_2022
XGBoost,All_Commodity_STI,120,20,3,1.76,121.5913,158.0122,-0.0201,49.87,3.2945,48.45,2022-06-02,2022-07-01,2023-12-27,rate_hike_cycle_2022
XGBoost,All_Commodity_STI,120,20,4,1.4291,103.1285,137.1024,0.7081,47.76,2.8183,50.46,2023-07-10,2023-08-08,2025-01-31,
XGBoost,All_Macro_no_UST,20,1,0,0.8323,45.4218,64.5599,0.9914,55.15,1.3891,58.9,2019-02-13,2019-02-15,2020-08-12,covid_crash
XGBoost,All_Macro_no_UST,20,1,1,0.8359,45.5476,61.6683,0.989,53.87,1.3115,52.13,2020-03-26,2020-03-30,2021-09-23,covid_crash
XGBoost,All_Macro_no_UST,20,1,2,0.6225,41.4134,53.3002,0.9842,49.48,1.1252,45.28,2021-05-07,2021-05-11,2022-11-04,rate_hike_cycle_2022
XGBoost,All_Macro_no_UST,20,1,3,0.5478,37.7097,49.5374,0.8996,50.26,1.0179,54.46,2022-06-20,2022-06-22,2023-12-18,rate_hike_cycle_2022
XGBoost,All_Macro_no_UST,20,1,4,0.5913,42.484,55.467,0.9517,51.8,1.1633,61.26,2023-08-01,2023-08-03,2025-01-28,
XGBoost,All_Macro_no_UST,20,5,0,1.5523,84.1245,131.4586,0.9644,48.7,2.5727,43.06,2019-02-13,2019-02-21,2020-08-18,covid_crash
XGBoost,All_Macro_no_UST,20,5,1,1.2625,69.5231,103.2886,0.9684,53.65,2.0091,60.87,2020-03-25,2020-04-02,2021-09-28,covid_crash
XGBoost,All_Macro_no_UST,20,5,2,0.9774,65.2427,86.6433,0.9578,55.47,1.7719,57.55,2021-05-05,2021-05-13,2022-11-08,rate_hike_cycle_2022
XGBoost,All_Macro_no_UST,20,5,3,0.9086,62.525,83.0098,0.7142,52.08,1.6898,50.51,2022-06-15,2022-06-23,2023-12-19,rate_hike_cycle_2022
XGBoost,All_Macro_no_UST,20,5,4,0.9897,71.0106,91.6734,0.8695,52.08,1.9441,51.82,2023-07-26,2023-08-03,2025-01-28,
XGBoost,All_Macro_no_UST,20,20,0,2.9071,152.2246,260.768,0.8583,52.24,4.6553,50.7,2019-02-13,2019-03-14,2020-09-08,covid_crash
XGBoost,All_Macro_no_UST,20,20,1,2.6194,146.1002,200.77,0.8731,49.08,4.255,47.87,2020-03-20,2020-04-20,2021-10-14,covid_crash
XGBoost,All_Macro_no_UST,20,20,2,2.3406,157.532,207.366,0.7382,47.76,4.2724,48.08,2021-04-27,2021-05-26,2022-11-21,rate_hike_cycle_2022
XGBoost,All_Macro_no_UST,20,20,3,1.6314,112.5785,137.9326,0.2227,50.4,3.0503,49.48,2022-06-02,2022-07-01,2023-12-27,rate_hike_cycle_2022
XGBoost,All_Macro_no_UST,20,20,4,1.5786,113.9842,152.4425,0.6392,52.24,3.115,56.88,2023-07-10,2023-08-08,2025-01-31,
XGBoost,All_Macro_no_UST,120,1,0,0.8564,46.4028,66.5673,0.9909,50.0,1.4191,43.84,2019-02-13,2019-02-15,2020-08-12,covid_crash
XGBoost,All_Macro_no_UST,120,1,1,0.862,47.0905,63.7509,0.9882,48.45,1.3559,46.81,2020-03-26,2020-03-30,2021-09-23,covid_crash
XGBoost,All_Macro_no_UST,120,1,2,0.5879,38.9869,50.1587,0.986,53.87,1.0593,59.43,2021-05-07,2021-05-11,2022-11-04,rate_hike_cycle_2022
XGBoost,All_Macro_no_UST,120,1,3,0.5343,36.7915,47.7093,0.9069,47.94,0.9931,50.5,2022-06-20,2022-06-22,2023-12-18,rate_hike_cycle_2022
XGBoost,All_Macro_no_UST,120,1,4,0.5649,40.603,53.7259,0.9547,56.96,1.1118,62.16,2023-08-01,2023-08-03,2025-01-28,
XGBoost,All_Macro_no_UST,120,5,0,1.5891,85.7024,133.5059,0.9632,48.7,2.6209,43.06,2019-02-13,2019-02-21,2020-08-18,covid_crash
XGBoost,All_Macro_no_UST,120,5,1,1.2674,70.2572,101.5493,0.9695,51.82,2.0303,59.78,2020-03-25,2020-04-02,2021-09-28,covid_crash
XGBoost,All_Macro_no_UST,120,5,2,0.9445,63.1059,82.4024,0.9618,55.73,1.7139,54.72,2021-05-05,2021-05-13,2022-11-08,rate_hike_cycle_2022
XGBoost,All_Macro_no_UST,120,5,3,0.9088,62.5616,84.723,0.7023,49.48,1.6908,48.48,2022-06-15,2022-06-23,2023-12-19,rate_hike_cycle_2022
XGBoost,All_Macro_no_UST,120,5,4,0.9814,70.3525,92.6394,0.8667,51.04,1.926,49.09,2023-07-26,2023-08-03,2025-01-28,
XGBoost,All_Macro_no_UST,120,20,0,2.8321,150.6816,242.7781,0.8772,50.92,4.6081,49.3,2019-02-13,2019-03-14,2020-09-08,covid_crash
XGBoost,All_Macro_no_UST,120,20,1,2.6649,149.8024,193.5009,0.8822,48.55,4.3628,48.94,2020-03-20,2020-04-20,2021-10-14,covid_crash
XGBoost,All_Macro_no_UST,120,20,2,1.921,129.9074,169.6282,0.8248,49.34,3.5232,49.04,2021-04-27,2021-05-26,2022-11-21,rate_hike_cycle_2022
XGBoost,All_Macro_no_UST,120,20,3,1.6915,116.1145,151.1485,0.0666,48.81,3.1461,44.33,2022-06-02,2022-07-01,2023-12-27,rate_hike_cycle_2022
XGBoost,All_Macro_no_UST,120,20,4,1.6128,116.1527,164.9999,0.5773,49.34,3.1742,54.13,2023-07-10,2023-08-08,2025-01-31,
XGBoost,All_Covariates,20,1,0,0.8237,44.8023,65.539,0.9911,52.84,1.3701,46.58,2019-02-13,2019-02-15,2020-08-12,covid_crash
XGBoost,All_Covariates,20,1,1,0.8323,45.6006,61.2219,0.9891,50.26,1.313,50.0,2020-03-26,2020-03-30,2021-09-23,covid_crash
XGBoost,All_Covariates,20,1,2,0.6516,43.4002,54.9637,0.9832,51.29,1.1792,51.89,2021-05-07,2021-05-11,2022-11-04,rate_hike_cycle_2022
XGBoost,All_Covariates,20,1,3,0.565,38.922,50.9279,0.8939,46.91,1.0506,55.45,2022-06-20,2022-06-22,2023-12-18,rate_hike_cycle_2022
XGBoost,All_Covariates,20,1,4,0.5848,42.0645,55.0239,0.9525,51.8,1.1518,55.86,2023-08-01,2023-08-03,2025-01-28,
XGBoost,All_Covariates,20,5,0,1.5465,83.4057,133.334,0.9633,51.56,2.5507,55.56,2019-02-13,2019-02-21,2020-08-18,covid_crash
XGBoost,All_Covariates,20,5,1,1.2575,69.1931,99.1862,0.9709,53.91,1.9996,54.35,2020-03-25,2020-04-02,2021-09-28,covid_crash
XGBoost,All_Covariates,20,5,2,1.1521,77.1737,101.4423,0.9421,51.04,2.096,53.77,2021-05-05,2021-05-13,2022-11-08,rate_hike_cycle_2022
XGBoost,All_Covariates,20,5,3,0.9695,66.728,91.4315,0.6533,52.08,1.8034,53.54,2022-06-15,2022-06-23,2023-12-19,rate_hike_cycle_2022
XGBoost,All_Covariates,20,5,4,0.9551,68.5846,90.0385,0.8741,52.08,1.8776,56.36,2023-07-26,2023-08-03,2025-01-28,
XGBoost,All_Covariates,20,20,0,3.0616,159.8062,258.7883,0.8605,49.34,4.8872,52.11,2019-02-13,2019-03-14,2020-09-08,covid_crash
XGBoost,All_Covariates,20,20,1,2.5786,143.4927,198.1327,0.8765,47.76,4.179,47.87,2020-03-20,2020-04-20,2021-10-14,covid_crash
XGBoost,All_Covariates,20,20,2,2.6248,179.4812,252.257,0.6126,47.76,4.8676,48.08,2021-04-27,2021-05-26,2022-11-21,rate_hike_cycle_2022
XGBoost,All_Covariates,20,20,3,1.8451,127.6973,163.8332,-0.0966,48.28,3.4599,49.48,2022-06-02,2022-07-01,2023-12-27,rate_hike_cycle_2022
XGBoost,All_Covariates,20,20,4,1.696,123.4004,189.0612,0.445,51.19,3.3723,48.62,2023-07-10,2023-08-08,2025-01-31,
XGBoost,All_Covariates,120,1,0,0.8166,44.4914,63.7708,0.9916,52.58,1.3606,53.42,2019-02-13,2019-02-15,2020-08-12,covid_crash
XGBoost,All_Covariates,120,1,1,0.821,44.8957,60.633,0.9893,51.29,1.2927,51.06,2020-03-26,2020-03-30,2021-09-23,covid_crash
XGBoost,All_Covariates,120,1,2,0.6509,43.3623,54.9892,0.9832,50.52,1.1782,54.72,2021-05-07,2021-05-11,2022-11-04,rate_hike_cycle_2022
XGBoost,All_Covariates,120,1,3,0.5466,37.6787,49.1002,0.9014,53.87,1.0171,53.47,2022-06-20,2022-06-22,2023-12-18,rate_hike_cycle_2022
XGBoost,All_Covariates,120,1,4,0.5854,42.0879,55.4712,0.9517,53.35,1.1525,53.15,2023-08-01,2023-08-03,2025-01-28,
XGBoost,All_Covariates,120,5,0,1.5009,81.171,126.1969,0.9672,48.7,2.4824,50.0,2019-02-13,2019-02-21,2020-08-18,covid_crash
XGBoost,All_Covariates,120,5,1,1.2232,67.2001,96.0994,0.9727,54.95,1.942,59.78,2020-03-25,2020-04-02,2021-09-28,covid_crash
XGBoost,All_Covariates,120,5,2,1.1233,75.3839,99.6954,0.9441,48.18,2.0473,48.11,2021-05-05,2021-05-13,2022-11-08,rate_hike_cycle_2022
XGBoost,All_Covariates,120,5,3,1.045,71.9035,96.9644,0.6101,47.66,1.9432,48.48,2022-06-15,2022-06-23,2023-12-19,rate_hike_cycle_2022
XGBoost,All_Covariates,120,5,4,0.9805,70.4433,91.8146,0.8691,49.22,1.9285,51.82,2023-07-26,2023-08-03,2025-01-28,
XGBoost,All_Covariates,120,20,0,2.9079,154.1833,246.8561,0.873,48.02,4.7152,47.89,2019-02-13,2019-03-14,2020-09-08,covid_crash
XGBoost,All_Covariates,120,20,1,2.8734,159.3697,207.8636,0.864,47.76,4.6414,50.0,2020-03-20,2020-04-20,2021-10-14,covid_crash
XGBoost,All_Covariates,120,20,2,2.2419,152.6327,203.7504,0.7473,53.3,4.1395,53.85,2021-04-27,2021-05-26,2022-11-21,rate_hike_cycle_2022
XGBoost,All_Covariates,120,20,3,2.1352,147.7889,192.4959,-0.5139,49.6,4.0043,50.52,2022-06-02,2022-07-01,2023-12-27,rate_hike_cycle_2022
XGBoost,All_Covariates,120,20,4,1.7062,122.9444,171.5609,0.543,48.81,3.3599,55.05,2023-07-10,2023-08-08,2025-01-31,
LightGBM,Baseline,20,1,0,0.8806,47.9125,67.4566,0.9906,55.93,1.4653,46.58,2019-02-13,2019-02-15,2020-08-12,covid_crash
LightGBM,Baseline,20,1,1,0.8592,46.9762,63.1264,0.9885,51.8,1.3527,48.94,2020-03-26,2020-03-30,2021-09-23,covid_crash
LightGBM,Baseline,20,1,2,0.6128,40.6404,51.8094,0.985,48.97,1.1042,53.77,2021-05-07,2021-05-11,2022-11-04,rate_hike_cycle_2022
LightGBM,Baseline,20,1,3,0.5116,35.1837,46.9958,0.9097,48.97,0.9497,49.5,2022-06-20,2022-06-22,2023-12-18,rate_hike_cycle_2022
LightGBM,Baseline,20,1,4,0.5725,41.1697,54.5179,0.9534,55.15,1.1273,51.35,2023-08-01,2023-08-03,2025-01-28,
LightGBM,Baseline,20,5,0,1.5139,82.695,125.8696,0.9673,49.74,2.529,48.61,2019-02-13,2019-02-21,2020-08-18,covid_crash
LightGBM,Baseline,20,5,1,1.3179,72.8692,103.8971,0.9681,51.56,2.1058,54.35,2020-03-25,2020-04-02,2021-09-28,covid_crash
LightGBM,Baseline,20,5,2,1.0,66.6232,87.6127,0.9568,52.6,1.8094,54.72,2021-05-05,2021-05-13,2022-11-08,rate_hike_cycle_2022
LightGBM,Baseline,20,5,3,0.9351,64.1402,86.7927,0.6876,48.96,1.7334,49.49,2022-06-15,2022-06-23,2023-12-19,rate_hike_cycle_2022
LightGBM,Baseline,20,5,4,0.9554,68.4432,90.6004,0.8725,50.52,1.8738,49.09,2023-07-26,2023-08-03,2025-01-28,
LightGBM,Baseline,20,20,0,3.0018,158.34,255.5521,0.8639,50.66,4.8423,46.48,2019-02-13,2019-03-14,2020-09-08,covid_crash
LightGBM,Baseline,20,20,1,2.7522,153.4826,202.8014,0.8706,48.55,4.47,45.74,2020-03-20,2020-04-20,2021-10-14,covid_crash
LightGBM,Baseline,20,20,2,2.098,140.0302,192.1518,0.7752,51.45,3.7977,53.85,2021-04-27,2021-05-26,2022-11-21,rate_hike_cycle_2022
LightGBM,Baseline,20,20,3,1.6543,113.7837,142.8747,0.166,49.34,3.0829,47.42,2022-06-02,2022-07-01,2023-12-27,rate_hike_cycle_2022
LightGBM,Baseline,20,20,4,1.4914,107.3384,150.4582,0.6485,53.56,2.9334,54.13,2023-07-10,2023-08-08,2025-01-31,
LightGBM,Baseline,120,1,0,0.8714,47.6297,66.3838,0.9909,49.23,1.4566,46.58,2019-02-13,2019-02-15,2020-08-12,covid_crash
LightGBM,Baseline,120,1,1,0.8668,47.4099,63.252,0.9884,50.77,1.3651,47.87,2020-03-26,2020-03-30,2021-09-23,covid_crash
LightGBM,Baseline,120,1,2,0.6049,40.2079,50.9897,0.9855,52.06,1.0925,58.49,2021-05-07,2021-05-11,2022-11-04,rate_hike_cycle_2022
LightGBM,Baseline,120,1,3,0.5253,36.1238,46.8076,0.9104,50.0,0.9751,49.5,2022-06-20,2022-06-22,2023-12-18,rate_hike_cycle_2022
LightGBM,Baseline,120,1,4,0.5675,40.8335,53.6913,0.9548,50.77,1.1181,47.75,2023-08-01,2023-08-03,2025-01-28,
LightGBM,Baseline,120,5,0,1.6086,87.057,136.3552,0.9617,45.83,2.6624,38.89,2019-02-13,2019-02-21,2020-08-18,covid_crash
LightGBM,Baseline,120,5,1,1.3133,72.6621,103.9644,0.968,52.6,2.0998,58.7,2020-03-25,2020-04-02,2021-09-28,covid_crash
LightGBM,Baseline,120,5,2,0.9672,64.5917,85.9574,0.9584,57.55,1.7542,63.21,2021-05-05,2021-05-13,2022-11-08,rate_hike_cycle_2022
LightGBM,Baseline,120,5,3,0.8927,61.3655,84.3339,0.705,51.56,1.6584,54.55,2022-06-15,2022-06-23,2023-12-19,rate_hike_cycle_2022
LightGBM,Baseline,120,5,4,0.8864,63.5833,84.0484,0.8903,52.34,1.7407,53.64,2023-07-26,2023-08-03,2025-01-28,
LightGBM,Baseline,120,20,0,2.8628,152.031,247.1919,0.8727,52.24,4.6494,46.48,2019-02-13,2019-03-14,2020-09-08,covid_crash
LightGBM,Baseline,120,20,1,2.612,144.8296,193.5466,0.8821,49.87,4.218,51.06,2020-03-20,2020-04-20,2021-10-14,covid_crash
LightGBM,Baseline,120,20,2,1.9889,134.6922,180.0344,0.8027,51.45,3.6529,50.0,2021-04-27,2021-05-26,2022-11-21,rate_hike_cycle_2022
LightGBM,Baseline,120,20,3,1.696,116.4979,148.6659,0.097,51.19,3.1565,49.48,2022-06-02,2022-07-01,2023-12-27,rate_hike_cycle_2022
LightGBM,Baseline,120,20,4,1.5808,114.7494,170.6644,0.5478,49.6,3.1359,48.62,2023-07-10,2023-08-08,2025-01-31,
LightGBM,BI_Rate,20,1,0,0.8806,47.9125,67.4566,0.9906,55.93,1.4653,46.58,2019-02-13,2019-02-15,2020-08-12,covid_crash
LightGBM,BI_Rate,20,1,1,0.8592,46.9762,63.1264,0.9885,51.8,1.3527,48.94,2020-03-26,2020-03-30,2021-09-23,covid_crash
LightGBM,BI_Rate,20,1,2,0.6129,40.604,52.0013,0.9849,48.45,1.1032,45.28,2021-05-07,2021-05-11,2022-11-04,rate_hike_cycle_2022
LightGBM,BI_Rate,20,1,3,0.5158,35.461,47.6717,0.907,48.71,0.9572,48.51,2022-06-20,2022-06-22,2023-12-18,rate_hike_cycle_2022
LightGBM,BI_Rate,20,1,4,0.5872,42.2102,55.7891,0.9512,53.87,1.1558,53.15,2023-08-01,2023-08-03,2025-01-28,
LightGBM,BI_Rate,20,5,0,1.5139,82.695,125.8696,0.9673,49.74,2.529,48.61,2019-02-13,2019-02-21,2020-08-18,covid_crash
LightGBM,BI_Rate,20,5,1,1.3179,72.8692,103.8971,0.9681,51.56,2.1058,54.35,2020-03-25,2020-04-02,2021-09-28,covid_crash
LightGBM,BI_Rate,20,5,2,1.001,66.5841,85.7763,0.9586,50.26,1.8084,54.72,2021-05-05,2021-05-13,2022-11-08,rate_hike_cycle_2022
LightGBM,BI_Rate,20,5,3,0.8527,58.483,78.3583,0.7454,50.78,1.5805,52.53,2022-06-15,2022-06-23,2023-12-19,rate_hike_cycle_2022
LightGBM,BI_Rate,20,5,4,1.0122,72.4767,93.5737,0.864,47.14,1.9842,52.73,2023-07-26,2023-08-03,2025-01-28,
LightGBM,BI_Rate,20,20,0,3.0018,158.34,255.5521,0.8639,50.66,4.8423,46.48,2019-02-13,2019-03-14,2020-09-08,covid_crash
LightGBM,BI_Rate,20,20,1,2.7522,153.4826,202.8014,0.8706,48.55,4.47,45.74,2020-03-20,2020-04-20,2021-10-14,covid_crash
LightGBM,BI_Rate,20,20,2,2.1312,142.0558,194.3031,0.7702,53.56,3.8526,55.77,2021-04-27,2021-05-26,2022-11-21,rate_hike_cycle_2022
LightGBM,BI_Rate,20,20,3,1.6563,114.0036,146.2753,0.1258,51.98,3.0889,52.58,2022-06-02,2022-07-01,2023-12-27,rate_hike_cycle_2022
LightGBM,BI_Rate,20,20,4,1.5858,114.576,156.3196,0.6206,51.45,3.1312,51.38,2023-07-10,2023-08-08,2025-01-31,
LightGBM,BI_Rate,120,1,0,0.8714,47.6297,66.3838,0.9909,49.23,1.4566,46.58,2019-02-13,2019-02-15,2020-08-12,covid_crash
LightGBM,BI_Rate,120,1,1,0.8668,47.4099,63.252,0.9884,50.77,1.3651,47.87,2020-03-26,2020-03-30,2021-09-23,covid_crash
LightGBM,BI_Rate,120,1,2,0.5906,39.2527,50.1676,0.986,53.87,1.0665,51.89,2021-05-07,2021-05-11,2022-11-04,rate_hike_cycle_2022
LightGBM,BI_Rate,120,1,3,0.528,36.3126,47.169,0.909,50.26,0.9802,48.51,2022-06-20,2022-06-22,2023-12-18,rate_hike_cycle_2022
LightGBM,BI_Rate,120,1,4,0.5795,41.6486,55.2601,0.9521,53.87,1.1404,49.55,2023-08-01,2023-08-03,2025-01-28,
LightGBM,BI_Rate,120,5,0,1.6086,87.057,136.3552,0.9617,45.83,2.6624,38.89,2019-02-13,2019-02-21,2020-08-18,covid_crash
LightGBM,BI_Rate,120,5,1,1.3133,72.6621,103.9644,0.968,52.6,2.0998,58.7,2020-03-25,2020-04-02,2021-09-28,covid_crash
LightGBM,BI_Rate,120,5,2,0.9187,61.3568,81.556,0.9626,57.03,1.6664,56.6,2021-05-05,2021-05-13,2022-11-08,rate_hike_cycle_2022
LightGBM,BI_Rate,120,5,3,0.8913,61.2243,84.065,0.7069,49.74,1.6546,51.52,2022-06-15,2022-06-23,2023-12-19,rate_hike_cycle_2022
LightGBM,BI_Rate,120,5,4,0.884,63.5182,85.2255,0.8872,48.7,1.7389,50.91,2023-07-26,2023-08-03,2025-01-28,
LightGBM,BI_Rate,120,20,0,2.8628,152.031,247.1919,0.8727,52.24,4.6494,46.48,2019-02-13,2019-03-14,2020-09-08,covid_crash
LightGBM,BI_Rate,120,20,1,2.612,144.8296,193.5466,0.8821,49.87,4.218,51.06,2020-03-20,2020-04-20,2021-10-14,covid_crash
LightGBM,BI_Rate,120,20,2,1.9938,135.1215,178.9625,0.805,51.45,3.6646,49.04,2021-04-27,2021-05-26,2022-11-21,rate_hike_cycle_2022
LightGBM,BI_Rate,120,20,3,1.7896,123.1135,154.8108,0.0208,49.34,3.3357,46.39,2022-06-02,2022-07-01,2023-12-27,rate_hike_cycle_2022
LightGBM,BI_Rate,120,20,4,1.6399,118.7469,169.7911,0.5524,50.4,3.2451,49.54,2023-07-10,2023-08-08,2025-01-31,
LightGBM,CPI,20,1,0,0.878,47.7818,67.2629,0.9907,49.48,1.4613,46.58,2019-02-13,2019-02-15,2020-08-12,covid_crash
LightGBM,CPI,20,1,1,0.8274,45.2613,61.0424,0.9892,53.35,1.3033,45.74,2020-03-26,2020-03-30,2021-09-23,covid_crash
LightGBM,CPI,20,1,2,0.619,41.0324,51.9611,0.985,46.91,1.1149,48.11,2021-05-07,2021-05-11,2022-11-04,rate_hike_cycle_2022
LightGBM,CPI,20,1,3,0.505,34.7201,46.1262,0.913,52.58,0.9372,51.49,2022-06-20,2022-06-22,2023-12-18,rate_hike_cycle_2022
LightGBM,CPI,20,1,4,0.5944,42.7305,56.248,0.9504,49.74,1.17,48.65,2023-08-01,2023-08-03,2025-01-28,
LightGBM,CPI,20,5,0,1.5535,84.817,129.0377,0.9657,49.74,2.5939,50.0,2019-02-13,2019-02-21,2020-08-18,covid_crash
LightGBM,CPI,20,5,1,1.3357,73.5264,105.5213,0.9671,51.3,2.1248,53.26,2020-03-25,2020-04-02,2021-09-28,covid_crash
LightGBM,CPI,20,5,2,1.0004,66.7367,88.1856,0.9563,54.17,1.8125,57.55,2021-05-05,2021-05-13,2022-11-08,rate_hike_cycle_2022
LightGBM,CPI,20,5,3,0.8919,61.185,83.0073,0.7142,50.52,1.6536,48.48,2022-06-15,2022-06-23,2023-12-19,rate_hike_cycle_2022
LightGBM,CPI,20,5,4,0.9803,70.1815,90.8224,0.8719,49.22,1.9214,52.73,2023-07-26,2023-08-03,2025-01-28,
LightGBM,CPI,20,20,0,2.9627,156.5827,250.5275,0.8692,50.92,4.7886,47.89,2019-02-13,2019-03-14,2020-09-08,covid_crash
LightGBM,CPI,20,20,1,2.8011,155.0587,206.5069,0.8658,47.76,4.5159,46.81,2020-03-20,2020-04-20,2021-10-14,covid_crash
LightGBM,CPI,20,20,2,2.2637,151.5348,207.693,0.7374,52.24,4.1097,50.96,2021-04-27,2021-05-26,2022-11-21,rate_hike_cycle_2022
LightGBM,CPI,20,20,3,1.7533,120.5159,148.8673,0.0946,50.4,3.2653,49.48,2022-06-02,2022-07-01,2023-12-27,rate_hike_cycle_2022
LightGBM,CPI,20,20,4,1.6135,116.1181,165.9434,0.5724,49.6,3.1733,47.71,2023-07-10,2023-08-08,2025-01-31,
LightGBM,CPI,120,1,0,0.8732,47.6111,66.822,0.9908,50.77,1.456,52.05,2019-02-13,2019-02-15,2020-08-12,covid_crash
LightGBM,CPI,120,1,1,0.8611,47.138,63.1307,0.9885,49.74,1.3573,43.62,2020-03-26,2020-03-30,2021-09-23,covid_crash
LightGBM,CPI,120,1,2,0.6176,41.0444,52.1577,0.9848,49.48,1.1152,50.94,2021-05-07,2021-05-11,2022-11-04,rate_hike_cycle_2022
LightGBM,CPI,120,1,3,0.5225,35.9448,47.3051,0.9085,49.48,0.9703,46.53,2022-06-20,2022-06-22,2023-12-18,rate_hike_cycle_2022
LightGBM,CPI,120,1,4,0.5722,41.1605,54.5355,0.9533,53.09,1.1271,53.15,2023-08-01,2023-08-03,2025-01-28,
LightGBM,CPI,120,5,0,1.5929,86.166,135.6192,0.9621,46.61,2.6351,41.67,2019-02-13,2019-02-21,2020-08-18,covid_crash
LightGBM,CPI,120,5,1,1.3002,72.0788,102.3382,0.969,53.39,2.083,56.52,2020-03-25,2020-04-02,2021-09-28,covid_crash
LightGBM,CPI,120,5,2,0.963,64.5146,84.9231,0.9594,52.6,1.7521,51.89,2021-05-05,2021-05-13,2022-11-08,rate_hike_cycle_2022
LightGBM,CPI,120,5,3,0.9199,63.232,83.0229,0.7141,48.96,1.7089,52.53,2022-06-15,2022-06-23,2023-12-19,rate_hike_cycle_2022
LightGBM,CPI,120,5,4,0.9425,67.6165,89.8627,0.8746,53.65,1.8511,52.73,2023-07-26,2023-08-03,2025-01-28,
LightGBM,CPI,120,20,0,2.9078,154.19,251.2732,0.8684,50.13,4.7154,46.48,2019-02-13,2019-03-14,2020-09-08,covid_crash
LightGBM,CPI,120,20,1,2.6346,145.6535,196.1485,0.8789,48.81,4.2419,51.06,2020-03-20,2020-04-20,2021-10-14,covid_crash
LightGBM,CPI,120,20,2,2.0093,136.5682,179.3847,0.8041,51.19,3.7038,50.0,2021-04-27,2021-05-26,2022-11-21,rate_hike_cycle_2022
LightGBM,CPI,120,20,3,1.6948,116.8998,148.4406,0.0998,49.6,3.1674,46.39,2022-06-02,2022-07-01,2023-12-27,rate_hike_cycle_2022
LightGBM,CPI,120,20,4,1.6311,117.8079,169.8791,0.5519,49.87,3.2195,46.79,2023-07-10,2023-08-08,2025-01-31,
LightGBM,M2,20,1,0,0.8708,47.4188,67.8689,0.9905,51.55,1.4502,45.21,2019-02-13,2019-02-15,2020-08-12,covid_crash
LightGBM,M2,20,1,1,0.8715,47.6506,63.4491,0.9883,51.55,1.3721,45.74,2020-03-26,2020-03-30,2021-09-23,covid_crash
LightGBM,M2,20,1,2,0.6232,41.3243,53.0228,0.9843,47.42,1.1228,52.83,2021-05-07,2021-05-11,2022-11-04,rate_hike_cycle_2022
LightGBM,M2,20,1,3,0.5072,34.8745,46.6472,0.911,54.9,0.9414,56.44,2022-06-20,2022-06-22,2023-12-18,rate_hike_cycle_2022
LightGBM,M2,20,1,4,0.5914,42.5281,55.5188,0.9516,49.48,1.1645,52.25,2023-08-01,2023-08-03,2025-01-28,
LightGBM,M2,20,5,0,1.5878,86.8221,130.0795,0.9651,48.7,2.6552,50.0,2019-02-13,2019-02-21,2020-08-18,covid_crash
LightGBM,M2,20,5,1,1.3531,74.662,107.1316,0.9661,51.56,2.1576,54.35,2020-03-25,2020-04-02,2021-09-28,covid_crash
LightGBM,M2,20,5,2,0.9624,63.7259,84.4001,0.9599,52.86,1.7307,50.94,2021-05-05,2021-05-13,2022-11-08,rate_hike_cycle_2022
LightGBM,M2,20,5,3,0.8869,60.8493,81.8024,0.7225,51.3,1.6445,53.54,2022-06-15,2022-06-23,2023-12-19,rate_hike_cycle_2022
LightGBM,M2,20,5,4,1.0101,72.4712,93.5849,0.864,48.44,1.984,46.36,2023-07-26,2023-08-03,2025-01-28,
LightGBM,M2,20,20,0,2.984,157.208,260.4329,0.8587,49.6,4.8077,45.07,2019-02-13,2019-03-14,2020-09-08,covid_crash
LightGBM,M2,20,20,1,2.8272,157.9053,208.6508,0.863,49.08,4.5988,48.94,2020-03-20,2020-04-20,2021-10-14,covid_crash
LightGBM,M2,20,20,2,2.3055,154.171,212.701,0.7246,50.92,4.1812,50.96,2021-04-27,2021-05-26,2022-11-21,rate_hike_cycle_2022
LightGBM,M2,20,20,3,1.68,115.588,141.1725,0.1858,49.6,3.1318,45.36,2022-06-02,2022-07-01,2023-12-27,rate_hike_cycle_2022
LightGBM,M2,20,20,4,1.6169,116.5232,169.6439,0.5531,51.19,3.1844,50.46,2023-07-10,2023-08-08,2025-01-31,
LightGBM,M2,120,1,0,0.8725,47.6226,65.9999,0.991,47.16,1.4564,42.47,2019-02-13,2019-02-15,2020-08-12,covid_crash
LightGBM,M2,120,1,1,0.8893,48.8658,64.5866,0.9879,48.2,1.4071,46.81,2020-03-26,2020-03-30,2021-09-23,covid_crash
LightGBM,M2,120,1,2,0.6112,40.6268,51.3654,0.9853,52.32,1.1039,60.38,2021-05-07,2021-05-11,2022-11-04,rate_hike_cycle_2022
LightGBM,M2,120,1,3,0.5292,36.4288,47.1273,0.9092,51.03,0.9833,46.53,2022-06-20,2022-06-22,2023-12-18,rate_hike_cycle_2022
LightGBM,M2,120,1,4,0.5846,42.0334,55.8757,0.951,51.03,1.151,47.75,2023-08-01,2023-08-03,2025-01-28,
LightGBM,M2,120,5,0,1.6077,86.7616,133.1014,0.9635,45.05,2.6533,41.67,2019-02-13,2019-02-21,2020-08-18,covid_crash
LightGBM,M2,120,5,1,1.3699,75.9138,106.294,0.9666,51.82,2.1938,55.43,2020-03-25,2020-04-02,2021-09-28,covid_crash
LightGBM,M2,120,5,2,0.9575,63.8986,83.4857,0.9608,52.6,1.7354,56.6,2021-05-05,2021-05-13,2022-11-08,rate_hike_cycle_2022
LightGBM,M2,120,5,3,0.8089,55.5945,77.2748,0.7524,52.6,1.5025,49.49,2022-06-15,2022-06-23,2023-12-19,rate_hike_cycle_2022
LightGBM,M2,120,5,4,0.8459,60.771,82.0587,0.8954,54.17,1.6637,55.45,2023-07-26,2023-08-03,2025-01-28,
LightGBM,M2,120,20,0,2.8051,148.6974,250.2033,0.8696,50.13,4.5474,43.66,2019-02-13,2019-03-14,2020-09-08,covid_crash
LightGBM,M2,120,20,1,2.671,147.4265,196.4635,0.8785,50.66,4.2936,54.26,2020-03-20,2020-04-20,2021-10-14,covid_crash
LightGBM,M2,120,20,2,1.9912,134.6419,177.6527,0.8079,50.66,3.6516,47.12,2021-04-27,2021-05-26,2022-11-21,rate_hike_cycle_2022
LightGBM,M2,120,20,3,1.7281,119.0561,150.9749,0.0688,49.34,3.2258,47.42,2022-06-02,2022-07-01,2023-12-27,rate_hike_cycle_2022
LightGBM,M2,120,20,4,1.6116,116.5583,162.5123,0.5899,49.08,3.1853,45.87,2023-07-10,2023-08-08,2025-01-31,
LightGBM,NPL_Ratio,20,1,0,0.8738,47.5546,67.6859,0.9905,50.77,1.4543,43.84,2019-02-13,2019-02-15,2020-08-12,covid_crash
LightGBM,NPL_Ratio,20,1,1,0.8573,46.9463,62.0714,0.9888,49.74,1.3518,48.94,2020-03-26,2020-03-30,2021-09-23,covid_crash
LightGBM,NPL_Ratio,20,1,2,0.6167,40.9588,52.6631,0.9845,49.48,1.1129,50.0,2021-05-07,2021-05-11,2022-11-04,rate_hike_cycle_2022
LightGBM,NPL_Ratio,20,1,3,0.5318,36.555,48.4569,0.904,48.45,0.9867,46.53,2022-06-20,2022-06-22,2023-12-18,rate_hike_cycle_2022
LightGBM,NPL_Ratio,20,1,4,0.5751,41.3471,54.8318,0.9528,53.87,1.1322,49.55,2023-08-01,2023-08-03,2025-01-28,
LightGBM,NPL_Ratio,20,5,0,1.5477,84.0307,130.2704,0.965,49.74,2.5698,45.83,2019-02-13,2019-02-21,2020-08-18,covid_crash
LightGBM,NPL_Ratio,20,5,1,1.2905,71.3988,101.7098,0.9694,52.08,2.0633,54.35,2020-03-25,2020-04-02,2021-09-28,covid_crash
LightGBM,NPL_Ratio,20,5,2,0.9618,64.03,83.4953,0.9608,53.39,1.739,55.66,2021-05-05,2021-05-13,2022-11-08,rate_hike_cycle_2022
LightGBM,NPL_Ratio,20,5,3,0.9182,63.0649,83.8604,0.7083,51.82,1.7044,51.52,2022-06-15,2022-06-23,2023-12-19,rate_hike_cycle_2022
LightGBM,NPL_Ratio,20,5,4,1.0088,72.3836,92.4665,0.8672,49.22,1.9816,46.36,2023-07-26,2023-08-03,2025-01-28,
LightGBM,NPL_Ratio,20,20,0,2.9252,154.6618,255.3015,0.8642,50.13,4.7299,46.48,2019-02-13,2019-03-14,2020-09-08,covid_crash
LightGBM,NPL_Ratio,20,20,1,2.6628,147.5596,201.6733,0.872,48.28,4.2975,47.87,2020-03-20,2020-04-20,2021-10-14,covid_crash
LightGBM,NPL_Ratio,20,20,2,2.1783,146.1413,199.1605,0.7585,53.83,3.9634,55.77,2021-04-27,2021-05-26,2022-11-21,rate_hike_cycle_2022
LightGBM,NPL_Ratio,20,20,3,1.3945,95.9158,118.8763,0.4226,54.09,2.5988,53.61,2022-06-02,2022-07-01,2023-12-27,rate_hike_cycle_2022
LightGBM,NPL_Ratio,20,20,4,1.5191,109.7287,156.7011,0.6187,53.03,2.9987,54.13,2023-07-10,2023-08-08,2025-01-31,
LightGBM,NPL_Ratio,120,1,0,0.8642,46.9787,66.5425,0.9909,50.77,1.4367,43.84,2019-02-13,2019-02-15,2020-08-12,covid_crash
LightGBM,NPL_Ratio,120,1,1,0.8867,48.6126,64.1148,0.9881,49.48,1.3998,47.87,2020-03-26,2020-03-30,2021-09-23,covid_crash
LightGBM,NPL_Ratio,120,1,2,0.6154,40.8483,51.6461,0.9851,50.0,1.1099,58.49,2021-05-07,2021-05-11,2022-11-04,rate_hike_cycle_2022
LightGBM,NPL_Ratio,120,1,3,0.5371,36.928,47.4902,0.9077,51.55,0.9968,53.47,2022-06-20,2022-06-22,2023-12-18,rate_hike_cycle_2022
LightGBM,NPL_Ratio,120,1,4,0.5708,41.0456,54.475,0.9534,53.87,1.1239,53.15,2023-08-01,2023-08-03,2025-01-28,
LightGBM,NPL_Ratio,120,5,0,1.6256,88.1339,134.8221,0.9625,48.18,2.6953,44.44,2019-02-13,2019-02-21,2020-08-18,covid_crash
LightGBM,NPL_Ratio,120,5,1,1.3477,74.6637,104.23,0.9679,50.0,2.1577,53.26,2020-03-25,2020-04-02,2021-09-28,covid_crash
LightGBM,NPL_Ratio,120,5,2,0.9495,63.3279,84.3449,0.96,55.73,1.7199,61.32,2021-05-05,2021-05-13,2022-11-08,rate_hike_cycle_2022
LightGBM,NPL_Ratio,120,5,3,0.8657,59.5839,83.784,0.7089,51.82,1.6103,48.48,2022-06-15,2022-06-23,2023-12-19,rate_hike_cycle_2022
LightGBM,NPL_Ratio,120,5,4,0.8795,63.0744,85.1607,0.8874,52.34,1.7268,57.27,2023-07-26,2023-08-03,2025-01-28,
LightGBM,NPL_Ratio,120,20,0,3.0012,159.5827,258.2812,0.861,50.13,4.8803,49.3,2019-02-13,2019-03-14,2020-09-08,covid_crash
LightGBM,NPL_Ratio,120,20,1,2.5388,140.8909,198.0207,0.8766,48.55,4.1032,48.94,2020-03-20,2020-04-20,2021-10-14,covid_crash
LightGBM,NPL_Ratio,120,20,2,1.914,128.738,168.2806,0.8276,49.87,3.4914,50.0,2021-04-27,2021-05-26,2022-11-21,rate_hike_cycle_2022
LightGBM,NPL_Ratio,120,20,3,1.7611,121.505,153.7069,0.0348,48.28,3.2921,46.39,2022-06-02,2022-07-01,2023-12-27,rate_hike_cycle_2022
LightGBM,NPL_Ratio,120,20,4,1.6026,115.8062,168.7764,0.5577,49.08,3.1648,47.71,2023-07-10,2023-08-08,2025-01-31,
LightGBM,USDIDR,20,1,0,0.8572,46.7512,66.787,0.9908,50.52,1.4297,46.58,2019-02-13,2019-02-15,2020-08-12,covid_crash
LightGBM,USDIDR,20,1,1,0.8399,45.8669,60.8613,0.9893,52.32,1.3207,47.87,2020-03-26,2020-03-30,2021-09-23,covid_crash
LightGBM,USDIDR,20,1,2,0.6122,40.6728,52.9528,0.9844,52.06,1.1051,52.83,2021-05-07,2021-05-11,2022-11-04,rate_hike_cycle_2022
LightGBM,USDIDR,20,1,3,0.5219,35.9097,47.437,0.908,51.8,0.9693,54.46,2022-06-20,2022-06-22,2023-12-18,rate_hike_cycle_2022
LightGBM,USDIDR,20,1,4,0.5727,41.1592,54.6264,0.9532,52.06,1.127,54.95,2023-08-01,2023-08-03,2025-01-28,
LightGBM,USDIDR,20,5,0,1.5688,85.4187,133.6754,0.9631,48.18,2.6123,44.44,2019-02-13,2019-02-21,2020-08-18,covid_crash
LightGBM,USDIDR,20,5,1,1.2688,69.9901,99.7252,0.9706,53.39,2.0226,56.52,2020-03-25,2020-04-02,2021-09-28,covid_crash
LightGBM,USDIDR,20,5,2,0.9766,65.0786,84.8655,0.9595,52.6,1.7675,55.66,2021-05-05,2021-05-13,2022-11-08,rate_hike_cycle_2022
LightGBM,USDIDR,20,5,3,0.9123,62.6882,83.6268,0.71,49.22,1.6942,46.46,2022-06-15,2022-06-23,2023-12-19,rate_hike_cycle_2022
LightGBM,USDIDR,20,5,4,0.9315,66.6865,89.0582,0.8768,51.82,1.8257,51.82,2023-07-26,2023-08-03,2025-01-28,
LightGBM,USDIDR,20,20,0,3.0872,164.1361,267.2791,0.8511,51.19,5.0196,47.89,2019-02-13,2019-03-14,2020-09-08,covid_crash
LightGBM,USDIDR,20,20,1,2.7217,150.599,203.5101,0.8697,46.17,4.386,46.81,2020-03-20,2020-04-20,2021-10-14,covid_crash
LightGBM,USDIDR,20,20,2,2.1745,145.471,196.6101,0.7647,49.08,3.9453,51.92,2021-04-27,2021-05-26,2022-11-21,rate_hike_cycle_2022
LightGBM,USDIDR,20,20,3,1.7589,120.9498,146.6298,0.1216,49.34,3.2771,47.42,2022-06-02,2022-07-01,2023-12-27,rate_hike_cycle_2022
LightGBM,USDIDR,20,20,4,1.6506,119.318,170.4816,0.5487,53.56,3.2607,55.05,2023-07-10,2023-08-08,2025-01-31,
LightGBM,USDIDR,120,1,0,0.8692,47.2653,65.7802,0.9911,48.2,1.4455,42.47,2019-02-13,2019-02-15,2020-08-12,covid_crash
LightGBM,USDIDR,120,1,1,0.8606,47.1855,63.5898,0.9883,49.74,1.3587,45.74,2020-03-26,2020-03-30,2021-09-23,covid_crash
LightGBM,USDIDR,120,1,2,0.5998,39.9075,50.9814,0.9855,51.8,1.0843,54.72,2021-05-07,2021-05-11,2022-11-04,rate_hike_cycle_2022
LightGBM,USDIDR,120,1,3,0.5197,35.7403,47.4485,0.9079,50.77,0.9647,49.5,2022-06-20,2022-06-22,2023-12-18,rate_hike_cycle_2022
LightGBM,USDIDR,120,1,4,0.5732,41.2094,54.4612,0.9535,52.06,1.1284,49.55,2023-08-01,2023-08-03,2025-01-28,
LightGBM,USDIDR,120,5,0,1.5732,85.2834,133.0908,0.9635,47.92,2.6081,41.67,2019-02-13,2019-02-21,2020-08-18,covid_crash
LightGBM,USDIDR,120,5,1,1.3376,73.8619,104.8737,0.9675,52.08,2.1345,54.35,2020-03-25,2020-04-02,2021-09-28,covid_crash
LightGBM,USDIDR,120,5,2,0.9752,65.0516,85.3589,0.959,54.17,1.7667,51.89,2021-05-05,2021-05-13,2022-11-08,rate_hike_cycle_2022
LightGBM,USDIDR,120,5,3,0.879,60.4454,81.535,0.7243,48.44,1.6336,44.44,2022-06-15,2022-06-23,2023-12-19,rate_hike_cycle_2022
LightGBM,USDIDR,120,5,4,0.9945,71.3117,93.2696,0.8649,48.44,1.9523,48.18,2023-07-26,2023-08-03,2025-01-28,
LightGBM,USDIDR,120,20,0,3.0238,161.5695,257.1173,0.8623,49.08,4.9411,47.89,2019-02-13,2019-03-14,2020-09-08,covid_crash
LightGBM,USDIDR,120,20,1,2.7932,156.2592,209.4946,0.8619,49.6,4.5508,47.87,2020-03-20,2020-04-20,2021-10-14,covid_crash
LightGBM,USDIDR,120,20,2,1.913,128.771,166.9964,0.8302,49.08,3.4923,49.04,2021-04-27,2021-05-26,2022-11-21,rate_hike_cycle_2022
LightGBM,USDIDR,120,20,3,1.6696,114.5598,139.178,0.2086,47.76,3.104,45.36,2022-06-02,2022-07-01,2023-12-27,rate_hike_cycle_2022
LightGBM,USDIDR,120,20,4,1.7667,128.0093,171.3942,0.5439,50.92,3.4983,52.29,2023-07-10,2023-08-08,2025-01-31,
LightGBM,GDP,20,1,0,0.8806,47.9125,67.4566,0.9906,55.93,1.4653,46.58,2019-02-13,2019-02-15,2020-08-12,covid_crash
LightGBM,GDP,20,1,1,0.863,47.159,62.6249,0.9886,51.29,1.3579,38.3,2020-03-26,2020-03-30,2021-09-23,covid_crash
LightGBM,GDP,20,1,2,0.6256,41.448,52.8491,0.9844,47.16,1.1262,47.17,2021-05-07,2021-05-11,2022-11-04,rate_hike_cycle_2022
LightGBM,GDP,20,1,3,0.5159,35.4785,47.7207,0.9069,53.35,0.9577,47.52,2022-06-20,2022-06-22,2023-12-18,rate_hike_cycle_2022
LightGBM,GDP,20,1,4,0.5807,41.7306,55.2271,0.9522,52.58,1.1427,56.76,2023-08-01,2023-08-03,2025-01-28,
LightGBM,GDP,20,5,0,1.5139,82.695,125.8696,0.9673,49.74,2.529,48.61,2019-02-13,2019-02-21,2020-08-18,covid_crash
LightGBM,GDP,20,5,1,1.3585,75.0167,111.6051,0.9632,54.69,2.1679,54.35,2020-03-25,2020-04-02,2021-09-28,covid_crash
LightGBM,GDP,20,5,2,0.9898,65.8193,85.7544,0.9586,54.43,1.7876,53.77,2021-05-05,2021-05-13,2022-11-08,rate_hike_cycle_2022
LightGBM,GDP,20,5,3,0.8795,60.3563,79.5946,0.7373,48.7,1.6312,50.51,2022-06-15,2022-06-23,2023-12-19,rate_hike_cycle_2022
LightGBM,GDP,20,5,4,1.0084,72.1636,91.4503,0.8701,47.92,1.9756,48.18,2023-07-26,2023-08-03,2025-01-28,
LightGBM,GDP,20,20,0,3.0018,158.34,255.5521,0.8639,50.66,4.8423,46.48,2019-02-13,2019-03-14,2020-09-08,covid_crash
LightGBM,GDP,20,20,1,2.8321,157.1423,208.7381,0.8629,49.34,4.5765,44.68,2020-03-20,2020-04-20,2021-10-14,covid_crash
LightGBM,GDP,20,20,2,2.2887,151.908,206.7685,0.7397,52.51,4.1198,49.04,2021-04-27,2021-05-26,2022-11-21,rate_hike_cycle_2022
LightGBM,GDP,20,20,3,1.6055,110.5784,138.09,0.2209,50.92,2.9961,48.45,2022-06-02,2022-07-01,2023-12-27,rate_hike_cycle_2022
LightGBM,GDP,20,20,4,1.6689,120.449,167.3416,0.5652,52.51,3.2917,53.21,2023-07-10,2023-08-08,2025-01-31,
LightGBM,GDP,120,1,0,0.8714,47.6297,66.3838,0.9909,49.23,1.4566,46.58,2019-02-13,2019-02-15,2020-08-12,covid_crash
LightGBM,GDP,120,1,1,0.8668,47.4099,63.252,0.9884,50.77,1.3651,47.87,2020-03-26,2020-03-30,2021-09-23,covid_crash
LightGBM,GDP,120,1,2,0.5988,39.7146,50.4794,0.9858,52.32,1.0791,52.83,2021-05-07,2021-05-11,2022-11-04,rate_hike_cycle_2022
LightGBM,GDP,120,1,3,0.5313,36.5367,47.4791,0.9078,49.74,0.9862,53.47,2022-06-20,2022-06-22,2023-12-18,rate_hike_cycle_2022
LightGBM,GDP,120,1,4,0.5852,42.0717,54.777,0.9529,51.8,1.152,52.25,2023-08-01,2023-08-03,2025-01-28,
LightGBM,GDP,120,5,0,1.6086,87.057,136.3552,0.9617,45.83,2.6624,38.89,2019-02-13,2019-02-21,2020-08-18,covid_crash
LightGBM,GDP,120,5,1,1.3133,72.6621,103.9644,0.968,52.6,2.0998,58.7,2020-03-25,2020-04-02,2021-09-28,covid_crash
LightGBM,GDP,120,5,2,0.9834,65.676,86.4858,0.9579,53.39,1.7837,56.6,2021-05-05,2021-05-13,2022-11-08,rate_hike_cycle_2022
LightGBM,GDP,120,5,3,0.8929,61.3529,83.704,0.7094,46.88,1.6581,46.46,2022-06-15,2022-06-23,2023-12-19,rate_hike_cycle_2022
LightGBM,GDP,120,5,4,0.8891,63.7983,85.6696,0.886,52.08,1.7466,53.64,2023-07-26,2023-08-03,2025-01-28,
LightGBM,GDP,120,20,0,2.8628,152.031,247.1919,0.8727,52.24,4.6494,46.48,2019-02-13,2019-03-14,2020-09-08,covid_crash
LightGBM,GDP,120,20,1,2.612,144.8296,193.5466,0.8821,49.87,4.218,51.06,2020-03-20,2020-04-20,2021-10-14,covid_crash
LightGBM,GDP,120,20,2,2.0343,137.8121,181.8001,0.7988,49.87,3.7375,48.08,2021-04-27,2021-05-26,2022-11-21,rate_hike_cycle_2022
LightGBM,GDP,120,20,3,1.8373,126.4319,158.2683,-0.0234,53.03,3.4256,48.45,2022-06-02,2022-07-01,2023-12-27,rate_hike_cycle_2022
LightGBM,GDP,120,20,4,1.721,124.2839,174.1032,0.5293,48.55,3.3965,44.04,2023-07-10,2023-08-08,2025-01-31,
LightGBM,US_Treasury_10Y,20,1,0,0.8702,47.673,66.8328,0.9908,53.35,1.4579,52.05,2019-02-13,2019-02-15,2020-08-12,covid_crash
LightGBM,US_Treasury_10Y,20,1,1,0.8466,46.3898,63.1143,0.9885,48.2,1.3358,39.36,2020-03-26,2020-03-30,2021-09-23,covid_crash
LightGBM,US_Treasury_10Y,20,1,2,0.6566,43.6776,54.5154,0.9834,47.94,1.1868,53.77,2021-05-07,2021-05-11,2022-11-04,rate_hike_cycle_2022
LightGBM,US_Treasury_10Y,20,1,3,0.5836,40.1667,51.2982,0.8924,45.1,1.0842,46.53,2022-06-20,2022-06-22,2023-12-18,rate_hike_cycle_2022
LightGBM,US_Treasury_10Y,20,1,4,0.6043,43.428,56.311,0.9503,50.52,1.1891,52.25,2023-08-01,2023-08-03,2025-01-28,
LightGBM,US_Treasury_10Y,20,5,0,1.5757,85.1616,136.5742,0.9615,49.22,2.6044,44.44,2019-02-13,2019-02-21,2020-08-18,covid_crash
LightGBM,US_Treasury_10Y,20,5,1,1.2832,70.805,101.1614,0.9697,50.26,2.0462,58.7,2020-03-25,2020-04-02,2021-09-28,covid_crash
LightGBM,US_Treasury_10Y,20,5,2,1.0798,72.0301,91.7023,0.9527,51.04,1.9563,56.6,2021-05-05,2021-05-13,2022-11-08,rate_hike_cycle_2022
LightGBM,US_Treasury_10Y,20,5,3,1.0566,72.6188,94.3898,0.6305,45.31,1.9626,46.46,2022-06-15,2022-06-23,2023-12-19,rate_hike_cycle_2022
LightGBM,US_Treasury_10Y,20,5,4,0.948,68.1787,89.2911,0.8762,48.18,1.8665,42.73,2023-07-26,2023-08-03,2025-01-28,
LightGBM,US_Treasury_10Y,20,20,0,3.2193,170.5696,271.836,0.846,50.4,5.2163,52.11,2019-02-13,2019-03-14,2020-09-08,covid_crash
LightGBM,US_Treasury_10Y,20,20,1,2.5196,139.8536,192.1705,0.8838,48.81,4.073,46.81,2020-03-20,2020-04-20,2021-10-14,covid_crash
LightGBM,US_Treasury_10Y,20,20,2,2.2621,152.7965,204.027,0.7466,50.4,4.1439,50.96,2021-04-27,2021-05-26,2022-11-21,rate_hike_cycle_2022
LightGBM,US_Treasury_10Y,20,20,3,2.0034,138.6282,191.6016,-0.4999,50.66,3.7561,55.67,2022-06-02,2022-07-01,2023-12-27,rate_hike_cycle_2022
LightGBM,US_Treasury_10Y,20,20,4,1.7475,125.9018,172.7318,0.5367,51.19,3.4407,50.46,2023-07-10,2023-08-08,2025-01-31,
LightGBM,US_Treasury_10Y,120,1,0,0.8604,46.7264,65.8398,0.9911,48.97,1.429,45.21,2019-02-13,2019-02-15,2020-08-12,covid_crash
LightGBM,US_Treasury_10Y,120,1,1,0.845,46.2674,61.6371,0.989,46.39,1.3322,42.55,2020-03-26,2020-03-30,2021-09-23,covid_crash
LightGBM,US_Treasury_10Y,120,1,2,0.6409,42.7907,53.8835,0.9838,51.55,1.1627,56.6,2021-05-07,2021-05-11,2022-11-04,rate_hike_cycle_2022
LightGBM,US_Treasury_10Y,120,1,3,0.6355,43.728,56.0074,0.8717,45.62,1.1804,39.6,2022-06-20,2022-06-22,2023-12-18,rate_hike_cycle_2022
LightGBM,US_Treasury_10Y,120,1,4,0.6215,44.6719,58.199,0.9469,49.74,1.2232,43.24,2023-08-01,2023-08-03,2025-01-28,
LightGBM,US_Treasury_10Y,120,5,0,1.5081,81.2111,127.9912,0.9662,47.4,2.4836,43.06,2019-02-13,2019-02-21,2020-08-18,covid_crash
LightGBM,US_Treasury_10Y,120,5,1,1.3058,71.8789,103.0848,0.9686,52.08,2.0772,55.43,2020-03-25,2020-04-02,2021-09-28,covid_crash
LightGBM,US_Treasury_10Y,120,5,2,1.0443,70.2967,93.5378,0.9508,54.17,1.9092,60.38,2021-05-05,2021-05-13,2022-11-08,rate_hike_cycle_2022
LightGBM,US_Treasury_10Y,120,5,3,1.1317,77.9003,102.5256,0.5641,46.88,2.1053,47.47,2022-06-15,2022-06-23,2023-12-19,rate_hike_cycle_2022
LightGBM,US_Treasury_10Y,120,5,4,1.0087,72.6004,93.6203,0.8639,46.61,1.9876,46.36,2023-07-26,2023-08-03,2025-01-28,
LightGBM,US_Treasury_10Y,120,20,0,2.8401,149.9736,253.3627,0.8662,50.66,4.5865,49.3,2019-02-13,2019-03-14,2020-09-08,covid_crash
LightGBM,US_Treasury_10Y,120,20,1,2.6287,146.0941,188.5374,0.8881,45.91,4.2548,46.81,2020-03-20,2020-04-20,2021-10-14,covid_crash
LightGBM,US_Treasury_10Y,120,20,2,2.2117,151.0435,206.2906,0.7409,48.28,4.0964,48.08,2021-04-27,2021-05-26,2022-11-21,rate_hike_cycle_2022
LightGBM,US_Treasury_10Y,120,20,3,2.4638,170.6928,230.256,-1.1661,47.23,4.6249,49.48,2022-06-02,2022-07-01,2023-12-27,rate_hike_cycle_2022
LightGBM,US_Treasury_10Y,120,20,4,1.7405,125.5949,180.516,0.494,47.23,3.4323,49.54,2023-07-10,2023-08-08,2025-01-31,
LightGBM,Coal,20,1,0,0.8878,48.5691,69.1004,0.9901,46.13,1.4853,39.73,2019-02-13,2019-02-15,2020-08-12,covid_crash
LightGBM,Coal,20,1,1,0.8286,45.345,59.5223,0.9897,50.52,1.3057,50.0,2020-03-26,2020-03-30,2021-09-23,covid_crash
LightGBM,Coal,20,1,2,0.6531,43.3153,53.978,0.9838,47.68,1.1769,49.06,2021-05-07,2021-05-11,2022-11-04,rate_hike_cycle_2022
LightGBM,Coal,20,1,3,0.5586,38.4439,49.7171,0.8989,45.36,1.0377,42.57,2022-06-20,2022-06-22,2023-12-18,rate_hike_cycle_2022
LightGBM,Coal,20,1,4,0.5893,42.4017,55.2536,0.9521,53.61,1.161,46.85,2023-08-01,2023-08-03,2025-01-28,
LightGBM,Coal,20,5,0,1.6362,89.5148,134.4175,0.9627,44.01,2.7375,38.89,2019-02-13,2019-02-21,2020-08-18,covid_crash
LightGBM,Coal,20,5,1,1.2693,70.1041,98.3532,0.9714,54.69,2.0259,64.13,2020-03-25,2020-04-02,2021-09-28,covid_crash
LightGBM,Coal,20,5,2,0.9843,65.8988,87.2512,0.9572,52.08,1.7897,53.77,2021-05-05,2021-05-13,2022-11-08,rate_hike_cycle_2022
LightGBM,Coal,20,5,3,0.945,64.9861,85.1289,0.6995,46.88,1.7563,45.45,2022-06-15,2022-06-23,2023-12-19,rate_hike_cycle_2022
LightGBM,Coal,20,5,4,0.9967,71.569,93.5377,0.8641,48.44,1.9593,48.18,2023-07-26,2023-08-03,2025-01-28,
LightGBM,Coal,20,20,0,3.1558,168.258,259.73,0.8594,49.34,5.1456,43.66,2019-02-13,2019-03-14,2020-09-08,covid_crash
LightGBM,Coal,20,20,1,2.9005,160.3299,215.8622,0.8534,49.08,4.6694,48.94,2020-03-20,2020-04-20,2021-10-14,covid_crash
LightGBM,Coal,20,20,2,2.2574,152.8583,206.5113,0.7404,51.72,4.1456,50.96,2021-04-27,2021-05-26,2022-11-21,rate_hike_cycle_2022
LightGBM,Coal,20,20,3,1.6728,115.2946,149.0066,0.0929,49.08,3.1239,48.45,2022-06-02,2022-07-01,2023-12-27,rate_hike_cycle_2022
LightGBM,Coal,20,20,4,1.6969,123.0763,181.7776,0.4869,51.45,3.3635,50.46,2023-07-10,2023-08-08,2025-01-31,
LightGBM,Coal,120,1,0,0.8638,47.1537,65.5887,0.9911,46.65,1.442,42.47,2019-02-13,2019-02-15,2020-08-12,covid_crash
LightGBM,Coal,120,1,1,0.8698,47.6469,62.55,0.9887,45.88,1.372,42.55,2020-03-26,2020-03-30,2021-09-23,covid_crash
LightGBM,Coal,120,1,2,0.6293,41.8556,53.0774,0.9843,52.06,1.1373,53.77,2021-05-07,2021-05-11,2022-11-04,rate_hike_cycle_2022
LightGBM,Coal,120,1,3,0.5626,38.7141,49.5175,0.8997,45.88,1.045,50.5,2022-06-20,2022-06-22,2023-12-18,rate_hike_cycle_2022
LightGBM,Coal,120,1,4,0.5864,42.1574,55.6787,0.9514,51.8,1.1544,48.65,2023-08-01,2023-08-03,2025-01-28,
LightGBM,Coal,120,5,0,1.5449,83.6414,131.4107,0.9644,49.74,2.5579,48.61,2019-02-13,2019-02-21,2020-08-18,covid_crash
LightGBM,Coal,120,5,1,1.3765,76.2825,107.2068,0.966,49.74,2.2044,55.43,2020-03-25,2020-04-02,2021-09-28,covid_crash
LightGBM,Coal,120,5,2,1.0676,71.2857,92.9617,0.9514,52.6,1.936,56.6,2021-05-05,2021-05-13,2022-11-08,rate_hike_cycle_2022
LightGBM,Coal,120,5,3,0.9903,68.1097,90.0499,0.6637,48.96,1.8407,53.54,2022-06-15,2022-06-23,2023-12-19,rate_hike_cycle_2022
LightGBM,Coal,120,5,4,0.9865,70.8623,91.8856,0.8689,50.52,1.94,51.82,2023-07-26,2023-08-03,2025-01-28,
LightGBM,Coal,120,20,0,2.8383,150.7745,244.862,0.8751,53.03,4.611,50.7,2019-02-13,2019-03-14,2020-09-08,covid_crash
LightGBM,Coal,120,20,1,2.9041,160.4183,211.1006,0.8598,44.85,4.672,48.94,2020-03-20,2020-04-20,2021-10-14,covid_crash
LightGBM,Coal,120,20,2,2.1966,149.8841,209.8407,0.7319,50.13,4.0649,50.0,2021-04-27,2021-05-26,2022-11-21,rate_hike_cycle_2022
LightGBM,Coal,120,20,3,2.2137,152.535,188.8061,-0.4564,48.02,4.1329,44.33,2022-06-02,2022-07-01,2023-12-27,rate_hike_cycle_2022
LightGBM,Coal,120,20,4,1.6242,116.7069,159.9892,0.6026,48.02,3.1894,44.95,2023-07-10,2023-08-08,2025-01-31,
LightGBM,Copper,20,1,0,0.8474,46.0605,66.3248,0.9909,53.09,1.4086,42.47,2019-02-13,2019-02-15,2020-08-12,covid_crash
LightGBM,Copper,20,1,1,0.8437,46.246,60.8673,0.9893,51.29,1.3316,45.74,2020-03-26,2020-03-30,2021-09-23,covid_crash
LightGBM,Copper,20,1,2,0.6279,41.6433,53.0585,0.9843,51.29,1.1315,53.77,2021-05-07,2021-05-11,2022-11-04,rate_hike_cycle_2022
LightGBM,Copper,20,1,3,0.4991,34.3354,45.5511,0.9151,54.9,0.9268,50.5,2022-06-20,2022-06-22,2023-12-18,rate_hike_cycle_2022
LightGBM,Copper,20,1,4,0.5862,42.124,55.011,0.9525,52.32,1.1534,54.95,2023-08-01,2023-08-03,2025-01-28,
LightGBM,Copper,20,5,0,1.5132,82.0326,129.2335,0.9656,50.78,2.5087,47.22,2019-02-13,2019-02-21,2020-08-18,covid_crash
LightGBM,Copper,20,5,1,1.2498,69.0188,98.8159,0.9711,55.21,1.9945,57.61,2020-03-25,2020-04-02,2021-09-28,covid_crash
LightGBM,Copper,20,5,2,1.0088,67.4807,91.1998,0.9532,55.47,1.8327,55.66,2021-05-05,2021-05-13,2022-11-08,rate_hike_cycle_2022
LightGBM,Copper,20,5,3,0.929,63.7479,89.2282,0.6698,52.34,1.7228,54.55,2022-06-15,2022-06-23,2023-12-19,rate_hike_cycle_2022
LightGBM,Copper,20,5,4,1.0184,73.0207,95.1265,0.8594,48.18,1.9991,46.36,2023-07-26,2023-08-03,2025-01-28,
LightGBM,Copper,20,20,0,2.5497,134.609,228.1142,0.8916,53.03,4.1166,50.7,2019-02-13,2019-03-14,2020-09-08,covid_crash
LightGBM,Copper,20,20,1,2.6976,149.6217,208.255,0.8635,47.76,4.3575,44.68,2020-03-20,2020-04-20,2021-10-14,covid_crash
LightGBM,Copper,20,20,2,2.2524,150.5321,204.3969,0.7457,52.51,4.0825,50.96,2021-04-27,2021-05-26,2022-11-21,rate_hike_cycle_2022
LightGBM,Copper,20,20,3,1.5111,104.0592,134.9549,0.2559,53.03,2.8195,51.55,2022-06-02,2022-07-01,2023-12-27,rate_hike_cycle_2022
LightGBM,Copper,20,20,4,1.6398,118.3543,172.9629,0.5355,49.6,3.2344,50.46,2023-07-10,2023-08-08,2025-01-31,
LightGBM,Copper,120,1,0,0.8652,47.1614,66.3682,0.9909,49.74,1.4423,50.68,2019-02-13,2019-02-15,2020-08-12,covid_crash
LightGBM,Copper,120,1,1,0.8594,47.0119,62.6058,0.9886,49.48,1.3537,48.94,2020-03-26,2020-03-30,2021-09-23,covid_crash
LightGBM,Copper,120,1,2,0.6251,41.5667,53.0485,0.9843,51.8,1.1294,53.77,2021-05-07,2021-05-11,2022-11-04,rate_hike_cycle_2022
LightGBM,Copper,120,1,3,0.5167,35.5372,46.7997,0.9104,53.87,0.9593,61.39,2022-06-20,2022-06-22,2023-12-18,rate_hike_cycle_2022
LightGBM,Copper,120,1,4,0.5858,42.1857,55.4637,0.9517,52.06,1.1551,50.45,2023-08-01,2023-08-03,2025-01-28,
LightGBM,Copper,120,5,0,1.556,84.1001,131.6229,0.9643,47.14,2.5719,43.06,2019-02-13,2019-02-21,2020-08-18,covid_crash
LightGBM,Copper,120,5,1,1.2796,71.0898,101.058,0.9698,52.86,2.0544,60.87,2020-03-25,2020-04-02,2021-09-28,covid_crash
LightGBM,Copper,120,5,2,1.0483,69.7843,93.3639,0.951,51.82,1.8953,51.89,2021-05-05,2021-05-13,2022-11-08,rate_hike_cycle_2022
LightGBM,Copper,120,5,3,0.9098,62.4643,88.8439,0.6727,51.82,1.6881,47.47,2022-06-15,2022-06-23,2023-12-19,rate_hike_cycle_2022
LightGBM,Copper,120,5,4,0.9346,67.0447,89.5709,0.8754,51.82,1.8355,55.45,2023-07-26,2023-08-03,2025-01-28,
LightGBM,Copper,120,20,0,2.8248,149.8008,247.8855,0.872,51.19,4.5812,47.89,2019-02-13,2019-03-14,2020-09-08,covid_crash
LightGBM,Copper,120,20,1,2.9426,164.1932,217.8142,0.8507,48.55,4.7819,47.87,2020-03-20,2020-04-20,2021-10-14,covid_crash
LightGBM,Copper,120,20,2,2.3278,155.6813,205.5848,0.7427,48.28,4.2222,47.12,2021-04-27,2021-05-26,2022-11-21,rate_hike_cycle_2022
LightGBM,Copper,120,20,3,1.763,121.1873,156.4574,-0.0001,51.19,3.2835,45.36,2022-06-02,2022-07-01,2023-12-27,rate_hike_cycle_2022
LightGBM,Copper,120,20,4,1.7851,129.0364,179.1228,0.5018,49.34,3.5263,47.71,2023-07-10,2023-08-08,2025-01-31,
LightGBM,Nickel,20,1,0,0.8536,46.56,66.1454,0.991,51.8,1.4239,46.58,2019-02-13,2019-02-15,2020-08-12,covid_crash
LightGBM,Nickel,20,1,1,0.8255,45.2143,60.9726,0.9892,50.52,1.3019,44.68,2020-03-26,2020-03-30,2021-09-23,covid_crash
LightGBM,Nickel,20,1,2,0.6206,41.1684,51.9517,0.985,47.16,1.1186,50.94,2021-05-07,2021-05-11,2022-11-04,rate_hike_cycle_2022
LightGBM,Nickel,20,1,3,0.5292,36.41,47.4899,0.9077,49.48,0.9828,53.47,2022-06-20,2022-06-22,2023-12-18,rate_hike_cycle_2022
LightGBM,Nickel,20,1,4,0.5884,42.2728,55.958,0.9509,55.15,1.1575,53.15,2023-08-01,2023-08-03,2025-01-28,
LightGBM,Nickel,20,5,0,1.5033,81.8934,125.3511,0.9676,47.14,2.5045,44.44,2019-02-13,2019-02-21,2020-08-18,covid_crash
LightGBM,Nickel,20,5,1,1.249,69.0715,97.706,0.9718,50.26,1.9961,53.26,2020-03-25,2020-04-02,2021-09-28,covid_crash
LightGBM,Nickel,20,5,2,1.0668,71.0186,91.9004,0.9525,50.78,1.9288,50.94,2021-05-05,2021-05-13,2022-11-08,rate_hike_cycle_2022
LightGBM,Nickel,20,5,3,0.9295,63.8284,83.9964,0.7074,48.44,1.725,47.47,2022-06-15,2022-06-23,2023-12-19,rate_hike_cycle_2022
LightGBM,Nickel,20,5,4,1.0085,72.359,96.5183,0.8553,49.22,1.981,44.55,2023-07-26,2023-08-03,2025-01-28,
LightGBM,Nickel,20,20,0,2.8627,150.8797,248.7292,0.8711,49.87,4.6142,47.89,2019-02-13,2019-03-14,2020-09-08,covid_crash
LightGBM,Nickel,20,20,1,2.6865,149.2293,211.2028,0.8596,49.34,4.3461,44.68,2020-03-20,2020-04-20,2021-10-14,covid_crash
LightGBM,Nickel,20,20,2,2.3362,156.6611,198.9434,0.7591,50.66,4.2487,50.96,2021-04-27,2021-05-26,2022-11-21,rate_hike_cycle_2022
LightGBM,Nickel,20,20,3,1.9025,130.8034,165.4667,-0.1186,50.13,3.5441,49.48,2022-06-02,2022-07-01,2023-12-27,rate_hike_cycle_2022
LightGBM,Nickel,20,20,4,1.6367,118.0788,167.5977,0.5639,51.72,3.2269,48.62,2023-07-10,2023-08-08,2025-01-31,
LightGBM,Nickel,120,1,0,0.8681,47.406,66.213,0.9909,47.68,1.4498,42.47,2019-02-13,2019-02-15,2020-08-12,covid_crash
LightGBM,Nickel,120,1,1,0.8506,46.6042,62.0849,0.9888,48.97,1.3419,47.87,2020-03-26,2020-03-30,2021-09-23,covid_crash
LightGBM,Nickel,120,1,2,0.6193,41.2082,51.772,0.9851,51.55,1.1197,59.43,2021-05-07,2021-05-11,2022-11-04,rate_hike_cycle_2022
LightGBM,Nickel,120,1,3,0.5576,38.3528,48.8417,0.9024,47.42,1.0353,47.52,2022-06-20,2022-06-22,2023-12-18,rate_hike_cycle_2022
LightGBM,Nickel,120,1,4,0.5716,41.0263,54.6602,0.9531,53.09,1.1234,48.65,2023-08-01,2023-08-03,2025-01-28,
LightGBM,Nickel,120,5,0,1.5635,84.7861,131.3277,0.9644,43.23,2.5929,47.22,2019-02-13,2019-02-21,2020-08-18,covid_crash
LightGBM,Nickel,120,5,1,1.3117,72.3343,102.07,0.9692,52.86,2.0903,58.7,2020-03-25,2020-04-02,2021-09-28,covid_crash
LightGBM,Nickel,120,5,2,1.0374,69.3631,93.169,0.9512,53.12,1.8838,61.32,2021-05-05,2021-05-13,2022-11-08,rate_hike_cycle_2022
LightGBM,Nickel,120,5,3,0.9894,67.9549,93.7341,0.6356,47.14,1.8365,45.45,2022-06-15,2022-06-23,2023-12-19,rate_hike_cycle_2022
LightGBM,Nickel,120,5,4,0.9208,66.0249,88.2798,0.8789,48.7,1.8076,52.73,2023-07-26,2023-08-03,2025-01-28,
LightGBM,Nickel,120,20,0,2.6891,143.308,236.606,0.8834,50.92,4.3826,50.7,2019-02-13,2019-03-14,2020-09-08,covid_crash
LightGBM,Nickel,120,20,1,2.7459,152.6224,201.9136,0.8717,48.81,4.4449,44.68,2020-03-20,2020-04-20,2021-10-14,covid_crash
LightGBM,Nickel,120,20,2,2.0325,138.0683,188.8287,0.7829,51.72,3.7445,54.81,2021-04-27,2021-05-26,2022-11-21,rate_hike_cycle_2022
LightGBM,Nickel,120,20,3,2.1731,149.2802,185.7474,-0.4096,49.08,4.0447,46.39,2022-06-02,2022-07-01,2023-12-27,rate_hike_cycle_2022
LightGBM,Nickel,120,20,4,1.5503,111.7601,158.5016,0.6099,51.72,3.0542,54.13,2023-07-10,2023-08-08,2025-01-31,
LightGBM,Silver,20,1,0,0.8634,47.1248,66.4051,0.9909,50.26,1.4412,50.68,2019-02-13,2019-02-15,2020-08-12,covid_crash
LightGBM,Silver,20,1,1,0.8444,46.1727,62.1208,0.9888,52.06,1.3295,55.32,2020-03-26,2020-03-30,2021-09-23,covid_crash
LightGBM,Silver,20,1,2,0.6335,42.0812,53.728,0.9839,50.77,1.1434,53.77,2021-05-07,2021-05-11,2022-11-04,rate_hike_cycle_2022
LightGBM,Silver,20,1,3,0.5146,35.4236,46.5128,0.9115,52.32,0.9562,54.46,2022-06-20,2022-06-22,2023-12-18,rate_hike_cycle_2022
LightGBM,Silver,20,1,4,0.5867,42.1568,56.2105,0.9504,55.67,1.1543,52.25,2023-08-01,2023-08-03,2025-01-28,
LightGBM,Silver,20,5,0,1.5426,83.5281,132.8534,0.9636,52.34,2.5544,48.61,2019-02-13,2019-02-21,2020-08-18,covid_crash
LightGBM,Silver,20,5,1,1.3057,72.0195,101.9387,0.9693,53.12,2.0813,58.7,2020-03-25,2020-04-02,2021-09-28,covid_crash
LightGBM,Silver,20,5,2,0.9968,66.493,90.3081,0.9541,53.39,1.8059,54.72,2021-05-05,2021-05-13,2022-11-08,rate_hike_cycle_2022
LightGBM,Silver,20,5,3,0.8823,60.6114,83.3561,0.7118,52.86,1.6381,56.57,2022-06-15,2022-06-23,2023-12-19,rate_hike_cycle_2022
LightGBM,Silver,20,5,4,0.9462,67.7202,90.1499,0.8738,50.26,1.854,46.36,2023-07-26,2023-08-03,2025-01-28,
LightGBM,Silver,20,20,0,2.8078,148.6067,245.8069,0.8741,49.6,4.5447,49.3,2019-02-13,2019-03-14,2020-09-08,covid_crash
LightGBM,Silver,20,20,1,2.7731,154.3743,212.5194,0.8579,47.49,4.4959,47.87,2020-03-20,2020-04-20,2021-10-14,covid_crash
LightGBM,Silver,20,20,2,2.3678,159.6265,216.7869,0.7139,48.55,4.3292,47.12,2021-04-27,2021-05-26,2022-11-21,rate_hike_cycle_2022
LightGBM,Silver,20,20,3,1.5621,107.5496,138.9054,0.2117,52.24,2.914,50.52,2022-06-02,2022-07-01,2023-12-27,rate_hike_cycle_2022
LightGBM,Silver,20,20,4,1.7706,127.7477,176.6808,0.5153,53.3,3.4911,50.46,2023-07-10,2023-08-08,2025-01-31,
LightGBM,Silver,120,1,0,0.857,46.8278,65.9267,0.991,52.32,1.4321,49.32,2019-02-13,2019-02-15,2020-08-12,covid_crash
LightGBM,Silver,120,1,1,0.8444,46.368,62.3372,0.9887,53.09,1.3351,51.06,2020-03-26,2020-03-30,2021-09-23,covid_crash
LightGBM,Silver,120,1,2,0.6188,41.1857,52.5782,0.9846,48.71,1.119,56.6,2021-05-07,2021-05-11,2022-11-04,rate_hike_cycle_2022
LightGBM,Silver,120,1,3,0.5345,36.7835,47.1367,0.9091,49.23,0.9929,54.46,2022-06-20,2022-06-22,2023-12-18,rate_hike_cycle_2022
LightGBM,Silver,120,1,4,0.5675,40.8562,54.2861,0.9538,55.67,1.1187,54.95,2023-08-01,2023-08-03,2025-01-28,
LightGBM,Silver,120,5,0,1.5384,83.2626,130.1272,0.9651,50.0,2.5463,44.44,2019-02-13,2019-02-21,2020-08-18,covid_crash
LightGBM,Silver,120,5,1,1.2672,70.1534,102.5883,0.9689,54.69,2.0273,59.78,2020-03-25,2020-04-02,2021-09-28,covid_crash
LightGBM,Silver,120,5,2,0.9844,65.7008,89.5107,0.9549,53.12,1.7844,56.6,2021-05-05,2021-05-13,2022-11-08,rate_hike_cycle_2022
LightGBM,Silver,120,5,3,0.9587,65.8391,88.0176,0.6787,49.22,1.7793,41.41,2022-06-15,2022-06-23,2023-12-19,rate_hike_cycle_2022
LightGBM,Silver,120,5,4,0.8619,61.858,84.3215,0.8896,54.17,1.6935,59.09,2023-07-26,2023-08-03,2025-01-28,
LightGBM,Silver,120,20,0,3.0033,161.6101,254.9602,0.8646,49.6,4.9423,49.3,2019-02-13,2019-03-14,2020-09-08,covid_crash
LightGBM,Silver,120,20,1,2.586,143.4476,182.0574,0.8957,48.55,4.1777,46.81,2020-03-20,2020-04-20,2021-10-14,covid_crash
LightGBM,Silver,120,20,2,1.9706,132.9812,176.9422,0.8094,51.45,3.6065,53.85,2021-04-27,2021-05-26,2022-11-21,rate_hike_cycle_2022
LightGBM,Silver,120,20,3,1.6046,109.893,137.1262,0.2318,54.35,2.9775,54.64,2022-06-02,2022-07-01,2023-12-27,rate_hike_cycle_2022
LightGBM,Silver,120,20,4,1.5972,115.1797,165.4748,0.5748,49.87,3.1477,52.29,2023-07-10,2023-08-08,2025-01-31,
LightGBM,Tin,20,1,0,0.8736,47.7694,66.5247,0.9909,47.94,1.4609,45.21,2019-02-13,2019-02-15,2020-08-12,covid_crash
LightGBM,Tin,20,1,1,0.8308,45.492,61.6818,0.989,52.84,1.3099,51.06,2020-03-26,2020-03-30,2021-09-23,covid_crash
LightGBM,Tin,20,1,2,0.6697,44.598,55.7359,0.9827,45.62,1.2118,48.11,2021-05-07,2021-05-11,2022-11-04,rate_hike_cycle_2022
LightGBM,Tin,20,1,3,0.5695,39.1939,51.4007,0.8919,47.68,1.058,39.6,2022-06-20,2022-06-22,2023-12-18,rate_hike_cycle_2022
LightGBM,Tin,20,1,4,0.5809,41.7018,55.0981,0.9524,52.58,1.1419,56.76,2023-08-01,2023-08-03,2025-01-28,
LightGBM,Tin,20,5,0,1.5155,82.3278,126.5399,0.967,48.96,2.5177,48.61,2019-02-13,2019-02-21,2020-08-18,covid_crash
LightGBM,Tin,20,5,1,1.2643,69.671,96.8711,0.9722,51.82,2.0134,55.43,2020-03-25,2020-04-02,2021-09-28,covid_crash
LightGBM,Tin,20,5,2,1.0191,67.9515,87.2447,0.9572,53.65,1.8455,58.49,2021-05-05,2021-05-13,2022-11-08,rate_hike_cycle_2022
LightGBM,Tin,20,5,3,1.0488,71.9659,95.8087,0.6193,49.22,1.9449,50.51,2022-06-15,2022-06-23,2023-12-19,rate_hike_cycle_2022
LightGBM,Tin,20,5,4,1.0101,72.6561,93.219,0.865,45.83,1.9891,50.91,2023-07-26,2023-08-03,2025-01-28,
LightGBM,Tin,20,20,0,3.045,161.2978,253.9592,0.8656,50.4,4.9328,50.7,2019-02-13,2019-03-14,2020-09-08,covid_crash
LightGBM,Tin,20,20,1,2.4792,136.5097,189.3064,0.8872,52.77,3.9757,54.26,2020-03-20,2020-04-20,2021-10-14,covid_crash
LightGBM,Tin,20,20,2,2.6005,176.0088,236.2582,0.6602,47.76,4.7735,48.08,2021-04-27,2021-05-26,2022-11-21,rate_hike_cycle_2022
LightGBM,Tin,20,20,3,1.759,121.3057,153.4874,0.0375,47.76,3.2867,46.39,2022-06-02,2022-07-01,2023-12-27,rate_hike_cycle_2022
LightGBM,Tin,20,20,4,1.7304,125.6637,189.3698,0.4432,50.66,3.4342,48.62,2023-07-10,2023-08-08,2025-01-31,
LightGBM,Tin,120,1,0,0.8513,46.4172,65.0749,0.9913,50.26,1.4195,52.05,2019-02-13,2019-02-15,2020-08-12,covid_crash
LightGBM,Tin,120,1,1,0.8481,46.5054,62.3752,0.9887,50.26,1.3391,44.68,2020-03-26,2020-03-30,2021-09-23,covid_crash
LightGBM,Tin,120,1,2,0.6448,42.93,54.2531,0.9836,48.71,1.1664,50.0,2021-05-07,2021-05-11,2022-11-04,rate_hike_cycle_2022
LightGBM,Tin,120,1,3,0.5598,38.551,50.9734,0.8937,48.97,1.0406,45.54,2022-06-20,2022-06-22,2023-12-18,rate_hike_cycle_2022
LightGBM,Tin,120,1,4,0.5931,42.6397,57.1107,0.9488,50.52,1.1676,48.65,2023-08-01,2023-08-03,2025-01-28,
LightGBM,Tin,120,5,0,1.5688,84.9457,130.6749,0.9648,47.66,2.5978,38.89,2019-02-13,2019-02-21,2020-08-18,covid_crash
LightGBM,Tin,120,5,1,1.2673,70.1708,97.0002,0.9722,50.52,2.0278,54.35,2020-03-25,2020-04-02,2021-09-28,covid_crash
LightGBM,Tin,120,5,2,0.9734,64.7106,88.431,0.956,51.56,1.7575,56.6,2021-05-05,2021-05-13,2022-11-08,rate_hike_cycle_2022
LightGBM,Tin,120,5,3,0.9738,67.0006,92.8237,0.6427,50.52,1.8107,50.51,2022-06-15,2022-06-23,2023-12-19,rate_hike_cycle_2022
LightGBM,Tin,120,5,4,0.9483,68.1707,91.038,0.8713,51.56,1.8663,57.27,2023-07-26,2023-08-03,2025-01-28,
LightGBM,Tin,120,20,0,2.9307,157.8721,248.4057,0.8714,51.45,4.828,46.48,2019-02-13,2019-03-14,2020-09-08,covid_crash
LightGBM,Tin,120,20,1,2.4732,137.3961,185.1135,0.8922,49.08,4.0015,50.0,2020-03-20,2020-04-20,2021-10-14,covid_crash
LightGBM,Tin,120,20,2,2.2541,153.4923,210.1284,0.7312,51.45,4.1628,46.15,2021-04-27,2021-05-26,2022-11-21,rate_hike_cycle_2022
LightGBM,Tin,120,20,3,1.8641,128.3571,159.7883,-0.0431,49.87,3.4778,47.42,2022-06-02,2022-07-01,2023-12-27,rate_hike_cycle_2022
LightGBM,Tin,120,20,4,1.8159,131.2604,176.9864,0.5136,48.81,3.5871,50.46,2023-07-10,2023-08-08,2025-01-31,
LightGBM,Gold,20,1,0,0.8747,47.6988,66.83,0.9908,49.48,1.4587,46.58,2019-02-13,2019-02-15,2020-08-12,covid_crash
LightGBM,Gold,20,1,1,0.8699,47.6967,62.6612,0.9886,49.48,1.3734,42.55,2020-03-26,2020-03-30,2021-09-23,covid_crash
LightGBM,Gold,20,1,2,0.6204,41.1642,52.8923,0.9844,50.26,1.1185,54.72,2021-05-07,2021-05-11,2022-11-04,rate_hike_cycle_2022
LightGBM,Gold,20,1,3,0.5134,35.3335,46.447,0.9118,50.0,0.9538,54.46,2022-06-20,2022-06-22,2023-12-18,rate_hike_cycle_2022
LightGBM,Gold,20,1,4,0.595,42.7741,56.2227,0.9504,49.48,1.1712,48.65,2023-08-01,2023-08-03,2025-01-28,
LightGBM,Gold,20,5,0,1.5943,86.2455,131.0494,0.9646,46.61,2.6376,43.06,2019-02-13,2019-02-21,2020-08-18,covid_crash
LightGBM,Gold,20,5,1,1.3466,74.2765,107.3382,0.9659,51.3,2.1465,56.52,2020-03-25,2020-04-02,2021-09-28,covid_crash
LightGBM,Gold,20,5,2,1.0229,68.3832,92.7586,0.9516,52.34,1.8572,54.72,2021-05-05,2021-05-13,2022-11-08,rate_hike_cycle_2022
LightGBM,Gold,20,5,3,0.8928,61.3071,82.856,0.7153,50.0,1.6569,55.56,2022-06-15,2022-06-23,2023-12-19,rate_hike_cycle_2022
LightGBM,Gold,20,5,4,0.9436,67.694,90.278,0.8734,49.74,1.8533,60.0,2023-07-26,2023-08-03,2025-01-28,
LightGBM,Gold,20,20,0,2.9237,154.2126,253.8454,0.8657,51.45,4.7161,49.3,2019-02-13,2019-03-14,2020-09-08,covid_crash
LightGBM,Gold,20,20,1,2.5193,140.0943,197.0173,0.8778,50.66,4.08,46.81,2020-03-20,2020-04-20,2021-10-14,covid_crash
LightGBM,Gold,20,20,2,2.4249,163.0191,211.8904,0.7267,47.76,4.4212,47.12,2021-04-27,2021-05-26,2022-11-21,rate_hike_cycle_2022
LightGBM,Gold,20,20,3,1.5637,107.7907,142.7421,0.1676,52.51,2.9206,50.52,2022-06-02,2022-07-01,2023-12-27,rate_hike_cycle_2022
LightGBM,Gold,20,20,4,1.7357,125.4466,182.1066,0.4851,50.66,3.4282,55.05,2023-07-10,2023-08-08,2025-01-31,
LightGBM,Gold,120,1,0,0.8626,47.0471,65.8368,0.9911,50.52,1.4388,49.32,2019-02-13,2019-02-15,2020-08-12,covid_crash
LightGBM,Gold,120,1,1,0.8489,46.5223,62.4265,0.9887,53.35,1.3396,53.19,2020-03-26,2020-03-30,2021-09-23,covid_crash
LightGBM,Gold,120,1,2,0.6074,40.3356,51.251,0.9854,47.94,1.096,55.66,2021-05-07,2021-05-11,2022-11-04,rate_hike_cycle_2022
LightGBM,Gold,120,1,3,0.5322,36.5915,47.4477,0.9079,51.55,0.9877,45.54,2022-06-20,2022-06-22,2023-12-18,rate_hike_cycle_2022
LightGBM,Gold,120,1,4,0.5662,40.7276,54.9786,0.9526,51.55,1.1152,50.45,2023-08-01,2023-08-03,2025-01-28,
LightGBM,Gold,120,5,0,1.5722,85.13,131.0233,0.9646,47.14,2.6034,50.0,2019-02-13,2019-02-21,2020-08-18,covid_crash
LightGBM,Gold,120,5,1,1.4031,77.1223,108.5007,0.9652,53.12,2.2287,64.13,2020-03-25,2020-04-02,2021-09-28,covid_crash
LightGBM,Gold,120,5,2,0.9555,63.7247,84.5051,0.9598,53.39,1.7307,62.26,2021-05-05,2021-05-13,2022-11-08,rate_hike_cycle_2022
LightGBM,Gold,120,5,3,0.974,66.8723,91.3679,0.6538,49.74,1.8073,46.46,2022-06-15,2022-06-23,2023-12-19,rate_hike_cycle_2022
LightGBM,Gold,120,5,4,0.9131,65.6006,86.4838,0.8838,51.56,1.7959,58.18,2023-07-26,2023-08-03,2025-01-28,
LightGBM,Gold,120,20,0,2.8764,152.9449,240.2882,0.8797,48.55,4.6773,49.3,2019-02-13,2019-03-14,2020-09-08,covid_crash
LightGBM,Gold,120,20,1,2.6759,148.8192,205.2159,0.8675,47.76,4.3341,48.94,2020-03-20,2020-04-20,2021-10-14,covid_crash
LightGBM,Gold,120,20,2,2.3308,157.9021,205.0478,0.7441,49.08,4.2824,46.15,2021-04-27,2021-05-26,2022-11-21,rate_hike_cycle_2022
LightGBM,Gold,120,20,3,1.6624,114.1819,148.0976,0.1039,49.6,3.0937,49.48,2022-06-02,2022-07-01,2023-12-27,rate_hike_cycle_2022
LightGBM,Gold,120,20,4,1.7193,124.3839,175.4997,0.5218,49.08,3.3992,49.54,2023-07-10,2023-08-08,2025-01-31,
LightGBM,WTI,20,1,0,0.8529,46.3989,66.7312,0.9908,53.61,1.419,38.36,2019-02-13,2019-02-15,2020-08-12,covid_crash
LightGBM,WTI,20,1,1,0.8376,45.8751,60.5652,0.9894,50.77,1.3209,52.13,2020-03-26,2020-03-30,2021-09-23,covid_crash
LightGBM,WTI,20,1,2,0.6369,42.3644,53.6406,0.984,52.58,1.1511,53.77,2021-05-07,2021-05-11,2022-11-04,rate_hike_cycle_2022
LightGBM,WTI,20,1,3,0.5235,36.0333,47.2367,0.9087,51.03,0.9726,50.5,2022-06-20,2022-06-22,2023-12-18,rate_hike_cycle_2022
LightGBM,WTI,20,1,4,0.5854,42.1308,55.8272,0.9511,56.7,1.1536,58.56,2023-08-01,2023-08-03,2025-01-28,
LightGBM,WTI,20,5,0,1.5714,85.2386,131.8657,0.9641,48.18,2.6068,43.06,2019-02-13,2019-02-21,2020-08-18,covid_crash
LightGBM,WTI,20,5,1,1.2799,70.6548,97.3228,0.972,52.6,2.0418,53.26,2020-03-25,2020-04-02,2021-09-28,covid_crash
LightGBM,WTI,20,5,2,0.9912,66.1529,87.3887,0.9571,52.86,1.7966,48.11,2021-05-05,2021-05-13,2022-11-08,rate_hike_cycle_2022
LightGBM,WTI,20,5,3,0.918,63.0294,85.4629,0.6971,52.34,1.7034,49.49,2022-06-15,2022-06-23,2023-12-19,rate_hike_cycle_2022
LightGBM,WTI,20,5,4,0.9744,69.9629,92.5796,0.8669,48.96,1.9154,45.45,2023-07-26,2023-08-03,2025-01-28,
LightGBM,WTI,20,20,0,2.9519,155.9862,251.3119,0.8684,48.55,4.7704,53.52,2019-02-13,2019-03-14,2020-09-08,covid_crash
LightGBM,WTI,20,20,1,2.7049,150.2028,201.5496,0.8722,47.76,4.3744,45.74,2020-03-20,2020-04-20,2021-10-14,covid_crash
LightGBM,WTI,20,20,2,2.238,149.9144,212.7608,0.7244,51.98,4.0658,50.96,2021-04-27,2021-05-26,2022-11-21,rate_hike_cycle_2022
LightGBM,WTI,20,20,3,1.7123,118.193,144.2518,0.1499,50.13,3.2024,48.45,2022-06-02,2022-07-01,2023-12-27,rate_hike_cycle_2022
LightGBM,WTI,20,20,4,1.7928,129.8856,194.9507,0.4099,50.66,3.5495,49.54,2023-07-10,2023-08-08,2025-01-31,
LightGBM,WTI,120,1,0,0.8653,47.2074,66.1207,0.991,48.71,1.4437,46.58,2019-02-13,2019-02-15,2020-08-12,covid_crash
LightGBM,WTI,120,1,1,0.8471,46.2809,61.1913,0.9892,50.26,1.3326,51.06,2020-03-26,2020-03-30,2021-09-23,covid_crash
LightGBM,WTI,120,1,2,0.6192,41.2769,52.9771,0.9844,52.84,1.1215,52.83,2021-05-07,2021-05-11,2022-11-04,rate_hike_cycle_2022
LightGBM,WTI,120,1,3,0.5241,36.0741,47.0946,0.9093,50.26,0.9737,47.52,2022-06-20,2022-06-22,2023-12-18,rate_hike_cycle_2022
LightGBM,WTI,120,1,4,0.5709,41.0661,54.2008,0.9539,53.61,1.1245,49.55,2023-08-01,2023-08-03,2025-01-28,
LightGBM,WTI,120,5,0,1.5713,84.91,129.4727,0.9654,48.7,2.5967,44.44,2019-02-13,2019-02-21,2020-08-18,covid_crash
LightGBM,WTI,120,5,1,1.34,74.0196,101.9019,0.9693,53.65,2.1391,53.26,2020-03-25,2020-04-02,2021-09-28,covid_crash
LightGBM,WTI,120,5,2,0.9602,64.2278,85.059,0.9593,52.34,1.7444,56.6,2021-05-05,2021-05-13,2022-11-08,rate_hike_cycle_2022
LightGBM,WTI,120,5,3,0.9022,61.9947,85.6767,0.6956,54.17,1.6754,55.56,2022-06-15,2022-06-23,2023-12-19,rate_hike_cycle_2022
LightGBM,WTI,120,5,4,0.9345,67.1454,88.8329,0.8774,49.74,1.8382,51.82,2023-07-26,2023-08-03,2025-01-28,
LightGBM,WTI,120,20,0,2.9136,154.1381,246.2285,0.8737,48.81,4.7138,50.7,2019-02-13,2019-03-14,2020-09-08,covid_crash
LightGBM,WTI,120,20,1,2.8085,155.3176,200.1067,0.874,48.55,4.5234,46.81,2020-03-20,2020-04-20,2021-10-14,covid_crash
LightGBM,WTI,120,20,2,1.7265,115.7136,156.2293,0.8514,53.3,3.1382,50.96,2021-04-27,2021-05-26,2022-11-21,rate_hike_cycle_2022
LightGBM,WTI,120,20,3,1.4856,101.9787,139.9898,0.1993,54.62,2.7631,50.52,2022-06-02,2022-07-01,2023-12-27,rate_hike_cycle_2022
LightGBM,WTI,120,20,4,1.653,119.5791,176.4337,0.5167,49.87,3.2679,52.29,2023-07-10,2023-08-08,2025-01-31,
LightGBM,STI,20,1,0,0.867,47.3963,67.9345,0.9905,53.09,1.4495,52.05,2019-02-13,2019-02-15,2020-08-12,covid_crash
LightGBM,STI,20,1,1,0.8325,45.3482,61.3354,0.9891,50.52,1.3058,42.55,2020-03-26,2020-03-30,2021-09-23,covid_crash
LightGBM,STI,20,1,2,0.6449,42.7702,54.511,0.9834,48.97,1.1621,47.17,2021-05-07,2021-05-11,2022-11-04,rate_hike_cycle_2022
LightGBM,STI,20,1,3,0.5102,35.1041,46.4963,0.9116,54.9,0.9476,50.5,2022-06-20,2022-06-22,2023-12-18,rate_hike_cycle_2022
LightGBM,STI,20,1,4,0.5895,42.36,55.4638,0.9517,55.67,1.1599,55.86,2023-08-01,2023-08-03,2025-01-28,
LightGBM,STI,20,5,0,1.5859,86.4066,132.9047,0.9636,49.48,2.6425,50.0,2019-02-13,2019-02-21,2020-08-18,covid_crash
LightGBM,STI,20,5,1,1.2705,69.3633,97.881,0.9717,53.91,2.0045,55.43,2020-03-25,2020-04-02,2021-09-28,covid_crash
LightGBM,STI,20,5,2,1.0462,69.9966,92.0037,0.9524,51.82,1.901,51.89,2021-05-05,2021-05-13,2022-11-08,rate_hike_cycle_2022
LightGBM,STI,20,5,3,0.9283,63.7139,86.1311,0.6923,48.18,1.7219,46.46,2022-06-15,2022-06-23,2023-12-19,rate_hike_cycle_2022
LightGBM,STI,20,5,4,0.9984,71.5812,92.9647,0.8658,48.7,1.9597,50.0,2023-07-26,2023-08-03,2025-01-28,
LightGBM,STI,20,20,0,2.9804,156.6627,260.2635,0.8589,48.02,4.791,50.7,2019-02-13,2019-03-14,2020-09-08,covid_crash
LightGBM,STI,20,20,1,2.5442,139.3649,185.6537,0.8915,50.92,4.0588,51.06,2020-03-20,2020-04-20,2021-10-14,covid_crash
LightGBM,STI,20,20,2,2.3815,160.4991,213.1093,0.7235,48.55,4.3528,50.96,2021-04-27,2021-05-26,2022-11-21,rate_hike_cycle_2022
LightGBM,STI,20,20,3,1.6204,111.3922,138.9869,0.2108,49.34,3.0181,50.52,2022-06-02,2022-07-01,2023-12-27,rate_hike_cycle_2022
LightGBM,STI,20,20,4,1.5642,113.4064,166.9086,0.5674,51.45,3.0992,50.46,2023-07-10,2023-08-08,2025-01-31,
LightGBM,STI,120,1,0,0.8705,47.5174,66.7126,0.9908,50.52,1.4532,45.21,2019-02-13,2019-02-15,2020-08-12,covid_crash
LightGBM,STI,120,1,1,0.8529,46.6029,63.069,0.9885,49.48,1.3419,45.74,2020-03-26,2020-03-30,2021-09-23,covid_crash
LightGBM,STI,120,1,2,0.6278,41.6639,52.76,0.9845,49.48,1.132,50.94,2021-05-07,2021-05-11,2022-11-04,rate_hike_cycle_2022
LightGBM,STI,120,1,3,0.5092,35.0317,46.083,0.9131,54.38,0.9456,50.5,2022-06-20,2022-06-22,2023-12-18,rate_hike_cycle_2022
LightGBM,STI,120,1,4,0.576,41.4372,54.9452,0.9526,51.03,1.1346,38.74,2023-08-01,2023-08-03,2025-01-28,
LightGBM,STI,120,5,0,1.5889,85.7998,133.7761,0.9631,46.61,2.6239,47.22,2019-02-13,2019-02-21,2020-08-18,covid_crash
LightGBM,STI,120,5,1,1.3428,73.7586,105.8767,0.9668,52.86,2.1315,54.35,2020-03-25,2020-04-02,2021-09-28,covid_crash
LightGBM,STI,120,5,2,1.0483,69.7973,91.2791,0.9531,50.0,1.8956,50.94,2021-05-05,2021-05-13,2022-11-08,rate_hike_cycle_2022
LightGBM,STI,120,5,3,0.823,56.4449,78.999,0.7412,51.3,1.5255,47.47,2022-06-15,2022-06-23,2023-12-19,rate_hike_cycle_2022
LightGBM,STI,120,5,4,0.9176,65.964,87.1565,0.882,51.04,1.8059,53.64,2023-07-26,2023-08-03,2025-01-28,
LightGBM,STI,120,20,0,3.003,159.5873,245.8699,0.874,49.6,4.8805,50.7,2019-02-13,2019-03-14,2020-09-08,covid_crash
LightGBM,STI,120,20,1,2.6819,148.9107,202.7018,0.8707,49.08,4.3368,50.0,2020-03-20,2020-04-20,2021-10-14,covid_crash
LightGBM,STI,120,20,2,2.14,144.2665,190.0006,0.7802,50.92,3.9126,52.88,2021-04-27,2021-05-26,2022-11-21,rate_hike_cycle_2022
LightGBM,STI,120,20,3,1.6623,113.9724,142.7495,0.1675,52.24,3.0881,50.52,2022-06-02,2022-07-01,2023-12-27,rate_hike_cycle_2022
LightGBM,STI,120,20,4,1.6929,122.9495,185.7135,0.4645,49.08,3.36,49.54,2023-07-10,2023-08-08,2025-01-31,
LightGBM,Screening1,20,1,0,0.8348,45.6689,65.6989,0.9911,54.38,1.3966,47.95,2019-02-13,2019-02-15,2020-08-12,covid_crash
LightGBM,Screening1,20,1,1,0.8326,45.6496,61.0542,0.9892,53.09,1.3145,52.13,2020-03-26,2020-03-30,2021-09-23,covid_crash
LightGBM,Screening1,20,1,2,0.6375,42.3775,53.9609,0.9838,53.87,1.1514,54.72,2021-05-07,2021-05-11,2022-11-04,rate_hike_cycle_2022
LightGBM,Screening1,20,1,3,0.5219,35.9314,46.2764,0.9124,53.35,0.9699,65.35,2022-06-20,2022-06-22,2023-12-18,rate_hike_cycle_2022
LightGBM,Screening1,20,1,4,0.5686,40.9153,54.0388,0.9542,53.87,1.1203,56.76,2023-08-01,2023-08-03,2025-01-28,
LightGBM,Screening1,20,5,0,1.5791,85.3139,134.7528,0.9625,49.74,2.6091,47.22,2019-02-13,2019-02-21,2020-08-18,covid_crash
LightGBM,Screening1,20,5,1,1.3046,71.9007,100.9985,0.9698,51.56,2.0778,52.17,2020-03-25,2020-04-02,2021-09-28,covid_crash
LightGBM,Screening1,20,5,2,1.087,72.6754,94.2684,0.95,52.08,1.9738,54.72,2021-05-05,2021-05-13,2022-11-08,rate_hike_cycle_2022
LightGBM,Screening1,20,5,3,0.9442,64.9384,85.1371,0.6994,51.04,1.755,59.6,2022-06-15,2022-06-23,2023-12-19,rate_hike_cycle_2022
LightGBM,Screening1,20,5,4,0.9713,69.7388,92.9065,0.8659,51.04,1.9092,50.91,2023-07-26,2023-08-03,2025-01-28,
LightGBM,Screening1,20,20,0,2.8911,150.4696,257.1286,0.8622,50.66,4.6016,54.93,2019-02-13,2019-03-14,2020-09-08,covid_crash
LightGBM,Screening1,20,20,1,2.6503,146.6213,199.7557,0.8744,48.55,4.2701,48.94,2020-03-20,2020-04-20,2021-10-14,covid_crash
LightGBM,Screening1,20,20,2,2.4686,167.9554,226.0552,0.6889,46.7,4.555,41.35,2021-04-27,2021-05-26,2022-11-21,rate_hike_cycle_2022
LightGBM,Screening1,20,20,3,1.6891,116.4242,148.311,0.1013,51.45,3.1545,52.58,2022-06-02,2022-07-01,2023-12-27,rate_hike_cycle_2022
LightGBM,Screening1,20,20,4,1.996,144.7868,216.3205,0.2734,50.92,3.9568,48.62,2023-07-10,2023-08-08,2025-01-31,
LightGBM,Screening1,120,1,0,0.8475,46.3054,65.1494,0.9912,47.94,1.4161,50.68,2019-02-13,2019-02-15,2020-08-12,covid_crash
LightGBM,Screening1,120,1,1,0.8223,45.004,60.498,0.9894,53.35,1.2959,51.06,2020-03-26,2020-03-30,2021-09-23,covid_crash
LightGBM,Screening1,120,1,2,0.6502,43.2066,54.1697,0.9837,48.45,1.174,51.89,2021-05-07,2021-05-11,2022-11-04,rate_hike_cycle_2022
LightGBM,Screening1,120,1,3,0.5287,36.4099,46.4106,0.9119,50.0,0.9828,56.44,2022-06-20,2022-06-22,2023-12-18,rate_hike_cycle_2022
LightGBM,Screening1,120,1,4,0.5761,41.4071,56.2374,0.9504,51.29,1.1338,45.05,2023-08-01,2023-08-03,2025-01-28,
LightGBM,Screening1,120,5,0,1.4821,80.1832,127.2208,0.9666,50.52,2.4522,54.17,2019-02-13,2019-02-21,2020-08-18,covid_crash
LightGBM,Screening1,120,5,1,1.3294,73.2149,104.2142,0.9679,53.91,2.1158,63.04,2020-03-25,2020-04-02,2021-09-28,covid_crash
LightGBM,Screening1,120,5,2,1.0604,70.5833,91.6508,0.9528,52.34,1.917,53.77,2021-05-05,2021-05-13,2022-11-08,rate_hike_cycle_2022
LightGBM,Screening1,120,5,3,0.9543,65.6323,86.6939,0.6883,47.92,1.7737,47.47,2022-06-15,2022-06-23,2023-12-19,rate_hike_cycle_2022
LightGBM,Screening1,120,5,4,0.8903,64.0269,85.0578,0.8876,48.7,1.7529,55.45,2023-07-26,2023-08-03,2025-01-28,
LightGBM,Screening1,120,20,0,3.1291,165.0479,263.7001,0.8551,51.72,5.0475,46.48,2019-02-13,2019-03-14,2020-09-08,covid_crash
LightGBM,Screening1,120,20,1,2.9927,166.8841,215.4578,0.8539,46.44,4.8603,47.87,2020-03-20,2020-04-20,2021-10-14,covid_crash
LightGBM,Screening1,120,20,2,2.0986,141.9004,178.5579,0.8059,48.55,3.8484,48.08,2021-04-27,2021-05-26,2022-11-21,rate_hike_cycle_2022
LightGBM,Screening1,120,20,3,1.9798,136.6083,178.5716,-0.3028,52.77,3.7014,54.64,2022-06-02,2022-07-01,2023-12-27,rate_hike_cycle_2022
LightGBM,Screening1,120,20,4,1.6572,119.9703,169.5644,0.5536,49.6,3.2786,54.13,2023-07-10,2023-08-08,2025-01-31,
LightGBM,Screening2,20,1,0,0.8394,45.7637,65.8336,0.9911,52.32,1.3995,52.05,2019-02-13,2019-02-15,2020-08-12,covid_crash
LightGBM,Screening2,20,1,1,0.8159,44.5765,59.5445,0.9897,53.35,1.2836,54.26,2020-03-26,2020-03-30,2021-09-23,covid_crash
LightGBM,Screening2,20,1,2,0.655,43.5532,55.0312,0.9831,48.45,1.1834,50.0,2021-05-07,2021-05-11,2022-11-04,rate_hike_cycle_2022
LightGBM,Screening2,20,1,3,0.5301,36.4732,47.1057,0.9092,52.58,0.9845,56.44,2022-06-20,2022-06-22,2023-12-18,rate_hike_cycle_2022
LightGBM,Screening2,20,1,4,0.5789,41.6179,54.6052,0.9532,54.9,1.1396,52.25,2023-08-01,2023-08-03,2025-01-28,
LightGBM,Screening2,20,5,0,1.5376,83.4636,128.7623,0.9658,50.52,2.5525,48.61,2019-02-13,2019-02-21,2020-08-18,covid_crash
LightGBM,Screening2,20,5,1,1.2941,71.1868,99.3515,0.9708,51.04,2.0572,52.17,2020-03-25,2020-04-02,2021-09-28,covid_crash
LightGBM,Screening2,20,5,2,1.1099,74.2362,98.152,0.9458,51.82,2.0162,54.72,2021-05-05,2021-05-13,2022-11-08,rate_hike_cycle_2022
LightGBM,Screening2,20,5,3,0.9275,63.8214,87.0125,0.686,49.48,1.7248,54.55,2022-06-15,2022-06-23,2023-12-19,rate_hike_cycle_2022
LightGBM,Screening2,20,5,4,0.9508,68.3528,90.6434,0.8724,52.08,1.8713,51.82,2023-07-26,2023-08-03,2025-01-28,
LightGBM,Screening2,20,20,0,3.0746,161.905,261.4977,0.8575,49.34,4.9514,49.3,2019-02-13,2019-03-14,2020-09-08,covid_crash
LightGBM,Screening2,20,20,1,2.7929,154.5199,213.0828,0.8571,47.49,4.5002,48.94,2020-03-20,2020-04-20,2021-10-14,covid_crash
LightGBM,Screening2,20,20,2,2.539,172.3599,233.1943,0.669,48.28,4.6745,45.19,2021-04-27,2021-05-26,2022-11-21,rate_hike_cycle_2022
LightGBM,Screening2,20,20,3,1.5916,110.0056,136.9661,0.2336,47.49,2.9806,46.39,2022-06-02,2022-07-01,2023-12-27,rate_hike_cycle_2022
LightGBM,Screening2,20,20,4,1.7232,124.7836,180.5739,0.4937,49.87,3.4101,53.21,2023-07-10,2023-08-08,2025-01-31,
LightGBM,Screening2,120,1,0,0.8314,45.3611,64.1503,0.9915,52.32,1.3872,49.32,2019-02-13,2019-02-15,2020-08-12,covid_crash
LightGBM,Screening2,120,1,1,0.8446,46.222,62.038,0.9888,50.52,1.3309,47.87,2020-03-26,2020-03-30,2021-09-23,covid_crash
LightGBM,Screening2,120,1,2,0.6412,42.7365,54.5894,0.9834,51.03,1.1612,59.43,2021-05-07,2021-05-11,2022-11-04,rate_hike_cycle_2022
LightGBM,Screening2,120,1,3,0.5384,37.0833,47.7847,0.9066,49.23,1.001,52.48,2022-06-20,2022-06-22,2023-12-18,rate_hike_cycle_2022
LightGBM,Screening2,120,1,4,0.5626,40.4279,53.7686,0.9546,51.03,1.107,52.25,2023-08-01,2023-08-03,2025-01-28,
LightGBM,Screening2,120,5,0,1.4849,80.682,125.5172,0.9675,49.22,2.4674,48.61,2019-02-13,2019-02-21,2020-08-18,covid_crash
LightGBM,Screening2,120,5,1,1.3062,71.8833,101.8015,0.9693,54.43,2.0773,60.87,2020-03-25,2020-04-02,2021-09-28,covid_crash
LightGBM,Screening2,120,5,2,1.033,69.0704,91.9987,0.9524,51.56,1.8759,58.49,2021-05-05,2021-05-13,2022-11-08,rate_hike_cycle_2022
LightGBM,Screening2,120,5,3,0.9643,66.3823,90.4709,0.6606,47.92,1.794,47.47,2022-06-15,2022-06-23,2023-12-19,rate_hike_cycle_2022
LightGBM,Screening2,120,5,4,0.9138,65.6013,87.1237,0.8821,51.82,1.796,52.73,2023-07-26,2023-08-03,2025-01-28,
LightGBM,Screening2,120,20,0,2.7945,147.8009,249.0279,0.8708,49.34,4.52,49.3,2019-02-13,2019-03-14,2020-09-08,covid_crash
LightGBM,Screening2,120,20,1,2.7711,153.9839,202.876,0.8705,49.08,4.4846,51.06,2020-03-20,2020-04-20,2021-10-14,covid_crash
LightGBM,Screening2,120,20,2,2.1827,147.4853,193.4037,0.7723,50.4,3.9999,47.12,2021-04-27,2021-05-26,2022-11-21,rate_hike_cycle_2022
LightGBM,Screening2,120,20,3,1.7447,120.2169,149.293,0.0894,51.72,3.2572,51.55,2022-06-02,2022-07-01,2023-12-27,rate_hike_cycle_2022
LightGBM,Screening2,120,20,4,1.4527,104.9434,144.7292,0.6748,52.77,2.8679,55.96,2023-07-10,2023-08-08,2025-01-31,
LightGBM,All_Commodity_STI,20,1,0,0.8228,44.8447,65.0884,0.9913,55.67,1.3714,56.16,2019-02-13,2019-02-15,2020-08-12,covid_crash
LightGBM,All_Commodity_STI,20,1,1,0.823,45.0175,60.4861,0.9894,55.41,1.2963,57.45,2020-03-26,2020-03-30,2021-09-23,covid_crash
LightGBM,All_Commodity_STI,20,1,2,0.6472,43.017,53.8033,0.9839,51.55,1.1688,46.23,2021-05-07,2021-05-11,2022-11-04,rate_hike_cycle_2022
LightGBM,All_Commodity_STI,20,1,3,0.5379,37.0411,47.6192,0.9072,52.32,0.9999,56.44,2022-06-20,2022-06-22,2023-12-18,rate_hike_cycle_2022
LightGBM,All_Commodity_STI,20,1,4,0.5758,41.4171,55.1848,0.9522,54.12,1.1341,49.55,2023-08-01,2023-08-03,2025-01-28,
LightGBM,All_Commodity_STI,20,5,0,1.5068,81.2782,133.5927,0.9632,52.08,2.4856,48.61,2019-02-13,2019-02-21,2020-08-18,covid_crash
LightGBM,All_Commodity_STI,20,5,1,1.2764,70.3631,99.401,0.9708,53.39,2.0334,57.61,2020-03-25,2020-04-02,2021-09-28,covid_crash
LightGBM,All_Commodity_STI,20,5,2,1.0546,70.3529,92.4515,0.9519,50.78,1.9107,56.6,2021-05-05,2021-05-13,2022-11-08,rate_hike_cycle_2022
LightGBM,All_Commodity_STI,20,5,3,0.9264,63.6817,88.7285,0.6735,51.82,1.721,55.56,2022-06-15,2022-06-23,2023-12-19,rate_hike_cycle_2022
LightGBM,All_Commodity_STI,20,5,4,0.9107,65.3808,87.8097,0.8802,51.56,1.7899,56.36,2023-07-26,2023-08-03,2025-01-28,
LightGBM,All_Commodity_STI,20,20,0,3.1685,166.6081,266.6002,0.8519,49.34,5.0952,49.3,2019-02-13,2019-03-14,2020-09-08,covid_crash
LightGBM,All_Commodity_STI,20,20,1,2.8232,156.8346,212.2002,0.8583,48.02,4.5676,46.81,2020-03-20,2020-04-20,2021-10-14,covid_crash
LightGBM,All_Commodity_STI,20,20,2,2.5568,172.9719,225.8965,0.6894,47.76,4.6911,49.04,2021-04-27,2021-05-26,2022-11-21,rate_hike_cycle_2022
LightGBM,All_Commodity_STI,20,20,3,1.709,117.9895,149.1215,0.0915,51.72,3.1969,47.42,2022-06-02,2022-07-01,2023-12-27,rate_hike_cycle_2022
LightGBM,All_Commodity_STI,20,20,4,1.8391,133.4468,196.2444,0.402,49.87,3.6469,49.54,2023-07-10,2023-08-08,2025-01-31,
LightGBM,All_Commodity_STI,120,1,0,0.8418,45.934,65.1174,0.9912,52.32,1.4047,54.79,2019-02-13,2019-02-15,2020-08-12,covid_crash
LightGBM,All_Commodity_STI,120,1,1,0.8383,45.8635,61.1993,0.9891,46.13,1.3206,43.62,2020-03-26,2020-03-30,2021-09-23,covid_crash
LightGBM,All_Commodity_STI,120,1,2,0.644,42.806,53.5777,0.984,50.77,1.1631,58.49,2021-05-07,2021-05-11,2022-11-04,rate_hike_cycle_2022
LightGBM,All_Commodity_STI,120,1,3,0.5562,38.305,49.3467,0.9004,48.97,1.034,46.53,2022-06-20,2022-06-22,2023-12-18,rate_hike_cycle_2022
LightGBM,All_Commodity_STI,120,1,4,0.5652,40.6467,53.3634,0.9553,53.87,1.113,59.46,2023-08-01,2023-08-03,2025-01-28,
LightGBM,All_Commodity_STI,120,5,0,1.4526,78.7235,125.1773,0.9677,52.08,2.4075,54.17,2019-02-13,2019-02-21,2020-08-18,covid_crash
LightGBM,All_Commodity_STI,120,5,1,1.3395,73.391,103.5041,0.9683,52.34,2.1209,59.78,2020-03-25,2020-04-02,2021-09-28,covid_crash
LightGBM,All_Commodity_STI,120,5,2,1.0196,67.8562,88.8458,0.9556,53.39,1.8429,61.32,2021-05-05,2021-05-13,2022-11-08,rate_hike_cycle_2022
LightGBM,All_Commodity_STI,120,5,3,0.8826,60.7551,82.9916,0.7144,51.3,1.6419,51.52,2022-06-15,2022-06-23,2023-12-19,rate_hike_cycle_2022
LightGBM,All_Commodity_STI,120,5,4,0.902,64.7898,84.0092,0.8904,50.0,1.7737,58.18,2023-07-26,2023-08-03,2025-01-28,
LightGBM,All_Commodity_STI,120,20,0,2.8466,151.2473,247.452,0.8724,52.51,4.6254,50.7,2019-02-13,2019-03-14,2020-09-08,covid_crash
LightGBM,All_Commodity_STI,120,20,1,2.8467,158.1301,207.0902,0.865,46.97,4.6053,51.06,2020-03-20,2020-04-20,2021-10-14,covid_crash
LightGBM,All_Commodity_STI,120,20,2,2.3317,157.956,205.8134,0.7421,48.28,4.2839,47.12,2021-04-27,2021-05-26,2022-11-21,rate_hike_cycle_2022
LightGBM,All_Commodity_STI,120,20,3,2.0962,144.4888,181.3571,-0.3438,49.87,3.9149,48.45,2022-06-02,2022-07-01,2023-12-27,rate_hike_cycle_2022
LightGBM,All_Commodity_STI,120,20,4,1.5872,114.7337,150.1223,0.6501,47.76,3.1355,49.54,2023-07-10,2023-08-08,2025-01-31,
LightGBM,All_Macro_no_UST,20,1,0,0.8391,45.7477,65.3839,0.9912,54.12,1.3991,46.58,2019-02-13,2019-02-15,2020-08-12,covid_crash
LightGBM,All_Macro_no_UST,20,1,1,0.8303,45.3719,59.8787,0.9896,51.55,1.3065,54.26,2020-03-26,2020-03-30,2021-09-23,covid_crash
LightGBM,All_Macro_no_UST,20,1,2,0.6202,41.1851,53.6168,0.984,50.52,1.119,48.11,2021-05-07,2021-05-11,2022-11-04,rate_hike_cycle_2022
LightGBM,All_Macro_no_UST,20,1,3,0.5379,37.0338,48.7364,0.9028,50.26,0.9997,50.5,2022-06-20,2022-06-22,2023-12-18,rate_hike_cycle_2022
LightGBM,All_Macro_no_UST,20,1,4,0.5928,42.5659,56.0763,0.9507,52.84,1.1655,52.25,2023-08-01,2023-08-03,2025-01-28,
LightGBM,All_Macro_no_UST,20,5,0,1.5509,84.1207,131.783,0.9642,48.7,2.5726,40.28,2019-02-13,2019-02-21,2020-08-18,covid_crash
LightGBM,All_Macro_no_UST,20,5,1,1.248,68.6301,99.4843,0.9707,52.08,1.9833,60.87,2020-03-25,2020-04-02,2021-09-28,covid_crash
LightGBM,All_Macro_no_UST,20,5,2,1.0041,66.9064,87.7538,0.9567,52.08,1.8171,59.43,2021-05-05,2021-05-13,2022-11-08,rate_hike_cycle_2022
LightGBM,All_Macro_no_UST,20,5,3,0.9562,65.7602,87.7867,0.6804,48.44,1.7772,45.45,2022-06-15,2022-06-23,2023-12-19,rate_hike_cycle_2022
LightGBM,All_Macro_no_UST,20,5,4,0.9648,69.0681,91.1552,0.8709,49.74,1.8909,52.73,2023-07-26,2023-08-03,2025-01-28,
LightGBM,All_Macro_no_UST,20,20,0,3.0473,160.3586,259.053,0.8602,47.76,4.9041,45.07,2019-02-13,2019-03-14,2020-09-08,covid_crash
LightGBM,All_Macro_no_UST,20,20,1,2.7574,152.7418,204.0417,0.869,46.97,4.4484,48.94,2020-03-20,2020-04-20,2021-10-14,covid_crash
LightGBM,All_Macro_no_UST,20,20,2,2.1137,141.5,180.8127,0.801,48.02,3.8376,48.08,2021-04-27,2021-05-26,2022-11-21,rate_hike_cycle_2022
LightGBM,All_Macro_no_UST,20,20,3,1.5218,104.6808,124.7995,0.3637,51.45,2.8363,50.52,2022-06-02,2022-07-01,2023-12-27,rate_hike_cycle_2022
LightGBM,All_Macro_no_UST,20,20,4,1.545,111.7644,169.4928,0.5539,52.51,3.0543,55.05,2023-07-10,2023-08-08,2025-01-31,
LightGBM,All_Macro_no_UST,120,1,0,0.8615,46.9586,65.6689,0.9911,49.48,1.4361,43.84,2019-02-13,2019-02-15,2020-08-12,covid_crash
LightGBM,All_Macro_no_UST,120,1,1,0.8595,47.0981,62.3912,0.9887,49.74,1.3562,45.74,2020-03-26,2020-03-30,2021-09-23,covid_crash
LightGBM,All_Macro_no_UST,120,1,2,0.6075,40.3315,51.5609,0.9852,51.03,1.0958,50.94,2021-05-07,2021-05-11,2022-11-04,rate_hike_cycle_2022
LightGBM,All_Macro_no_UST,120,1,3,0.5463,37.613,48.8062,0.9026,46.91,1.0153,45.54,2022-06-20,2022-06-22,2023-12-18,rate_hike_cycle_2022
LightGBM,All_Macro_no_UST,120,1,4,0.5773,41.4818,54.5747,0.9533,54.38,1.1359,56.76,2023-08-01,2023-08-03,2025-01-28,
LightGBM,All_Macro_no_UST,120,5,0,1.5397,83.5719,128.3169,0.966,48.96,2.5558,41.67,2019-02-13,2019-02-21,2020-08-18,covid_crash
LightGBM,All_Macro_no_UST,120,5,1,1.35,75.0489,105.4881,0.9671,52.86,2.1688,55.43,2020-03-25,2020-04-02,2021-09-28,covid_crash
LightGBM,All_Macro_no_UST,120,5,2,0.9407,62.898,83.6532,0.9606,54.69,1.7082,55.66,2021-05-05,2021-05-13,2022-11-08,rate_hike_cycle_2022
LightGBM,All_Macro_no_UST,120,5,3,0.9309,64.0624,86.8457,0.6872,50.78,1.7313,44.44,2022-06-15,2022-06-23,2023-12-19,rate_hike_cycle_2022
LightGBM,All_Macro_no_UST,120,5,4,0.954,68.3501,88.8737,0.8773,48.7,1.8712,50.91,2023-07-26,2023-08-03,2025-01-28,
LightGBM,All_Macro_no_UST,120,20,0,2.8881,153.234,251.3831,0.8683,52.77,4.6862,45.07,2019-02-13,2019-03-14,2020-09-08,covid_crash
LightGBM,All_Macro_no_UST,120,20,1,2.7888,155.5113,211.9488,0.8586,49.08,4.529,50.0,2020-03-20,2020-04-20,2021-10-14,covid_crash
LightGBM,All_Macro_no_UST,120,20,2,1.7928,121.2993,157.7759,0.8485,50.13,3.2897,47.12,2021-04-27,2021-05-26,2022-11-21,rate_hike_cycle_2022
LightGBM,All_Macro_no_UST,120,20,3,1.6552,113.8087,145.7934,0.1316,50.66,3.0836,48.45,2022-06-02,2022-07-01,2023-12-27,rate_hike_cycle_2022
LightGBM,All_Macro_no_UST,120,20,4,1.7612,126.9647,170.6153,0.548,48.55,3.4697,48.62,2023-07-10,2023-08-08,2025-01-31,
LightGBM,All_Covariates,20,1,0,0.8199,44.7888,63.997,0.9915,54.38,1.3697,54.79,2019-02-13,2019-02-15,2020-08-12,covid_crash
LightGBM,All_Covariates,20,1,1,0.8204,44.8624,60.1938,0.9895,52.84,1.2918,54.26,2020-03-26,2020-03-30,2021-09-23,covid_crash
LightGBM,All_Covariates,20,1,2,0.6498,43.1942,54.6374,0.9834,50.0,1.1736,50.94,2021-05-07,2021-05-11,2022-11-04,rate_hike_cycle_2022
LightGBM,All_Covariates,20,1,3,0.5497,37.8769,48.0588,0.9055,52.32,1.0224,60.4,2022-06-20,2022-06-22,2023-12-18,rate_hike_cycle_2022
LightGBM,All_Covariates,20,1,4,0.5776,41.5138,54.5145,0.9534,55.93,1.1367,55.86,2023-08-01,2023-08-03,2025-01-28,
LightGBM,All_Covariates,20,5,0,1.4905,80.3365,130.6542,0.9648,48.7,2.4568,47.22,2019-02-13,2019-02-21,2020-08-18,covid_crash
LightGBM,All_Covariates,20,5,1,1.2517,68.8664,98.1524,0.9715,53.39,1.9901,52.17,2020-03-25,2020-04-02,2021-09-28,covid_crash
LightGBM,All_Covariates,20,5,2,1.0493,69.955,94.358,0.9499,53.12,1.8999,59.43,2021-05-05,2021-05-13,2022-11-08,rate_hike_cycle_2022
LightGBM,All_Covariates,20,5,3,1.0588,72.9681,98.2128,0.6,45.31,1.972,43.43,2022-06-15,2022-06-23,2023-12-19,rate_hike_cycle_2022
LightGBM,All_Covariates,20,5,4,0.9646,69.4172,92.7743,0.8663,50.52,1.9004,53.64,2023-07-26,2023-08-03,2025-01-28,
LightGBM,All_Covariates,20,20,0,3.1511,164.531,269.6089,0.8485,48.55,5.0317,45.07,2019-02-13,2019-03-14,2020-09-08,covid_crash
LightGBM,All_Covariates,20,20,1,2.6882,149.9965,206.0046,0.8664,47.76,4.3684,47.87,2020-03-20,2020-04-20,2021-10-14,covid_crash
LightGBM,All_Covariates,20,20,2,2.6428,180.2204,243.4875,0.6391,46.97,4.8877,48.08,2021-04-27,2021-05-26,2022-11-21,rate_hike_cycle_2022
LightGBM,All_Covariates,20,20,3,2.1375,148.1639,192.8855,-0.52,48.28,4.0145,50.52,2022-06-02,2022-07-01,2023-12-27,rate_hike_cycle_2022
LightGBM,All_Covariates,20,20,4,1.6978,123.1518,179.4333,0.5001,48.55,3.3655,51.38,2023-07-10,2023-08-08,2025-01-31,
LightGBM,All_Covariates,120,1,0,0.8161,44.3578,63.71,0.9916,56.44,1.3565,56.16,2019-02-13,2019-02-15,2020-08-12,covid_crash
LightGBM,All_Covariates,120,1,1,0.8353,45.8041,60.7515,0.9893,52.06,1.3189,52.13,2020-03-26,2020-03-30,2021-09-23,covid_crash
LightGBM,All_Covariates,120,1,2,0.6441,42.9743,54.181,0.9836,50.52,1.1676,60.38,2021-05-07,2021-05-11,2022-11-04,rate_hike_cycle_2022
LightGBM,All_Covariates,120,1,3,0.5612,38.6744,49.6224,0.8993,48.71,1.0439,44.55,2022-06-20,2022-06-22,2023-12-18,rate_hike_cycle_2022
LightGBM,All_Covariates,120,1,4,0.5829,41.8885,55.5286,0.9516,47.68,1.147,47.75,2023-08-01,2023-08-03,2025-01-28,
LightGBM,All_Covariates,120,5,0,1.4643,79.1812,125.4686,0.9675,52.08,2.4215,52.78,2019-02-13,2019-02-21,2020-08-18,covid_crash
LightGBM,All_Covariates,120,5,1,1.2452,68.623,96.8575,0.9723,54.95,1.9831,64.13,2020-03-25,2020-04-02,2021-09-28,covid_crash
LightGBM,All_Covariates,120,5,2,1.0707,71.7134,93.438,0.9509,49.22,1.9477,52.83,2021-05-05,2021-05-13,2022-11-08,rate_hike_cycle_2022
LightGBM,All_Covariates,120,5,3,1.0909,75.1614,99.0174,0.5934,45.05,2.0313,46.46,2022-06-15,2022-06-23,2023-12-19,rate_hike_cycle_2022
LightGBM,All_Covariates,120,5,4,0.9918,71.161,91.8727,0.8689,48.96,1.9482,51.82,2023-07-26,2023-08-03,2025-01-28,
LightGBM,All_Covariates,120,20,0,2.6148,138.2548,229.1529,0.8906,52.24,4.2281,52.11,2019-02-13,2019-03-14,2020-09-08,covid_crash
LightGBM,All_Covariates,120,20,1,2.6433,146.9181,193.5779,0.8821,50.4,4.2788,48.94,2020-03-20,2020-04-20,2021-10-14,covid_crash
LightGBM,All_Covariates,120,20,2,2.3535,161.3925,219.5566,0.7066,49.34,4.3771,51.92,2021-04-27,2021-05-26,2022-11-21,rate_hike_cycle_2022
LightGBM,All_Covariates,120,20,3,2.34,162.1475,214.5727,-0.8811,51.45,4.3933,48.45,2022-06-02,2022-07-01,2023-12-27,rate_hike_cycle_2022
LightGBM,All_Covariates,120,20,4,1.5194,109.6677,157.7516,0.6136,53.56,2.997,57.8,2023-07-10,2023-08-08,2025-01-31,
